id,name,operator,state,city,address,latitude,longitude,charger_type,speed_tier,power_kw,voltage,operating_hours,pricing,total_slots,available_slots,occupied_slots,maintenance_slots,status,connectors,amenities
STN-IND-0001,Neelkanth Star DC Charging Station,Public EV Network,Haryana,Gurugram,"Neelkanth Star Karnal, NH 44, Gharunda, Kutail, Haryana 132114",29.6019,76.9803,DC Fast Charger,Superfast,60,400V - 800V DC,24/7 Always Open,₹18 - ₹22 / kWh,4,3,1,0,Available,CCS-2 (60 kW DC); CHAdeMO (50 kW DC); Bharat DC-001 (15 kW),24/7 Security; EV Signs; Parking
STN-IND-0002,Galleria DC Charging Station,Public EV Network,Haryana,Gurugram,"DLF Phase IV, Sector 28, Gurugram, Haryana 122022",28.4673,77.0818,DC Fast Charger,Superfast,60,400V - 800V DC,24/7 Always Open,₹18 - ₹22 / kWh,4,1,3,0,Available,CCS-2 (60 kW DC); CHAdeMO (50 kW DC); Bharat DC-001 (15 kW),24/7 Security; EV Signs; Parking
STN-IND-0003,Highway Xpress (Jaipur-Delhi) DC charging station,Public EV Network,Rajasthan,Behror,"Jaipur to Delhi Road, Behror Midway, Behror, Rajasthan 301701",27.8751,76.276,DC Fast Charger,Superfast,60,400V - 800V DC,24/7 Always Open,₹18 - ₹22 / kWh,4,2,1,1,Available,CCS-2 (60 kW DC); CHAdeMO (50 kW DC); Bharat DC-001 (15 kW),24/7 Security; EV Signs; Parking
STN-IND-0004,Food Carnival DC Charging Station,Public EV Network,Uttar Pradesh,Khatauli,"Fun and Food Carnival, NH 58, Khatauli Bypass, Bhainsi, Uttar Pradesh 251201",29.3105,77.7218,DC Fast Charger,Superfast,60,400V - 800V DC,24/7 Always Open,₹18 - ₹22 / kWh,4,2,2,0,Available,CCS-2 (60 kW DC); CHAdeMO (50 kW DC); Bharat DC-001 (15 kW),24/7 Security; Dining / Cafe; EV Signs; Parking; Restroom
STN-IND-0005,Krishna Hansraj Hotel Una DC charging station,Public EV Network,Himachal Pradesh,Una,"Old Hoshiarpur Rd, Una, Himachal Pradesh 174303",31.4668,76.2568,DC Fast Charger,Superfast,60,400V - 800V DC,24/7 Always Open,₹18 - ₹22 / kWh,4,4,0,0,Available,CCS-2 (60 kW DC); CHAdeMO (50 kW DC); Bharat DC-001 (15 kW),24/7 Security; Dining / Cafe; EV Signs; Parking; Restroom
STN-IND-0006,SG Jabli DC Charging Station,Public EV Network,Himachal Pradesh,Kasauli,"VPO - Jabli, NH-22, Teh, Kasauli, Himachal Pradesh",30.879,76.9948,DC Fast Charger,Superfast,60,400V - 800V DC,24/7 Always Open,₹18 - ₹22 / kWh,4,3,1,0,Available,CCS-2 (60 kW DC); CHAdeMO (50 kW DC); Bharat DC-001 (15 kW),24/7 Security; EV Signs; Parking
STN-IND-0007,SG Karnal DC Charging Station,Public EV Network,Haryana,Karnal,"131 km Milestone, G. T, GT Karnal Rd, near Karna Lake, Karnal, Haryana 132001",29.7379,76.9756,DC Fast Charger,Superfast,60,400V - 800V DC,24/7 Always Open,₹18 - ₹22 / kWh,4,1,3,0,Available,CCS-2 (60 kW DC); CHAdeMO (50 kW DC); Bharat DC-001 (15 kW),24/7 Security; EV Signs; Parking
STN-IND-0008,Deep Brothers IOCL AC Charging Station,IOCL Green,Haryana,Darbaripur,"Deep Brothers, Palra Road, Darbaripur",28.3861,77.0063,Dual AC/DC Fast,Fast,30,415V AC / 400V DC,24/7 Always Open,₹15 - ₹19 / kWh,4,2,1,1,Available,CCS-2 (30 kW DC); Type 2 AC (22 kW); Bharat DC-001 (15 kW),24/7 Security; Air Pump; Convenience Store; EV Signs; Parking; Restroom
STN-IND-0009,Synergy Solutions AC Charging Station 2,Public EV Network,Maharashtra,Pune,"Synergy Solutions, Shop No 9 , Modak Prasad, 410, Narayan Peth,Pune",18.538,73.8485,Dual AC/DC Fast,Fast,30,415V AC / 400V DC,24/7 Always Open,₹15 - ₹19 / kWh,4,2,2,0,Available,CCS-2 (30 kW DC); Type 2 AC (22 kW); Bharat DC-001 (15 kW),24/7 Security; EV Signs; Parking
STN-IND-0010,IOCL Rajokri Station,IOCL Green,Delhi,New Delhi,"NH 8 Exit 4, Samalka, New Delhi, Delhi 110037",28.5248,77.101,DC Fast Charger,Superfast,60,400V - 800V DC,24/7 Always Open,₹18 - ₹22 / kWh,4,4,0,0,Available,CCS-2 (60 kW DC); CHAdeMO (50 kW DC); Bharat DC-001 (15 kW),24/7 Security; Air Pump; Convenience Store; EV Signs; Parking; Restroom
STN-IND-0011,VEEV A2B Kallar,VEEV Network,Tamil Nadu,Mettupalayam,"A2B, Kallar Road, Mettupalayam, Tamil Nadu",11.3217,76.9163,DC Fast Charger,Superfast,60,400V - 800V DC,24/7 Always Open,₹18 - ₹22 / kWh,4,3,1,0,Available,CCS-2 (60 kW DC); CHAdeMO (50 kW DC); Bharat DC-001 (15 kW),24/7 Security; EV Signs; Parking
STN-IND-0012,VEEV Sathya Nursery,VEEV Network,Tamil Nadu,Mettupalayam,"Kallar, Mettupalayam, Tamil Nadu",11.33,76.9027,DC Fast Charger,Superfast,60,400V - 800V DC,24/7 Always Open,₹18 - ₹22 / kWh,4,1,3,0,Available,CCS-2 (60 kW DC); CHAdeMO (50 kW DC); Bharat DC-001 (15 kW),24/7 Security; EV Signs; Parking
STN-IND-0013,IOCL Nehru Nagar Station,IOCL Green,Delhi,New Delhi,"10-C, Nehru Nagar, Ring Rd, near Lajpat Nagar, New Delhi, Delhi 110065",28.5682,77.2531,DC Fast Charger,Superfast,60,400V - 800V DC,24/7 Always Open,₹18 - ₹22 / kWh,4,2,1,1,Available,CCS-2 (60 kW DC); CHAdeMO (50 kW DC); Bharat DC-001 (15 kW),24/7 Security; Air Pump; Convenience Store; EV Signs; Parking; Restroom
STN-IND-0014,IOCL Mathura Road,IOCL Green,Delhi,New Delhi,"No A12, Mathura Rd, near Telephone Exchange, Friends Colony East, New Delhi, Delhi 110025",28.566,77.2664,DC Fast Charger,Superfast,60,400V - 800V DC,24/7 Always Open,₹18 - ₹22 / kWh,4,2,2,0,Available,CCS-2 (60 kW DC); CHAdeMO (50 kW DC); Bharat DC-001 (15 kW),24/7 Security; Air Pump; Convenience Store; EV Signs; Parking; Restroom
STN-IND-0015,IOCL Chahar AC Charging Station,IOCL Green,Haryana,Gurugram,"Basai Rd, Vikas Nagar, Sector 9, Gurugram, Haryana 122018",28.456,77.001,Dual AC/DC Fast,Fast,30,415V AC / 400V DC,24/7 Always Open,₹15 - ₹19 / kWh,4,4,0,0,Available,CCS-2 (30 kW DC); Type 2 AC (22 kW); Bharat DC-001 (15 kW),24/7 Security; Air Pump; Convenience Store; EV Signs; Parking; Restroom
STN-IND-0016,Kothari Enterprises  AC1,Public EV Network,Maharashtra,Khopoli,"Kothari Brothers, Laxminagar, Khopoli, Maharashtra 410203",18.7876,73.3475,Dual AC/DC Fast,Fast,30,415V AC / 400V DC,24/7 Always Open,₹15 - ₹19 / kWh,4,3,1,0,Available,CCS-2 (30 kW DC); Type 2 AC (22 kW); Bharat DC-001 (15 kW),24/7 Security; EV Signs; Parking
STN-IND-0017,Windlass River Valley AC Charging Station,Public EV Network,Uttarakhand,Dehradun,"Windlass River Valley, Harrawala/Kuanwala, Haridwar Road, NH-72, Dehradun, Uttarakhand 248005",30.2482,78.0961,Dual AC/DC Fast,Fast,30,415V AC / 400V DC,24/7 Always Open,₹15 - ₹19 / kWh,4,1,3,0,Available,CCS-2 (30 kW DC); Type 2 AC (22 kW); Bharat DC-001 (15 kW),24/7 Security; EV Signs; Parking
STN-IND-0018,Mindra Polar International AC Station,Mindra EV,Gujarat,Ahmedabad,"Rahul Tower, 4,Vraj Vihar -6 B/H, Prernatirth Derasar Rd, Satellite, Ahmedabad, Gujarat 380015",23.0158,72.5178,Dual AC/DC Fast,Fast,30,415V AC / 400V DC,24/7 Always Open,₹15 - ₹19 / kWh,4,2,1,1,Available,CCS-2 (30 kW DC); Type 2 AC (22 kW); Bharat DC-001 (15 kW),24/7 Security; ATM; EV Signs; Parking; Restroom; Shopping Mall; Wi-Fi
STN-IND-0019,Lonavla Wax Museum DC Charging Station,Public EV Network,Maharashtra,Lonavla,"69/1 near Lonavla College, opp. neeta volvo, Valvan, Lonavla, Maharashtra 410403 M-9766666469",18.763,73.4252,DC Fast Charger,Superfast,60,400V - 800V DC,24/7 Always Open,₹18 - ₹22 / kWh,4,2,2,0,Available,CCS-2 (60 kW DC); CHAdeMO (50 kW DC); Bharat DC-001 (15 kW),24/7 Security; EV Signs; Parking
STN-IND-0020,Heritage City AC Charging Station,Public EV Network,Haryana,Gurugram,"Heritage City 581-600 Flats, Heritage City, Sector 25, Gurugram, Haryana 122022",28.4823,77.0766,Dual AC/DC Fast,Fast,30,415V AC / 400V DC,24/7 Always Open,₹15 - ₹19 / kWh,4,4,0,0,Available,CCS-2 (30 kW DC); Type 2 AC (22 kW); Bharat DC-001 (15 kW),24/7 Security; EV Signs; Parking
STN-IND-0021,Hotel Fairmont Jaipur AC Station,Public EV Network,Rajasthan,Kukas,"Hotel Fairmont Jaipur, Riico, 2, Jaipur Engineering College Rd, Kukas, Rajasthan 302028",27.0307,75.8899,Dual AC/DC Fast,Fast,30,415V AC / 400V DC,24/7 Always Open,₹15 - ₹19 / kWh,4,3,1,0,Available,CCS-2 (30 kW DC); Type 2 AC (22 kW); Bharat DC-001 (15 kW),24/7 Security; Dining / Cafe; EV Signs; Parking; Restroom
STN-IND-0022,The Westin Pushkar AC Charger,Public EV Network,Rajasthan,Pushkar,"The Westin Pushkar Resort & Spa, Khasra No. 1242 1243, 1196/1726, Village Surajkund, Motisar Rd, Pushkar, Rajasthan 305022",26.4547,74.5046,Dual AC/DC Fast,Fast,30,415V AC / 400V DC,24/7 Always Open,₹15 - ₹19 / kWh,4,1,3,0,Available,CCS-2 (30 kW DC); Type 2 AC (22 kW); Bharat DC-001 (15 kW),24/7 Security; Dining / Cafe; EV Signs; Parking; Restroom
STN-IND-0023,WeWork Circle Demo,Public EV Network,Haryana,Gurugram,"4th Floor, The Galaxy Hotel, Behind 32nd Milestone Off NH 8, Sector 15, Gurugram, Haryana 122001",28.4632,77.049,DC Fast Charger,Superfast,60,400V - 800V DC,24/7 Always Open,₹18 - ₹22 / kWh,4,2,1,1,Available,CCS-2 (60 kW DC); CHAdeMO (50 kW DC); Bharat DC-001 (15 kW),24/7 Security; Dining / Cafe; EV Signs; Parking; Restroom
STN-IND-0024,Karma Lakelands AC Charger,Public EV Network,Haryana,Gurugram,"Karma Lakeland, NH-8, Sector 80, Gurugram, Haryana 122002",28.3639,76.9607,Dual AC/DC Fast,Fast,30,415V AC / 400V DC,24/7 Always Open,₹15 - ₹19 / kWh,4,2,2,0,Available,CCS-2 (30 kW DC); Type 2 AC (22 kW); Bharat DC-001 (15 kW),24/7 Security; EV Signs; Parking
STN-IND-0025,Statiq RnD Centre AC Charging Station,Statiq,Haryana,Gurugram,"Statiq RnD Centre, Plot 80A, Phase V, Udyog Vihar, Sector 19, Gurugram, Haryana 122017",28.4997,77.0839,Dual AC/DC Fast,Fast,30,415V AC / 400V DC,24/7 Always Open,₹15 - ₹19 / kWh,4,4,0,0,Available,CCS-2 (30 kW DC); Type 2 AC (22 kW); Bharat DC-001 (15 kW),24/7 Security; EV Signs; Parking
STN-IND-0026,JMD Gardens,Public EV Network,Haryana,Gurugram,"Unnamed Road, Sector 33, Gurugram, Haryana 122018",28.4336,77.0349,DC Fast Charger,Superfast,60,400V - 800V DC,24/7 Always Open,₹18 - ₹22 / kWh,4,3,1,0,Available,CCS-2 (60 kW DC); CHAdeMO (50 kW DC); Bharat DC-001 (15 kW),24/7 Security; EV Signs; Parking
STN-IND-0027,Mindra Crispy Culture AC Charging Station,Mindra EV,Gujarat,Ahmedabad,"Narayan Nagar Society, Narayan Nagar, Ahmedabad, Gujarat 380007",22.9989,72.5594,Dual AC/DC Fast,Fast,30,415V AC / 400V DC,24/7 Always Open,₹15 - ₹19 / kWh,4,1,3,0,Available,CCS-2 (30 kW DC); Type 2 AC (22 kW); Bharat DC-001 (15 kW),24/7 Security; EV Signs; Parking
STN-IND-0028,IOCL Dhaula Kuan Charging Station,IOCL Green,Delhi,New Delhi,"Ring Rd, opposite Gurudwara, Smriti Vatika, North West Moti Bagh, New Delhi, Delhi 110021",28.5874,77.1713,DC Fast Charger,Superfast,60,400V - 800V DC,24/7 Always Open,₹18 - ₹22 / kWh,4,2,1,1,Available,CCS-2 (60 kW DC); CHAdeMO (50 kW DC); Bharat DC-001 (15 kW),24/7 Security; Air Pump; Convenience Store; EV Signs; Parking; Restroom
STN-IND-0029,Tellus Power DC Charging Station,Public EV Network,Maharashtra,Pune,"AH47, Maharashtra 415406",17.0749,74.2227,DC Fast Charger,Superfast,60,400V - 800V DC,24/7 Always Open,₹18 - ₹22 / kWh,4,2,2,0,Available,CCS-2 (60 kW DC); CHAdeMO (50 kW DC); Bharat DC-001 (15 kW),24/7 Security; EV Signs; Parking
STN-IND-0030,RSTV Charging Hub Meerut,Public EV Network,Uttar Pradesh,Meerut,"Meerut, Uttar Pradesh 250001",28.9955,77.7057,DC Fast Charger,Superfast,60,400V - 800V DC,24/7 Always Open,₹18 - ₹22 / kWh,4,4,0,0,Available,CCS-2 (60 kW DC); CHAdeMO (50 kW DC); Bharat DC-001 (15 kW),24/7 Security; EV Signs; Parking
STN-IND-0031,Synergy Solutions AC Charging Station 1,Public EV Network,Maharashtra,Pune,"office 9. Modak Prasad ,Oppo Rastrabhasha Bhavan",18.5145,73.8489,Dual AC/DC Fast,Fast,30,415V AC / 400V DC,24/7 Always Open,₹15 - ₹19 / kWh,4,3,1,0,Available,CCS-2 (30 kW DC); Type 2 AC (22 kW); Bharat DC-001 (15 kW),24/7 Security; EV Signs; Parking
STN-IND-0032,Inspacco Circle Station,Public EV Network,Maharashtra,Pune,"Shreenath Society, Veerbhadra Nagar, Baner, Pune, Maharashtra 411045",18.5619,73.7718,Dual AC/DC Fast,Fast,30,415V AC / 400V DC,24/7 Always Open,₹15 - ₹19 / kWh,4,1,3,0,Available,CCS-2 (30 kW DC); Type 2 AC (22 kW); Bharat DC-001 (15 kW),24/7 Security; EV Signs; Parking
STN-IND-0033,Circle Test Station Goa,Public EV Network,Goa,Pune,"Isidorio Baptista Rd, Pajifond, Margao, Goa 403601",15.2735,73.959,DC Fast Charger,Superfast,60,400V - 800V DC,24/7 Always Open,₹18 - ₹22 / kWh,4,2,1,1,Available,CCS-2 (60 kW DC); CHAdeMO (50 kW DC); Bharat DC-001 (15 kW),24/7 Security; EV Signs; Parking
STN-IND-0034,Mindra D S Fasteners Charging Station,Mindra EV,Gujarat,Pune,"National Highway 27 (8B), Opp. 80 ft. Road End, Opp. K.S. Diesels, Rajkot-360 003, Gujarat, India",22.473,70.895,DC Fast Charger,Superfast,60,400V - 800V DC,24/7 Always Open,₹18 - ₹22 / kWh,4,2,2,0,Available,CCS-2 (60 kW DC); CHAdeMO (50 kW DC); Bharat DC-001 (15 kW),24/7 Security; EV Signs; Parking
STN-IND-0035,HP Mira Bhayandar DC Charging Station,HPCL Energy,Maharashtra,Mira Bhayandar,"NH-8, Mashachapada, Mira Road, Mira Bhayandar, Maharashtra",19.2747,72.8856,DC Fast Charger,Superfast,60,400V - 800V DC,24/7 Always Open,₹18 - ₹22 / kWh,4,4,0,0,Available,CCS-2 (60 kW DC); CHAdeMO (50 kW DC); Bharat DC-001 (15 kW),24/7 Security; Air Pump; Convenience Store; EV Signs; Parking; Restroom
STN-IND-0036,HP Pitam Pura DC Charging Station,HPCL Energy,Delhi,New Delhi,"HP PETROL PUMP - AUTO CARE CENTRE PITAM PURA, Pitampura, Delhi, India",28.6962,77.155,DC Fast Charger,Superfast,60,400V - 800V DC,24/7 Always Open,₹18 - ₹22 / kWh,4,3,1,0,Available,CCS-2 (60 kW DC); CHAdeMO (50 kW DC); Bharat DC-001 (15 kW),24/7 Security; Air Pump; Convenience Store; EV Signs; Parking; Restroom
STN-IND-0037,HPCL Yapral DC Charging Station,HPCL Energy,Telangana,Secunderabad,"Hindustan Petroleum Corporation Limited, Jai Jawahar Nagar, Yapral, Secunderabad, Telangana, India",17.502,78.539,DC Fast Charger,Superfast,60,400V - 800V DC,24/7 Always Open,₹18 - ₹22 / kWh,4,1,3,0,Available,CCS-2 (60 kW DC); CHAdeMO (50 kW DC); Bharat DC-001 (15 kW),24/7 Security; Air Pump; Convenience Store; EV Signs; Parking; Restroom
STN-IND-0038,HP Super Service DC Charging Station,HPCL Energy,Maharashtra,Mumbai,"157, Jeevan Bima Marg, Backbay Reclamation, Churchgate, Mumbai, Maharashtra 400020, India",18.9285,72.8255,DC Fast Charger,Superfast,60,400V - 800V DC,24/7 Always Open,₹18 - ₹22 / kWh,4,2,1,1,Available,CCS-2 (60 kW DC); CHAdeMO (50 kW DC); Bharat DC-001 (15 kW),24/7 Security; Air Pump; Convenience Store; EV Signs; Parking; Restroom
STN-IND-0039,Vrundavan Garden DC Charging Station Nashik,Public EV Network,Maharashtra,Dindori,"Vrundavan Garden, Nashik Dindori Road,Near Shiv Shakti Bharat Petrol pump,Rantale, Dindori, Maharashtra 422202",20.1704,73.8273,DC Fast Charger,Superfast,60,400V - 800V DC,24/7 Always Open,₹18 - ₹22 / kWh,4,2,2,0,Available,CCS-2 (60 kW DC); CHAdeMO (50 kW DC); Bharat DC-001 (15 kW),24/7 Security; Air Pump; Convenience Store; EV Signs; Parking; Restroom
STN-IND-0040,Ganpati Petro DC Charging Station Hisar,Public EV Network,Haryana,Sangli,"Ganpati Petro, Indian Oil Corporation, Opp. Vidut Nagar, Delhi Road, Industrial Area, Hisar, Haryana 125011",29.1332,75.7535,DC Fast Charger,Superfast,60,400V - 800V DC,24/7 Always Open,₹18 - ₹22 / kWh,4,4,0,0,Available,CCS-2 (60 kW DC); CHAdeMO (50 kW DC); Bharat DC-001 (15 kW),24/7 Security; EV Signs; Parking
STN-IND-0041,Ashnni Pilot Circle Station,Public EV Network,Maharashtra,Sangli,"Gangaprasad, parshwanath colony, kuthe mala, dhamni road, Sangli, Maharashtra,  416416",16.8433,74.5859,DC Fast Charger,Superfast,60,400V - 800V DC,24/7 Always Open,₹18 - ₹22 / kWh,4,3,1,0,Available,CCS-2 (60 kW DC); CHAdeMO (50 kW DC); Bharat DC-001 (15 kW),24/7 Security; EV Signs; Parking
STN-IND-0042,AMC AC Charging Station,Public EV Network,Maharashtra,Marunji,"Phase 1, Hinjewadi Rajiv Gandhi Infotech Park, Hinjawadi, Pimpri-Chinchwad, Maharashtra 411057",18.5808,73.7399,Dual AC/DC Fast,Fast,30,415V AC / 400V DC,24/7 Always Open,₹15 - ₹19 / kWh,4,1,3,0,Available,CCS-2 (30 kW DC); Type 2 AC (22 kW); Bharat DC-001 (15 kW),24/7 Security; EV Signs; Parking
STN-IND-0043,RSTV Saharanpur AC Charging Station,Public EV Network,Uttar Pradesh,Saharanpur,"Nanak Puram Colony, Pushpanjali Vihar, Numaish Camp, Saharanpur, Uttar Pradesh 247001",29.977,77.5753,Dual AC/DC Fast,Fast,30,415V AC / 400V DC,24/7 Always Open,₹15 - ₹19 / kWh,4,2,1,1,Available,CCS-2 (30 kW DC); Type 2 AC (22 kW); Bharat DC-001 (15 kW),24/7 Security; Air Pump; Convenience Store; EV Signs; Parking; Restroom
STN-IND-0044,Mindra EV Charger Shott,Mindra EV,Gujarat,Shela,"Shott, Sindhu Bhavan Marg, Opposite Saket-3, Next to SANKALP SQUARE, PRL Colony, Thaltej, Ahmedabad, Gujarat 380059",23.0436,72.4825,DC Fast Charger,Superfast,60,400V - 800V DC,24/7 Always Open,₹18 - ₹22 / kWh,4,2,2,0,Available,CCS-2 (60 kW DC); CHAdeMO (50 kW DC); Bharat DC-001 (15 kW),24/7 Security; ATM; EV Signs; Parking; Restroom; Shopping Mall; Wi-Fi
STN-IND-0045,Highway King Behror Delhi Side DC Charging Station,Public EV Network,Rajasthan,Gajraula,"Highway King Behror, NH 8, 3 Kms from behror towards delhi, Behror, Rajasthan 301701",27.9145,76.3146,DC Fast Charger,Superfast,60,400V - 800V DC,24/7 Always Open,₹18 - ₹22 / kWh,4,4,0,0,Available,CCS-2 (60 kW DC); CHAdeMO (50 kW DC); Bharat DC-001 (15 kW),24/7 Security; EV Signs; Parking
STN-IND-0046,Suket Cafe DC Charging Station Sundar Nagar,Public EV Network,Himachal Pradesh,Gajraula,"Suket Cafe, Pungh, National Highway 21, Sundar Nagar, Himachal Pradesh 175018",31.5153,76.8765,DC Fast Charger,Superfast,60,400V - 800V DC,09:00 AM - 11:00 PM,₹18 - ₹22 / kWh,4,3,1,0,Available,CCS-2 (60 kW DC); CHAdeMO (50 kW DC); Bharat DC-001 (15 kW),Dining / Cafe; EV Signs; Parking; Restroom
STN-IND-0047,McDonald Gajraula DC Charging Station,Public EV Network,Uttar Pradesh,Gajraula,"McDonald Gajraula, NH9-24 Salarpur, Dist, Gajraula, Uttar Pradesh 244235",28.8382,78.2764,DC Fast Charger,Superfast,60,400V - 800V DC,24/7 Always Open,₹18 - ₹22 / kWh,4,1,3,0,Available,CCS-2 (60 kW DC); CHAdeMO (50 kW DC); Bharat DC-001 (15 kW),24/7 Security; EV Signs; Parking
STN-IND-0048,Rani Bagh Resort DC Charging Station,Public EV Network,Rajasthan,Beawar Khas,"Rani Bagh Resort, N.H.8, By Pass Ajmer Road, Beawar, Rajasthan 305901",26.125,74.3459,DC Fast Charger,Superfast,60,400V - 800V DC,24/7 Always Open,₹18 - ₹22 / kWh,4,2,1,1,Available,CCS-2 (60 kW DC); CHAdeMO (50 kW DC); Bharat DC-001 (15 kW),24/7 Security; Dining / Cafe; EV Signs; Parking; Restroom
STN-IND-0049,Mke Rental Circle Station,Public EV Network,Karnataka,Bengaluru,"Mke Rental Private Limited, NH4, Tumkur Road, next to Himalaya Drugs, Makali, Karnataka 560016",13.067,77.45,DC Fast Charger,Superfast,60,400V - 800V DC,24/7 Always Open,₹18 - ₹22 / kWh,4,2,2,0,Available,CCS-2 (60 kW DC); CHAdeMO (50 kW DC); Bharat DC-001 (15 kW),24/7 Security; EV Signs; Parking
STN-IND-0050,Waterwoods Lodge & Resort AC Charging Station,Public EV Network,Karnataka,Metikuppe,"19, Karapura, N.Belthur Post Office, HD Kote Taluk, Nagarhole National Park, Karnataka 571114",11.9377,76.2655,Dual AC/DC Fast,Fast,30,415V AC / 400V DC,24/7 Always Open,₹15 - ₹19 / kWh,4,4,0,0,Available,CCS-2 (30 kW DC); Type 2 AC (22 kW); Bharat DC-001 (15 kW),24/7 Security; Dining / Cafe; EV Signs; Parking; Restroom
STN-IND-0051,Kohinoor Altissimo Residential Tower,Public EV Network,Maharashtra,Mumbai,"Kohinoor Altissimo Residential Tower, Kohinoor Altissimo, Kasaravadi, Dadar, Mumbai, Maharashtra 400028",19.0246,72.8402,DC Fast Charger,Superfast,60,400V - 800V DC,24/7 Always Open,₹18 - ₹22 / kWh,4,3,1,0,Available,CCS-2 (60 kW DC); CHAdeMO (50 kW DC); Bharat DC-001 (15 kW),24/7 Security; ATM; EV Signs; Parking; Restroom; Shopping Mall; Wi-Fi
STN-IND-0052,Hotel Pramila DC Charging Station Haridwar,Public EV Network,Uttarakhand,Haridwar,"Hotel Pramila, Near Vishwakarma Ghat, NH-58,Delhi Haridwar ByPass, Road, Haridwar, Uttarakhand 249407, Phone No 9310843937",29.9324,78.1423,DC Fast Charger,Superfast,60,400V - 800V DC,24/7 Always Open,₹18 - ₹22 / kWh,4,1,3,0,Available,CCS-2 (60 kW DC); CHAdeMO (50 kW DC); Bharat DC-001 (15 kW),24/7 Security; Dining / Cafe; EV Signs; Parking; Restroom
STN-IND-0053,P G Regency Resort Charging Station,Public EV Network,Maharashtra,Mahad,"PG Regency,Govind Garden,103/1B, Plot no.4, Mumbai Goa HighWay, Mahad-Raigad, Mahad, Maharashtra 402301 Ph no. 7039892236",18.0855,73.4309,DC Fast Charger,Superfast,60,400V - 800V DC,24/7 Always Open,₹18 - ₹22 / kWh,4,2,1,1,Available,CCS-2 (60 kW DC); CHAdeMO (50 kW DC); Bharat DC-001 (15 kW),24/7 Security; Dining / Cafe; EV Signs; Parking; Restroom
STN-IND-0054,The Forum Fiza Mall AC Charging Station Mangalore,Public EV Network,Karnataka,Thane,"Basement parking (B1), The Forum Fiza Mall, Mangaladevi Temple Road, Pandeshwar, Mangalore - 575001",12.8576,74.8383,Dual AC/DC Fast,Fast,30,415V AC / 400V DC,09:00 AM - 11:00 PM,₹15 - ₹19 / kWh,4,2,2,0,Available,CCS-2 (30 kW DC); Type 2 AC (22 kW); Bharat DC-001 (15 kW),ATM; EV Signs; Parking; Restroom; Shopping Mall; Wi-Fi
STN-IND-0055,MSHSD Gojer Service Charging Station,Public EV Network,Karnataka,Bengaluru,"Bettadasanapura, Bengaluru, Karnataka 560100",12.8427,77.64,DC Fast Charger,Superfast,60,400V - 800V DC,24/7 Always Open,₹18 - ₹22 / kWh,4,4,0,0,Available,CCS-2 (60 kW DC); CHAdeMO (50 kW DC); Bharat DC-001 (15 kW),24/7 Security; EV Signs; Parking
STN-IND-0056,Evershine Mall Charging Station,Public EV Network,Maharashtra,Mumbai,"Chincholi Bunder Road, New Link Rd, Malad West, Mumbai, Maharashtra 400064",19.1798,72.8361,DC Fast Charger,Superfast,60,400V - 800V DC,09:00 AM - 11:00 PM,₹18 - ₹22 / kWh,4,3,1,0,Available,CCS-2 (60 kW DC); CHAdeMO (50 kW DC); Bharat DC-001 (15 kW),ATM; EV Signs; Parking; Restroom; Shopping Mall; Wi-Fi
STN-IND-0057,HP Loyal Pump and Pantry Fuel Charging Station,HPCL Energy,Telangana,Secunderabad,"42-601, SP NAGAR, ECIL Main Rd, SSS Tower, MJ Colony, Moula Ali, Secunderabad, Telangana 500040",17.4677,78.5641,DC Fast Charger,Superfast,60,400V - 800V DC,24/7 Always Open,₹18 - ₹22 / kWh,4,1,3,0,Available,CCS-2 (60 kW DC); CHAdeMO (50 kW DC); Bharat DC-001 (15 kW),24/7 Security; ATM; Air Pump; Convenience Store; EV Signs; Parking; Restroom; Shopping Mall; Wi-Fi
STN-IND-0058,Hotel Reddison Square Katra AC Charging Station,Public EV Network,Delhi,New Delhi,"Hotel Reddison Square, near shrine board central office, Katra, Jammu and Kashmir 182301, Phone No 9310843937",32.9867,74.9238,Dual AC/DC Fast,Fast,30,415V AC / 400V DC,24/7 Always Open,₹15 - ₹19 / kWh,4,2,1,1,Available,CCS-2 (30 kW DC); Type 2 AC (22 kW); Bharat DC-001 (15 kW),24/7 Security; ATM; Dining / Cafe; EV Signs; Parking; Restroom; Shopping Mall; Wi-Fi
STN-IND-0059,Hotel Mount View International AC Charging Station,Public EV Network,Delhi,New Delhi,"Hount Mount View International, Jammu Rd, Vaishnodevi, Katra, Jammu and Kashmir 182301",32.9918,74.9306,Dual AC/DC Fast,Fast,30,415V AC / 400V DC,24/7 Always Open,₹15 - ₹19 / kWh,4,2,2,0,Available,CCS-2 (30 kW DC); Type 2 AC (22 kW); Bharat DC-001 (15 kW),24/7 Security; Dining / Cafe; EV Signs; Parking; Restroom
STN-IND-0060,Hotel Dolphin AC Charging Station,Public EV Network,Delhi,New Delhi,"Hotel Dolphin, Railway Rd, Katra, Jammu and Kashmir 182301",32.9892,74.9289,Dual AC/DC Fast,Fast,30,415V AC / 400V DC,24/7 Always Open,₹15 - ₹19 / kWh,4,4,0,0,Available,CCS-2 (30 kW DC); Type 2 AC (22 kW); Bharat DC-001 (15 kW),24/7 Security; Dining / Cafe; EV Signs; Parking; Restroom
STN-IND-0061,"DMIPL EV Charging Station, Ludhiana",Public EV Network,Punjab,Natt,"Dalbir Makkar India Pvt. Ltd., Ludhiana-Malerkotla Road, Opp. J K Resort, Rania, Ludhiana - 141122 (Punjab), Phone no 9814215411, 9316916147",30.8219,75.8668,DC Fast Charger,Superfast,60,400V - 800V DC,24/7 Always Open,₹18 - ₹22 / kWh,4,3,1,0,Available,CCS-2 (60 kW DC); CHAdeMO (50 kW DC); Bharat DC-001 (15 kW),24/7 Security; Dining / Cafe; EV Signs; Parking; Restroom
STN-IND-0062,Z Charging Station,Public EV Network,Gujarat,Vadodara,"Sai Vihar, Abbas Tyabji Rd, Jayesh Colony, Fatehgunj, Vadodara, Gujarat 390002",22.3213,73.1881,DC Fast Charger,Superfast,60,400V - 800V DC,24/7 Always Open,₹18 - ₹22 / kWh,4,1,3,0,Available,CCS-2 (60 kW DC); CHAdeMO (50 kW DC); Bharat DC-001 (15 kW),24/7 Security; EV Signs; Parking
STN-IND-0063,VEEV Brookfields,VEEV Network,Tamil Nadu,Coimbatore,"67-71, Dr Krishnasamy Mudaliyar Rd, Ram Nagar, Coimbatore, Tamil Nadu 641001",11.0096,76.9589,DC Fast Charger,Superfast,60,400V - 800V DC,24/7 Always Open,₹18 - ₹22 / kWh,4,2,1,1,Available,CCS-2 (60 kW DC); CHAdeMO (50 kW DC); Bharat DC-001 (15 kW),24/7 Security; EV Signs; Parking
STN-IND-0064,Lake Pleasant Cottage Charging Station,Public EV Network,Uttarakhand,Bhimtal,"Naukuchiyatal  Bhimtal, Near GD Goenka School 263136 - UK",29.3237,79.5921,DC Fast Charger,Superfast,60,400V - 800V DC,24/7 Always Open,₹18 - ₹22 / kWh,4,2,2,0,Available,CCS-2 (60 kW DC); CHAdeMO (50 kW DC); Bharat DC-001 (15 kW),24/7 Security; EV Signs; Parking
STN-IND-0065,Nandavan DC Charging Station Nagoan,Public EV Network,Maharashtra,Nagaon,"Nandavan, Mahajan Wadi, Near Bhimeshwar Mandir, At Post Nagaon, Taluka Alibag, Dist. Raigarh, Pin 402204, Phone no Kedar Bane, +919923724004, Prashant Mahajan - +919619174428",18.6184,72.9004,DC Fast Charger,Superfast,60,400V - 800V DC,24/7 Always Open,₹18 - ₹22 / kWh,4,4,0,0,Available,CCS-2 (60 kW DC); CHAdeMO (50 kW DC); Bharat DC-001 (15 kW),24/7 Security; EV Signs; Parking
STN-IND-0066,Uniworld Garden Charging Station,Public EV Network,Haryana,Gurugram,"Plot No 1025, 2nd Floor, C block , sector 47, Haryana 122008",28.4273,77.0389,DC Fast Charger,Superfast,60,400V - 800V DC,24/7 Always Open,₹18 - ₹22 / kWh,4,3,1,0,Available,CCS-2 (60 kW DC); CHAdeMO (50 kW DC); Bharat DC-001 (15 kW),24/7 Security; EV Signs; Parking
STN-IND-0067,Unnati Social Foundation,Public EV Network,Maharashtra,Pimpri-Chinchwad,"Unnati Social Foundation Jarvari Society, Opposite PK International School, Pimple Saudagar, Pune",18.5948,73.7975,DC Fast Charger,Superfast,60,400V - 800V DC,24/7 Always Open,₹18 - ₹22 / kWh,4,1,3,0,Available,CCS-2 (60 kW DC); CHAdeMO (50 kW DC); Bharat DC-001 (15 kW),24/7 Security; EV Signs; Parking
STN-IND-0068,"HP PETROL PUMP - SAI PETROLEUM,MUMBAI",HPCL Energy,Maharashtra,Bengaluru,"Village Katai gao, Kalyan - Shilphata Rd, Dombivli East, Mumbai, Maharashtra 421203",19.1709,73.0819,DC Fast Charger,Superfast,60,400V - 800V DC,24/7 Always Open,₹18 - ₹22 / kWh,4,2,1,1,Available,CCS-2 (60 kW DC); CHAdeMO (50 kW DC); Bharat DC-001 (15 kW),24/7 Security; Air Pump; Convenience Store; EV Signs; Parking; Restroom
STN-IND-0069,"ShriSamarth DC Charging Station, Beed",Public EV Network,Maharashtra,Bengaluru,"EV Charging Station, Near Mancott Jining Gevrai Road, NH 61, Phule Pimpalgaon, Maharashtra 431142",19.1779,76.168,DC Fast Charger,Superfast,60,400V - 800V DC,24/7 Always Open,₹18 - ₹22 / kWh,4,2,2,0,Available,CCS-2 (60 kW DC); CHAdeMO (50 kW DC); Bharat DC-001 (15 kW),24/7 Security; EV Signs; Parking
STN-IND-0070,CNV Enterprises - HP Petrol Pump,HPCL Energy,Karnataka,Bengaluru,"No 65/20,Nallurahalli Siddapura main road,Nallurahalli main rd., Whitefield, Bengaluru,Karnataka-560066.",12.9653,77.7331,DC Fast Charger,Superfast,60,400V - 800V DC,24/7 Always Open,₹18 - ₹22 / kWh,4,4,0,0,Available,CCS-2 (60 kW DC); CHAdeMO (50 kW DC); Bharat DC-001 (15 kW),24/7 Security; Air Pump; Convenience Store; EV Signs; Parking; Restroom
STN-IND-0071,Unity Mall Charging Station Vasai,Public EV Network,Maharashtra,Vasai-Virar,"Unity Mall, Stella Road, next to Big Bazzar, Bhabola, Vasai West, Maharashtra 401201",19.3593,72.8123,DC Fast Charger,Superfast,60,400V - 800V DC,09:00 AM - 11:00 PM,₹18 - ₹22 / kWh,4,3,1,0,Available,CCS-2 (60 kW DC); CHAdeMO (50 kW DC); Bharat DC-001 (15 kW),ATM; EV Signs; Parking; Restroom; Shopping Mall; Wi-Fi
STN-IND-0072,Advant IT Park DC Charging Station Noida,Public EV Network,Maharashtra,Greater Noida,"Advant IT Park, Plot No. 7, Noida-Greater Noida Expy, Sector 142, Noida, Uttar Pradesh 201305",28.5007,77.4102,DC Fast Charger,Superfast,60,400V - 800V DC,24/7 Always Open,₹18 - ₹22 / kWh,4,1,3,0,Available,CCS-2 (60 kW DC); CHAdeMO (50 kW DC); Bharat DC-001 (15 kW),24/7 Security; EV Signs; Parking
STN-IND-0073,Trimurtys Ariana AC Charging Station,Public EV Network,Rajasthan,Jaipur,"Trimurtys Ariana, Khasara No 211-213, Sector 30, Ramnagaria, Tehsil, Sanganer, JDA Colony, Jagatpura, Jaipur, Rajasthan 302017",26.8312,75.8663,Dual AC/DC Fast,Fast,30,415V AC / 400V DC,24/7 Always Open,₹15 - ₹19 / kWh,4,2,1,1,Available,CCS-2 (30 kW DC); Type 2 AC (22 kW); Bharat DC-001 (15 kW),24/7 Security; EV Signs; Parking
STN-IND-0074,Nandi Park Apartments,Public EV Network,Karnataka,Bengaluru,"Nandi Park Apartments Gottigere, Bengaluru, Bangalo Karnataka, Indiare, Bangalore, Karnu0101taka",12.8585,77.593,DC Fast Charger,Superfast,60,400V - 800V DC,24/7 Always Open,₹18 - ₹22 / kWh,4,2,2,0,Available,CCS-2 (60 kW DC); CHAdeMO (50 kW DC); Bharat DC-001 (15 kW),24/7 Security; EV Signs; Parking
STN-IND-0075,Crowne Plaza Jaipur,Public EV Network,Rajasthan,Jaipur,"Plot No SP 1, Sitapura Industrial Area, Tonk Road, Jaipur, Rajasthan, 302022",26.7797,75.8282,DC Fast Charger,Superfast,60,400V - 800V DC,24/7 Always Open,₹18 - ₹22 / kWh,4,4,0,0,Available,CCS-2 (60 kW DC); CHAdeMO (50 kW DC); Bharat DC-001 (15 kW),24/7 Security; EV Signs; Parking
STN-IND-0076,Pendse Garage AC Charging Station,Public EV Network,Maharashtra,Nashik,"Pendse Garage, At post diveagar tal Shriwardhan dist raigad 402404 Phone: 9423837934",18.1655,72.9929,Dual AC/DC Fast,Fast,30,415V AC / 400V DC,24/7 Always Open,₹15 - ₹19 / kWh,4,3,1,0,Available,CCS-2 (30 kW DC); Type 2 AC (22 kW); Bharat DC-001 (15 kW),24/7 Security; EV Signs; Parking
STN-IND-0077,Hans Resort DC Charging Station Rewari,Public EV Network,Karnataka,Nashik,"Hans Resort, 91 Milestone, Delhi-Jaipur Highway, near Kasola Chowk, Rewari, Haryana 123401",28.1254,76.6368,DC Fast Charger,Superfast,60,400V - 800V DC,24/7 Always Open,₹18 - ₹22 / kWh,4,1,3,0,Available,CCS-2 (60 kW DC); CHAdeMO (50 kW DC); Bharat DC-001 (15 kW),24/7 Security; Dining / Cafe; EV Signs; Parking; Restroom
STN-IND-0078,Saviruchi Veg DC Charging Station Mysore,Public EV Network,Karnataka,Nashik,"Saviruchi Veg, Sri Venkateshwara Arcade, Malavalli, Karnataka 571430",12.3847,77.0532,DC Fast Charger,Superfast,60,400V - 800V DC,24/7 Always Open,₹18 - ₹22 / kWh,4,2,1,1,Available,CCS-2 (60 kW DC); CHAdeMO (50 kW DC); Bharat DC-001 (15 kW),24/7 Security; EV Signs; Parking
STN-IND-0079,ElectriVA Test Station,ElectriVA,Delhi,New Delhi,"3409/1, 3rd Floor, Desh Bandhu Gupta Rd, Karol Bagh, New Delhi-110005",28.6539,77.1905,DC Fast Charger,Superfast,60,400V - 800V DC,24/7 Always Open,₹18 - ₹22 / kWh,4,2,2,0,Available,CCS-2 (60 kW DC); CHAdeMO (50 kW DC); Bharat DC-001 (15 kW),24/7 Security; EV Signs; Parking
STN-IND-0080,Sarode Motors Ac EV Charging Station Nashik,Public EV Network,Maharashtra,Nashik,"Sarode Motors | Joy eBike, Shop No.01, Beside of Hotel Happy Foods, Sarode Motors, nearby Balbharati, Lekha Nagar, Nashik, Maharashtra 422010",19.9758,73.776,Dual AC/DC Fast,Fast,30,415V AC / 400V DC,24/7 Always Open,₹15 - ₹19 / kWh,4,4,0,0,Available,CCS-2 (30 kW DC); Type 2 AC (22 kW); Bharat DC-001 (15 kW),24/7 Security; Dining / Cafe; EV Signs; Parking; Restroom
STN-IND-0081,The Nile AdPod,Public EV Network,Haryana,Gurugram,"The Nile, Sohna, Gurgaon - Delhi Expy, Rosewood City, Ghasola, Sector 49, Gurugram, Haryana 122018",28.4113,77.051,DC Fast Charger,Superfast,60,400V - 800V DC,24/7 Always Open,₹18 - ₹22 / kWh,4,3,1,0,Available,CCS-2 (60 kW DC); CHAdeMO (50 kW DC); Bharat DC-001 (15 kW),24/7 Security; EV Signs; Parking
STN-IND-0082,Hotel Daulat Nikol Fast Charging Station,Public EV Network,Maharashtra,Nashik,"Hotel Daulat Food Mall, Mumbai Agra Highway, Shirwade (Vani) Tal: Niphad, Dist: Nashik",20.2137,74.041,DC Fast Charger,Superfast,60,400V - 800V DC,24/7 Always Open,₹18 - ₹22 / kWh,4,1,3,0,Available,CCS-2 (60 kW DC); CHAdeMO (50 kW DC); Bharat DC-001 (15 kW),24/7 Security; ATM; Dining / Cafe; EV Signs; Parking; Restroom; Shopping Mall; Wi-Fi
STN-IND-0083,New Udaan Bhawan AdPod 1,Public EV Network,Haryana,Gurugram,Indira Gandhi International Airport,28.553,77.0944,DC Fast Charger,Superfast,60,400V - 800V DC,24/7 Always Open,₹18 - ₹22 / kWh,4,2,1,1,Available,CCS-2 (60 kW DC); CHAdeMO (50 kW DC); Bharat DC-001 (15 kW),24/7 Security; EV Signs; Parking
STN-IND-0084,New Udaan Bhawan AdPod 2,Public EV Network,Haryana,Gurugram,Indira Gandhi International Airport,28.5537,77.0943,DC Fast Charger,Superfast,60,400V - 800V DC,24/7 Always Open,₹18 - ₹22 / kWh,4,2,2,0,Available,CCS-2 (60 kW DC); CHAdeMO (50 kW DC); Bharat DC-001 (15 kW),24/7 Security; EV Signs; Parking
STN-IND-0085,TDPL EV Charging Station 1,Public EV Network,Rajasthan,Jaipur,"TDPL EV Charging Station 1, Jaipur, Rajasthan, India",26.9159,75.723,DC Fast Charger,Superfast,60,400V - 800V DC,24/7 Always Open,₹18 - ₹22 / kWh,4,4,0,0,Available,CCS-2 (60 kW DC); CHAdeMO (50 kW DC); Bharat DC-001 (15 kW),24/7 Security; EV Signs; Parking
STN-IND-0086,Hotel The Executive Inn AC Charging Station,Public EV Network,Maharashtra,Shirdi,"Hotel The Executive Inn AC Charging Station, Shirdi, Maharashtra, India",19.7592,74.4763,Dual AC/DC Fast,Fast,30,415V AC / 400V DC,24/7 Always Open,₹15 - ₹19 / kWh,4,3,1,0,Available,CCS-2 (30 kW DC); Type 2 AC (22 kW); Bharat DC-001 (15 kW),24/7 Security; Dining / Cafe; EV Signs; Parking; Restroom
STN-IND-0087,Hotel Bliss County DC Charging Station,Public EV Network,Maharashtra,Dhule,"Hotel Bliss County DC Charging Station, Dhule, Maharashtra, India",20.8292,74.7485,DC Fast Charger,Superfast,60,400V - 800V DC,24/7 Always Open,₹18 - ₹22 / kWh,4,1,3,0,Available,CCS-2 (60 kW DC); CHAdeMO (50 kW DC); Bharat DC-001 (15 kW),24/7 Security; Dining / Cafe; EV Signs; Parking; Restroom
STN-IND-0088,Savoy Suites Manesar,Public EV Network,Haryana,Gurugram,"Savoy Suites Manesar, Gurugram, Haryana, India",28.3664,76.9436,DC Fast Charger,Superfast,60,400V - 800V DC,24/7 Always Open,₹18 - ₹22 / kWh,4,2,1,1,Available,CCS-2 (60 kW DC); CHAdeMO (50 kW DC); Bharat DC-001 (15 kW),24/7 Security; EV Signs; Parking
STN-IND-0089,MV EV DC Charging Station,Public EV Network,Maharashtra,Dahanu,"MV EV DC Charging Station, Dahanu, Maharashtra, India",19.9883,72.7488,DC Fast Charger,Superfast,60,400V - 800V DC,24/7 Always Open,₹18 - ₹22 / kWh,4,2,2,0,Available,CCS-2 (60 kW DC); CHAdeMO (50 kW DC); Bharat DC-001 (15 kW),24/7 Security; EV Signs; Parking
STN-IND-0090,Jamoliwala AC Charging Station,Public EV Network,Uttarakhand,Dehradun,"Jamoliwala AC Charging Station, Dehradun, Uttarakhand, India",30.3886,78.0654,Dual AC/DC Fast,Fast,30,415V AC / 400V DC,24/7 Always Open,₹15 - ₹19 / kWh,4,4,0,0,Available,CCS-2 (30 kW DC); Type 2 AC (22 kW); Bharat DC-001 (15 kW),24/7 Security; EV Signs; Parking
STN-IND-0091,TDPL EV Charging Station 2,Public EV Network,Rajasthan,Jaipur,"TDPL EV Charging Station 2, Jaipur, Rajasthan, India",26.8807,75.6143,DC Fast Charger,Superfast,60,400V - 800V DC,24/7 Always Open,₹18 - ₹22 / kWh,4,3,1,0,Available,CCS-2 (60 kW DC); CHAdeMO (50 kW DC); Bharat DC-001 (15 kW),24/7 Security; EV Signs; Parking
STN-IND-0092,Bhajan Singh Da Dhabha DC Charging Station,Public EV Network,Maharashtra,Talegaon Dabhade,"Bhajan Singh Da Dhabha DC Charging Station, Talegaon Dabhade, Maharashtra, India",18.7005,73.6933,DC Fast Charger,Superfast,60,400V - 800V DC,24/7 Always Open,₹18 - ₹22 / kWh,4,1,3,0,Available,CCS-2 (60 kW DC); CHAdeMO (50 kW DC); Bharat DC-001 (15 kW),24/7 Security; EV Signs; Parking
STN-IND-0093,Hotel Prabhat Palace DC Charging Station,Public EV Network,Jammu and Kashmir,Katra,"Hotel Prabhat Palace DC Charging Station, Katra, Jammu and Kashmir, India",32.9899,74.9255,Dual AC/DC Fast,Fast,30,415V AC / 400V DC,24/7 Always Open,₹15 - ₹19 / kWh,4,2,1,1,Available,CCS-2 (30 kW DC); Type 2 AC (22 kW); Bharat DC-001 (15 kW),24/7 Security; Dining / Cafe; EV Signs; Parking; Restroom
STN-IND-0094,TSREDCO Test Charging Station,Public EV Network,Telangana,Hyderabad,"TSREDCO Test Charging Station, Hyderabad, Telangana, India",17.4123,78.4598,DC Fast Charger,Superfast,60,400V - 800V DC,24/7 Always Open,₹18 - ₹22 / kWh,4,2,2,0,Available,CCS-2 (60 kW DC); CHAdeMO (50 kW DC); Bharat DC-001 (15 kW),24/7 Security; EV Signs; Parking
STN-IND-0095,TSREDCO Test Charging Station 1,Public EV Network,Telangana,Hyderabad,"TSREDCO Test Charging Station 1, Hyderabad, Telangana, India",17.4125,78.4603,DC Fast Charger,Superfast,60,400V - 800V DC,24/7 Always Open,₹18 - ₹22 / kWh,4,4,0,0,Available,CCS-2 (60 kW DC); CHAdeMO (50 kW DC); Bharat DC-001 (15 kW),24/7 Security; EV Signs; Parking
STN-IND-0096,Mehak Garden Charging Station,Public EV Network,Haryana,Sirsa,"Mehak Garden Charging Station, Sirsa, Haryana, India",29.528,75.1325,DC Fast Charger,Superfast,60,400V - 800V DC,24/7 Always Open,₹18 - ₹22 / kWh,4,3,1,0,Available,CCS-2 (60 kW DC); CHAdeMO (50 kW DC); Bharat DC-001 (15 kW),24/7 Security; EV Signs; Parking
STN-IND-0097,Savoy Suites Noida,Public EV Network,Uttar Pradesh,Noida,"Savoy Suites Noida, Noida, Uttar Pradesh, India",28.5801,77.3152,DC Fast Charger,Superfast,60,400V - 800V DC,24/7 Always Open,₹18 - ₹22 / kWh,4,1,3,0,Available,CCS-2 (60 kW DC); CHAdeMO (50 kW DC); Bharat DC-001 (15 kW),24/7 Security; EV Signs; Parking
STN-IND-0098,Savoy Suites Greater Noida,Public EV Network,Uttar Pradesh,Greater Noida,"Savoy Suites Greater Noida, Greater Noida, Uttar Pradesh, India",28.4648,77.5084,DC Fast Charger,Superfast,60,400V - 800V DC,24/7 Always Open,₹18 - ₹22 / kWh,4,2,1,1,Available,CCS-2 (60 kW DC); CHAdeMO (50 kW DC); Bharat DC-001 (15 kW),24/7 Security; EV Signs; Parking
STN-IND-0099,Hotel Highway King Shahpura DC Charging Station,HPCL Energy,Rajasthan,Shahpura,"Hotel Highway King Shahpura DC Charging Station, Shahpura, Rajasthan, India",27.487,76.0523,DC Fast Charger,Superfast,60,400V - 800V DC,24/7 Always Open,₹18 - ₹22 / kWh,4,2,2,0,Available,CCS-2 (60 kW DC); CHAdeMO (50 kW DC); Bharat DC-001 (15 kW),24/7 Security; Air Pump; Convenience Store; Dining / Cafe; EV Signs; Parking; Restroom
STN-IND-0100,Aman Hotel Kurukshetra DC Charging Station,Public EV Network,Haryana,Shabhad,"Aman Hotel Kurukshetra DC Charging Station, Shabhad, Haryana, India",30.2059,76.8575,DC Fast Charger,Superfast,60,400V - 800V DC,24/7 Always Open,₹18 - ₹22 / kWh,4,4,0,0,Available,CCS-2 (60 kW DC); CHAdeMO (50 kW DC); Bharat DC-001 (15 kW),24/7 Security; Dining / Cafe; EV Signs; Parking; Restroom
STN-IND-0101,Evershine Tower Jaipur DC Charging Station,Public EV Network,Rajasthan,Jaipur,"Evershine Tower Jaipur DC Charging Station, Jaipur, Rajasthan, India",26.9121,75.7433,DC Fast Charger,Superfast,60,400V - 800V DC,24/7 Always Open,₹18 - ₹22 / kWh,4,3,1,0,Available,CCS-2 (60 kW DC); CHAdeMO (50 kW DC); Bharat DC-001 (15 kW),24/7 Security; ATM; EV Signs; Parking; Restroom; Shopping Mall; Wi-Fi
STN-IND-0102,Hotel Shree Veg Solapur DC Charging Station,Public EV Network,Maharashtra,Bhadalwadi,"Hotel Shree Veg Solapur DC Charging Station, Bhadalwadi, Maharashtra, India",18.3289,74.7794,DC Fast Charger,Superfast,60,400V - 800V DC,24/7 Always Open,₹18 - ₹22 / kWh,4,1,3,0,Available,CCS-2 (60 kW DC); CHAdeMO (50 kW DC); Bharat DC-001 (15 kW),24/7 Security; Dining / Cafe; EV Signs; Parking; Restroom
STN-IND-0103,Subway Alwar DC Charging Station,Public EV Network,Rajasthan,Alwar,"Subway Alwar DC Charging Station, Alwar, Rajasthan, India",28.1967,76.8128,DC Fast Charger,Superfast,60,400V - 800V DC,24/7 Always Open,₹18 - ₹22 / kWh,4,2,1,1,Available,CCS-2 (60 kW DC); CHAdeMO (50 kW DC); Bharat DC-001 (15 kW),24/7 Security; EV Signs; Parking
STN-IND-0104,Asli Pappu Dhaba Kosi Kalan DC Charging Station,Public EV Network,Uttar Pradesh,Kosi Kalan,"Asli Pappu Dhaba Kosi Kalan DC Charging Station, Kosi Kalan, Uttar Pradesh, India",27.8327,77.4194,DC Fast Charger,Superfast,60,400V - 800V DC,24/7 Always Open,₹18 - ₹22 / kWh,4,2,2,0,Available,CCS-2 (60 kW DC); CHAdeMO (50 kW DC); Bharat DC-001 (15 kW),24/7 Security; Dining / Cafe; EV Signs; Parking; Restroom
STN-IND-0105,140% Veg Gulshan Dhaba Kotwan DC Charging Station,Public EV Network,Uttar Pradesh,Kotwan,"140% Veg Gulshan Dhaba Kotwan DC Charging Station, Kotwan, Uttar Pradesh, India",27.8468,77.4082,DC Fast Charger,Superfast,60,400V - 800V DC,24/7 Always Open,₹18 - ₹22 / kWh,4,4,0,0,Available,CCS-2 (60 kW DC); CHAdeMO (50 kW DC); Bharat DC-001 (15 kW),24/7 Security; Dining / Cafe; EV Signs; Parking; Restroom
STN-IND-0106,Synrgy Ebikes Charging Station,Public EV Network,Maharashtra,Nashik,"Synrgy Ebikes Charging Station, Nashik, Maharashtra, India",19.9705,73.7528,DC Fast Charger,Superfast,60,400V - 800V DC,24/7 Always Open,₹18 - ₹22 / kWh,4,3,1,0,Available,CCS-2 (60 kW DC); CHAdeMO (50 kW DC); Bharat DC-001 (15 kW),24/7 Security; EV Signs; Parking
STN-IND-0107,ChargePit eMobility Charging Station,ChargePit,Maharashtra,Pune,"ChargePit eMobility Charging Station, Pune, Maharashtra, India",18.5996,73.7809,DC Fast Charger,Superfast,60,400V - 800V DC,24/7 Always Open,₹18 - ₹22 / kWh,4,1,3,0,Available,CCS-2 (60 kW DC); CHAdeMO (50 kW DC); Bharat DC-001 (15 kW),24/7 Security; EV Signs; Parking
STN-IND-0108,MESCOM Shivamogga Charging Station 1,MESCOM EV,Karnataka,Shivamogga,"MESCOM Shivamogga Charging Station 1, Shivamogga, Karnataka, India",13.9419,75.5816,DC Fast Charger,Superfast,60,400V - 800V DC,24/7 Always Open,₹18 - ₹22 / kWh,4,2,1,1,Available,CCS-2 (60 kW DC); CHAdeMO (50 kW DC); Bharat DC-001 (15 kW),24/7 Security; EV Signs; Parking
STN-IND-0109,MESCOM Mudigere Charging Station,MESCOM EV,Karnataka,Karadagodu,"MESCOM Mudigere Charging Station, Karadagodu, Karnataka, India",13.1459,75.6419,DC Fast Charger,Superfast,60,400V - 800V DC,24/7 Always Open,₹18 - ₹22 / kWh,4,2,2,0,Available,CCS-2 (60 kW DC); CHAdeMO (50 kW DC); Bharat DC-001 (15 kW),24/7 Security; EV Signs; Parking
STN-IND-0110,Karkala Charging Station,Public EV Network,Karnataka,Karkala,"Karkala Charging Station, Karkala, Karnataka, India",13.2244,74.9802,DC Fast Charger,Superfast,60,400V - 800V DC,24/7 Always Open,₹18 - ₹22 / kWh,4,4,0,0,Available,CCS-2 (60 kW DC); CHAdeMO (50 kW DC); Bharat DC-001 (15 kW),24/7 Security; EV Signs; Parking
STN-IND-0111,MESCOM Surathkal Charging Station,MESCOM EV,Karnataka,Surathkal,"MESCOM Surathkal Charging Station, Surathkal, Karnataka, India",12.9875,74.8048,DC Fast Charger,Superfast,60,400V - 800V DC,24/7 Always Open,₹18 - ₹22 / kWh,4,3,1,0,Available,CCS-2 (60 kW DC); CHAdeMO (50 kW DC); Bharat DC-001 (15 kW),24/7 Security; EV Signs; Parking
STN-IND-0112,Kaup Charging Station,Public EV Network,Karnataka,Kaup,"Kaup Charging Station, Kaup, Karnataka, India",13.2338,74.7471,DC Fast Charger,Superfast,60,400V - 800V DC,24/7 Always Open,₹18 - ₹22 / kWh,4,1,3,0,Available,CCS-2 (60 kW DC); CHAdeMO (50 kW DC); Bharat DC-001 (15 kW),24/7 Security; EV Signs; Parking
STN-IND-0113,Bramavara Charging Station,Public EV Network,Karnataka,Bramavara,"Bramavara Charging Station, Bramavara, Karnataka, India",13.4381,74.7433,DC Fast Charger,Superfast,60,400V - 800V DC,24/7 Always Open,₹18 - ₹22 / kWh,4,2,1,1,Available,CCS-2 (60 kW DC); CHAdeMO (50 kW DC); Bharat DC-001 (15 kW),24/7 Security; EV Signs; Parking
STN-IND-0114,Kundapura Charging Station,Public EV Network,Karnataka,Kundapura,"Kundapura Charging Station, Kundapura, Karnataka, India",13.6186,74.6919,DC Fast Charger,Superfast,60,400V - 800V DC,24/7 Always Open,₹18 - ₹22 / kWh,4,2,2,0,Available,CCS-2 (60 kW DC); CHAdeMO (50 kW DC); Bharat DC-001 (15 kW),24/7 Security; EV Signs; Parking
STN-IND-0115,Manipal Charging Station,Public EV Network,Karnataka,Manipal,"Manipal Charging Station, Manipal, Karnataka, India",13.3334,74.7884,DC Fast Charger,Superfast,60,400V - 800V DC,24/7 Always Open,₹18 - ₹22 / kWh,4,4,0,0,Available,CCS-2 (60 kW DC); CHAdeMO (50 kW DC); Bharat DC-001 (15 kW),24/7 Security; EV Signs; Parking
STN-IND-0116,MESCOM Aldur Charging Station,MESCOM EV,Karnataka,Chikkamagaluru,"MESCOM Aldur Charging Station, Chikkamagaluru, Karnataka, India",13.3319,75.7731,DC Fast Charger,Superfast,60,400V - 800V DC,24/7 Always Open,₹18 - ₹22 / kWh,4,3,1,0,Available,CCS-2 (60 kW DC); CHAdeMO (50 kW DC); Bharat DC-001 (15 kW),24/7 Security; EV Signs; Parking
STN-IND-0117,Park Plaza Gurgaon DC Charging Station,Public EV Network,Haryana,Gurugram,"Park Plaza Gurgaon DC Charging Station, Gurugram, Haryana, India",28.4597,77.0758,DC Fast Charger,Superfast,60,400V - 800V DC,24/7 Always Open,₹18 - ₹22 / kWh,4,1,3,0,Available,CCS-2 (60 kW DC); CHAdeMO (50 kW DC); Bharat DC-001 (15 kW),24/7 Security; EV Signs; Parking
STN-IND-0118,PADMASHREE Charging Station,Public EV Network,Karnataka,Mudbidri,"PADMASHREE Charging Station, Mudbidri, Karnataka, India",13.074,75.0025,DC Fast Charger,Superfast,60,400V - 800V DC,24/7 Always Open,₹18 - ₹22 / kWh,4,2,1,1,Available,CCS-2 (60 kW DC); CHAdeMO (50 kW DC); Bharat DC-001 (15 kW),24/7 Security; EV Signs; Parking
STN-IND-0119,Monsoon Breeze AdPod,Public EV Network,Haryana,Gurugram,"Monsoon Breeze AdPod, Gurugram, Haryana, India",28.3687,76.966,DC Fast Charger,Superfast,60,400V - 800V DC,24/7 Always Open,₹18 - ₹22 / kWh,4,2,2,0,Available,CCS-2 (60 kW DC); CHAdeMO (50 kW DC); Bharat DC-001 (15 kW),24/7 Security; EV Signs; Parking
STN-IND-0120,Decathlon Anubhava,Public EV Network,Maharashtra,Bengaluru,"Survey No 78/10, A2, Bellary Road, Bangalore Airport Road, Chikkajala,",13.169102,77.632018,AC Standard / Type 2,Standard,22,230V Single-Phase / 415V 3-Phase,24/7 Always Open,₹11 - ₹14 / kWh,2,2,0,0,Available,Type 2 AC (7.4 kW); IEC 60309 AC (3.3 kW),24/7 Security; EV Signs; Parking
STN-IND-0121,Forum Shantiniketan,Public EV Network,Maharashtra,Bengaluru,"Whitefield Main Road, Hoodi, Thigalarapalya, Krishnarajapura, Bengaluru, Karnataka",12.989235,77.727908,AC Standard / Type 2,Standard,22,230V Single-Phase / 415V 3-Phase,24/7 Always Open,₹11 - ₹14 / kWh,2,1,1,0,Available,Type 2 AC (7.4 kW); IEC 60309 AC (3.3 kW),24/7 Security; EV Signs; Parking
STN-IND-0122,Park Square Mall,Public EV Network,Maharashtra,Bengaluru,"UB1 Parking.40, ITPB Main Road, International Tech Park, Whitefield Main Rd, Pattandur Agrahara, Whitefield, Bengaluru, Karnataka 560066",12.9873,77.736397,AC Standard / Type 2,Standard,22,230V Single-Phase / 415V 3-Phase,09:00 AM - 11:00 PM,₹11 - ₹14 / kWh,2,1,1,0,Available,Type 2 AC (7.4 kW); IEC 60309 AC (3.3 kW),ATM; EV Signs; Parking; Restroom; Shopping Mall; Wi-Fi
STN-IND-0123,GT World Mall,Public EV Network,Maharashtra,Bengaluru,"Magadi Main Rd, next to Prasanna Theatre, Cholourpalya, Bengaluru, Karnataka 560023",12.974,77.551399,AC Standard / Type 2,Standard,22,230V Single-Phase / 415V 3-Phase,09:00 AM - 11:00 PM,₹11 - ₹14 / kWh,2,1,0,1,Available,Type 2 AC (7.4 kW); IEC 60309 AC (3.3 kW),ATM; EV Signs; Parking; Restroom; Shopping Mall; Wi-Fi
STN-IND-0124,Orion Mall,Public EV Network,Maharashtra,Bengaluru,"Dr Rajkumar Road, Rajajinagar,",13.011065,77.554534,AC Standard / Type 2,Standard,22,230V Single-Phase / 415V 3-Phase,09:00 AM - 11:00 PM,₹11 - ₹14 / kWh,2,1,1,0,Available,Type 2 AC (7.4 kW); IEC 60309 AC (3.3 kW),ATM; EV Signs; Parking; Restroom; Shopping Mall; Wi-Fi
STN-IND-0125,Phoenix Market City,Public EV Network,Maharashtra,Pune,"S No 207, Viman Nagar Road, Phoenix Road, Viman Nagar, Pune, Maharashtra",18.561919,73.916681,AC Standard / Type 2,Standard,22,230V Single-Phase / 415V 3-Phase,09:00 AM - 11:00 PM,₹11 - ₹14 / kWh,2,2,0,0,Available,Type 2 AC (7.4 kW); IEC 60309 AC (3.3 kW),EV Signs; Parking
STN-IND-0126,Phoenix Market City,Public EV Network,Odisha,Bengaluru,"Whitefield Main Road, Mahadevpura, Bengaluru, Karnataka 560048",12.9971,77.696297,AC Standard / Type 2,Standard,22,230V Single-Phase / 415V 3-Phase,09:00 AM - 11:00 PM,₹11 - ₹14 / kWh,2,1,1,0,Available,Type 2 AC (7.4 kW); IEC 60309 AC (3.3 kW),EV Signs; Parking
STN-IND-0127,Patel's Inn,Public EV Network,Odisha,Bengaluru,"No 1, 15th Cross, 2nd Block, Govindaraj Garden, R.T Nagar,",13.020907,77.597984,AC Standard / Type 2,Standard,22,230V Single-Phase / 415V 3-Phase,24/7 Always Open,₹11 - ₹14 / kWh,2,1,1,0,Available,Type 2 AC (7.4 kW); IEC 60309 AC (3.3 kW),24/7 Security; EV Signs; Parking
STN-IND-0128,Coco Jaunt 1728 - Anna Nagar,Public EV Network,Puducherry,Chennai,"t-2, 4th Main Rd, Anna Nagar West, Anna Nagar, Chennai, Tamil Nadu 600040",13.0902,80.217499,AC Standard / Type 2,Standard,22,230V Single-Phase / 415V 3-Phase,24/7 Always Open,₹11 - ₹14 / kWh,2,1,0,1,Available,Type 2 AC (7.4 kW); IEC 60309 AC (3.3 kW),24/7 Security; EV Signs; Parking
STN-IND-0129,Infinitea,Public EV Network,Punjab,Bengaluru,"6,ESI Hospital Road HAL 2nd Stage, 100 feet road, Indiranagar, Doopanahalli, Bengaluru, Karnataka",12.969,77.6362,AC Standard / Type 2,Standard,22,230V Single-Phase / 415V 3-Phase,24/7 Always Open,₹11 - ₹14 / kWh,2,1,1,0,Available,Type 2 AC (7.4 kW); IEC 60309 AC (3.3 kW),24/7 Security; Dining / Cafe; EV Signs; Parking; Restroom
STN-IND-0130,The Only Place,Public EV Network,Punjab,Bengaluru,"Siddam Setty Complex, Museum Rd, Next To, Shanthala Nagar, Ashok Nagar, Bengaluru, Karnataka 560001",12.9731,77.603302,AC Standard / Type 2,Standard,22,230V Single-Phase / 415V 3-Phase,24/7 Always Open,₹11 - ₹14 / kWh,2,2,0,0,Available,Type 2 AC (7.4 kW); IEC 60309 AC (3.3 kW),24/7 Security; ATM; EV Signs; Parking; Restroom; Shopping Mall; Wi-Fi
STN-IND-0131,Fab Cafe,Public EV Network,Rajasthan,Bengaluru,"915, Kenchena Halli Rd, Remco Bhel Layout, Kenchenhalli, RR Nagar,560098",12.9341,77.517197,AC Standard / Type 2,Standard,22,230V Single-Phase / 415V 3-Phase,09:00 AM - 11:00 PM,₹11 - ₹14 / kWh,2,1,1,0,Available,Type 2 AC (7.4 kW); IEC 60309 AC (3.3 kW),Dining / Cafe; EV Signs; Parking; Restroom
STN-IND-0132,The Moonshine Project restaurant Jubilee Hills,Public EV Network,Rajasthan,Hyderabad,"385, Road Number 82, Film Nagar, Jubilee Hills,",17.4142,78.4077,AC Standard / Type 2,Standard,22,230V Single-Phase / 415V 3-Phase,09:00 AM - 11:00 PM,₹11 - ₹14 / kWh,2,1,1,0,Available,Type 2 AC (7.4 kW); IEC 60309 AC (3.3 kW),Dining / Cafe; EV Signs; Parking; Restroom
STN-IND-0133,Almond House Banjara Hills,Public EV Network,Tamil Nadu,Hyderabad,"8-2-350/3/1, Next to Meena Bazar, Rd Number 3, Panchavati Society Colony, AK Enclave, Green Valley, Banjara Hills, Hyderabad, Telangana",17.427019,78.443419,AC Standard / Type 2,Standard,22,230V Single-Phase / 415V 3-Phase,24/7 Always Open,₹11 - ₹14 / kWh,2,1,0,1,Available,Type 2 AC (7.4 kW); IEC 60309 AC (3.3 kW),24/7 Security; EV Signs; Parking
STN-IND-0134,Go Native,Public EV Network,Tamil Nadu,Bengaluru,"#64, 10th Main Rd, 4th Block, 5th Block, Jayanagar, Bengaluru, Karnataka 560041",12.922504,77.58476,AC Standard / Type 2,Standard,22,230V Single-Phase / 415V 3-Phase,24/7 Always Open,₹11 - ₹14 / kWh,2,1,1,0,Available,Type 2 AC (7.4 kW); IEC 60309 AC (3.3 kW),24/7 Security; EV Signs; Parking
STN-IND-0135,TORQ92,Public EV Network,Tamil Nadu,Bengaluru,"15, 5th Cross Road, Shantivana, Next to Sterling Park Apts, Kodigehalli Main Road, Sahakara Nagar, Bengaluru",13.057629,77.587151,AC Standard / Type 2,Standard,22,230V Single-Phase / 415V 3-Phase,24/7 Always Open,₹11 - ₹14 / kWh,2,2,0,0,Available,Type 2 AC (7.4 kW); IEC 60309 AC (3.3 kW),24/7 Security; EV Signs; Parking
STN-IND-0136,AtherSpace Indiranagar,Ather Grid,Tamil Nadu,Bengaluru,"53, - 3rd main, 100th Feet Road, Defence Colony, Indira Nagar",12.9756,77.641197,AC Standard / Type 2,Standard,7.4,230V Single-Phase / 415V 3-Phase,24/7 Always Open,₹11 - ₹14 / kWh,2,1,1,0,Available,Type 2 AC (7.4 kW); IEC 60309 AC (3.3 kW),24/7 Security; EV Signs; Parking
STN-IND-0137,Royal Airavatha,Public EV Network,Telangana,Bengaluru,"#749/1, Near R V Engineering College",12.9223,77.495499,AC Standard / Type 2,Standard,22,230V Single-Phase / 415V 3-Phase,24/7 Always Open,₹11 - ₹14 / kWh,2,1,1,0,Available,Type 2 AC (7.4 kW); IEC 60309 AC (3.3 kW),24/7 Security; EV Signs; Parking
STN-IND-0138,Kriyates - Thoraipakkam,Public EV Network,Telangana,Chennai,"No.361,Omr Escapade, Mada Koil Street, Okkiam, Thoraipakkam, Vivekananda Nagar, Thoraipakkam, Chennai, Tamil Nadu 600097",12.924971,80.233677,AC Standard / Type 2,Standard,22,230V Single-Phase / 415V 3-Phase,24/7 Always Open,₹11 - ₹14 / kWh,2,1,0,1,Available,Type 2 AC (7.4 kW); IEC 60309 AC (3.3 kW),24/7 Security; EV Signs; Parking
STN-IND-0139,Phoenix Market City - Velachery,Public EV Network,Telangana,Chennai,"142, Velachery Rd Indira Gandhi Nagar, Velachery Chennai, Tamil Nadu 600042",12.991408,80.214305,AC Standard / Type 2,Standard,22,230V Single-Phase / 415V 3-Phase,09:00 AM - 11:00 PM,₹11 - ₹14 / kWh,2,1,1,0,Available,Type 2 AC (7.4 kW); IEC 60309 AC (3.3 kW),EV Signs; Parking
STN-IND-0140,Forum Vijaya Mall - Vadapalani,Public EV Network,Telangana,Chennai,"B1 Basement, No. 183, Arcot Road, NSK Salai, Vadapalani, Chennai, Tamil Nadu 600026",13.049952,80.209499,AC Standard / Type 2,Standard,22,230V Single-Phase / 415V 3-Phase,09:00 AM - 11:00 PM,₹11 - ₹14 / kWh,2,2,0,0,Available,Type 2 AC (7.4 kW); IEC 60309 AC (3.3 kW),ATM; EV Signs; Parking; Restroom; Shopping Mall; Wi-Fi
STN-IND-0141,Ampa Skywalk,Public EV Network,Telangana,Chennai,"No:1, Nelson Manickam Road, 627, Poonamalee High Road, Aminjikara",13.073439,80.221496,AC Standard / Type 2,Standard,22,230V Single-Phase / 415V 3-Phase,24/7 Always Open,₹11 - ₹14 / kWh,2,1,1,0,Available,Type 2 AC (7.4 kW); IEC 60309 AC (3.3 kW),24/7 Security; EV Signs; Parking
STN-IND-0142,AtWorks - Guindy,Public EV Network,Uttarakhand,Chennai,"39, North Parade Road, Chakrapani Colony, St Thomas Mount, Chennai, Tamil Nadu",13.006067,80.199984,AC Standard / Type 2,Standard,22,230V Single-Phase / 415V 3-Phase,24/7 Always Open,₹11 - ₹14 / kWh,2,1,1,0,Available,Type 2 AC (7.4 kW); IEC 60309 AC (3.3 kW),24/7 Security; EV Signs; Parking
STN-IND-0143,Cafe Azzure,Public EV Network,Uttarakhand,Bengaluru,"No 315, CMR Road, 3rd Block, HRBR Layout, Kalyan Nagar,",13.023563,77.635275,AC Standard / Type 2,Standard,22,230V Single-Phase / 415V 3-Phase,09:00 AM - 11:00 PM,₹11 - ₹14 / kWh,2,1,0,1,Available,Type 2 AC (7.4 kW); IEC 60309 AC (3.3 kW),Dining / Cafe; EV Signs; Parking; Restroom
STN-IND-0144,Almond House Kukatpally,Public EV Network,West Bengal,Hyderabad,"490, JNTU - Hitech City Road, K P H B Phase 3, Kukatpally, Hyderabad, Telangana",17.485859,78.39042,AC Standard / Type 2,Standard,22,230V Single-Phase / 415V 3-Phase,24/7 Always Open,₹11 - ₹14 / kWh,2,1,1,0,Available,Type 2 AC (7.4 kW); IEC 60309 AC (3.3 kW),24/7 Security; EV Signs; Parking
STN-IND-0145,Sarath City Capital Mall,Public EV Network,Haryana,Hyderabad,"Capital Mall, GF-070 & 071, Sarath City, Gachibowli - Miyapur Rd, Forest Dept Colony, Kondapur, Hyderabad, Telangana",17.456842,78.364575,AC Standard / Type 2,Standard,22,230V Single-Phase / 415V 3-Phase,09:00 AM - 11:00 PM,₹11 - ₹14 / kWh,2,2,0,0,Available,Type 2 AC (7.4 kW); IEC 60309 AC (3.3 kW),ATM; EV Signs; Parking; Restroom; Shopping Mall; Wi-Fi
STN-IND-0146,Atherspace Chennai,Ather Grid,Chandigarh,Chennai,"No.153, Wallace Garden 2nd St, Thousand Lights West, Nungambakkam, Chennai, Tamil Nadu 600006",13.060965,80.248509,AC Standard / Type 2,Standard,7.4,230V Single-Phase / 415V 3-Phase,24/7 Always Open,₹11 - ₹14 / kWh,2,1,1,0,Available,Type 2 AC (7.4 kW); IEC 60309 AC (3.3 kW),24/7 Security; EV Signs; Parking
STN-IND-0147,Athergrid CP,Ather Grid,Haryana,New Delhi,"A 221 road no 6, D Block, Connaught Place, New Delhi, 110037",28.633714,77.221904,AC Standard / Type 2,Standard,7.4,230V Single-Phase / 415V 3-Phase,24/7 Always Open,₹11 - ₹14 / kWh,2,1,1,0,Available,Type 2 AC (7.4 kW); IEC 60309 AC (3.3 kW),24/7 Security; EV Signs; Parking
STN-IND-0148,The Bangalore Bakery,Public EV Network,Maharashtra,Bengaluru,"No 30, Ground Floor, 1st Cross Road, Malleshwaram,",12.994175,77.57121,AC Standard / Type 2,Standard,22,230V Single-Phase / 415V 3-Phase,24/7 Always Open,₹11 - ₹14 / kWh,2,1,0,1,Available,Type 2 AC (7.4 kW); IEC 60309 AC (3.3 kW),24/7 Security; ATM; Dining / Cafe; EV Signs; Parking; Restroom; Shopping Mall; Wi-Fi
STN-IND-0149,Almond House SD Road,Public EV Network,Delhi,Hyderabad,"9-1-109/1B, Regimental Bazaar, Shivaji Nagar,",17.441011,78.503158,AC Standard / Type 2,Standard,22,230V Single-Phase / 415V 3-Phase,24/7 Always Open,₹11 - ₹14 / kWh,2,1,1,0,Available,Type 2 AC (7.4 kW); IEC 60309 AC (3.3 kW),24/7 Security; EV Signs; Parking
STN-IND-0150,Chai Kahani - Sainikpuri,Public EV Network,Hyderabadu00A0,Hyderabad,"colony, 1st Cross Vayupuri, Verka Residency, Vayupuri, Sainikpuri",17.486819,78.543127,AC Standard / Type 2,Standard,22,230V Single-Phase / 415V 3-Phase,24/7 Always Open,₹11 - ₹14 / kWh,2,2,0,0,Available,Type 2 AC (7.4 kW); IEC 60309 AC (3.3 kW),24/7 Security; EV Signs; Parking
STN-IND-0151,"Swiss Castle, Vidyanagar",Public EV Network,Punjab,Hyderabad,"2-1-565/F/4, Nallakunta Main Rd, Vidya Nagar, Adikmet, Hyderabad",17.400595,78.508078,AC Standard / Type 2,Standard,22,230V Single-Phase / 415V 3-Phase,24/7 Always Open,₹11 - ₹14 / kWh,2,1,1,0,Available,Type 2 AC (7.4 kW); IEC 60309 AC (3.3 kW),24/7 Security; EV Signs; Parking
STN-IND-0152,Bliss Bakery & Cafe,Public EV Network,Delhi,Pune,"Narayan Tower, near, Narayan Annaji Shinde Rd, Salunkhe Vihar Society, Kondhwa, Pune, Maharashtra",18.478838,73.901386,AC Standard / Type 2,Standard,22,230V Single-Phase / 415V 3-Phase,09:00 AM - 11:00 PM,₹11 - ₹14 / kWh,2,1,1,0,Available,Type 2 AC (7.4 kW); IEC 60309 AC (3.3 kW),ATM; Dining / Cafe; EV Signs; Parking; Restroom; Shopping Mall; Wi-Fi
STN-IND-0153,Flip Side,Public EV Network,Delhi,Hyderabad,"ISB Rd, Financial District, Nanakramguda, Hyderabad, Telangana",17.413978,78.327549,AC Standard / Type 2,Standard,22,230V Single-Phase / 415V 3-Phase,24/7 Always Open,₹11 - ₹14 / kWh,2,1,0,1,Available,Type 2 AC (7.4 kW); IEC 60309 AC (3.3 kW),24/7 Security; EV Signs; Parking
STN-IND-0154,Taj Mahal Hotel,Public EV Network,Tamil Nadu,Hyderabad,"5-9-502, Gun Foundry Street Number 1, Gun Foundry, Abids",17.391683,78.476672,AC Standard / Type 2,Standard,22,230V Single-Phase / 415V 3-Phase,24/7 Always Open,₹11 - ₹14 / kWh,2,1,1,0,Available,Type 2 AC (7.4 kW); IEC 60309 AC (3.3 kW),24/7 Security; Dining / Cafe; EV Signs; Parking; Restroom
STN-IND-0155,Sai Menaka Commercial Complex,Public EV Network,Tamil Nadu,Bengaluru,"1599/01, BB Main Road, Nehru Nagar, Next to Old Postoffice, Old Town, Yelahanka",13.098157,77.59673,AC Standard / Type 2,Standard,22,230V Single-Phase / 415V 3-Phase,09:00 AM - 11:00 PM,₹11 - ₹14 / kWh,2,2,0,0,Available,Type 2 AC (7.4 kW); IEC 60309 AC (3.3 kW),ATM; EV Signs; Parking; Restroom; Shopping Mall; Wi-Fi
STN-IND-0156,IDC Kitchen,Public EV Network,Gujarat,Bengaluru,"No 67, 80 Feet Road, KGEHBS Layout, Devasandra, RMV 2nd Stage, Armane Nagar,",13.028052,77.572997,Dual AC/DC Fast,Fast,30,415V AC / 400V DC,24/7 Always Open,₹15 - ₹19 / kWh,4,3,1,0,Available,CCS-2 (30 kW DC); Type 2 AC (22 kW); Bharat DC-001 (15 kW),24/7 Security; EV Signs; Parking
STN-IND-0157,Kalinga Veg Gourmet Kitchen,Public EV Network,Kerala,Pune,"1st - 3rd Floor, House of Nosh, CTS 1365, Gulawani Maharaj Road, Swaroop Society, Vakil Nagar, Erandwane, Pune, Maharashtra",18.50501,73.831624,AC Standard / Type 2,Standard,22,230V Single-Phase / 415V 3-Phase,24/7 Always Open,₹11 - ₹14 / kWh,2,1,1,0,Available,Type 2 AC (7.4 kW); IEC 60309 AC (3.3 kW),24/7 Security; EV Signs; Parking
STN-IND-0158,CopaCabana,Public EV Network,Maharashtra,Pune,"Near, Aundh-Wakad Road, Jagtap Dairy Rd, Vishal Nagar, Pune, Maharashtra 411027",18.588768,73.782523,AC Standard / Type 2,Standard,22,230V Single-Phase / 415V 3-Phase,24/7 Always Open,₹11 - ₹14 / kWh,2,1,0,1,Available,Type 2 AC (7.4 kW); IEC 60309 AC (3.3 kW),24/7 Security; EV Signs; Parking
STN-IND-0159,TamTree,Public EV Network,Andhra Pradesh,Pune,"Shop No.5, Pragati Bhavan, Behind Natural Ice Cream shop, Ghole Rd, near Bal Gandharva Chowk, Shivajinagar, Pune, Maharashtra",18.523157,73.847693,AC Standard / Type 2,Standard,22,230V Single-Phase / 415V 3-Phase,24/7 Always Open,₹11 - ₹14 / kWh,2,1,1,0,Available,Type 2 AC (7.4 kW); IEC 60309 AC (3.3 kW),24/7 Security; EV Signs; Parking
STN-IND-0160,KB's Woodlands,Public EV Network,Tamil Nadu,Pune,"B J Road Railway Station, Sadhu Vaswani Rd, near Pune, Maharashtra,Sadhu Vaswani Chowk",18.525182,73.875861,AC Standard / Type 2,Standard,22,230V Single-Phase / 415V 3-Phase,24/7 Always Open,₹11 - ₹14 / kWh,2,2,0,0,Available,Type 2 AC (7.4 kW); IEC 60309 AC (3.3 kW),24/7 Security; EV Signs; Parking
STN-IND-0161,"Sangeetha Mobiles, Chandra Layout",Public EV Network,Tamil Nadu,Bengaluru,"Shop #89/A, G Floor, 9th Cross Rd, Chandra Layout",12.9607,77.529186,AC Standard / Type 2,Standard,22,230V Single-Phase / 415V 3-Phase,24/7 Always Open,₹11 - ₹14 / kWh,2,1,1,0,Available,Type 2 AC (7.4 kW); IEC 60309 AC (3.3 kW),24/7 Security; EV Signs; Parking
STN-IND-0162,SPR CHENNAI FOOD COURT,Public EV Network,Karnataka,Chennai,"OLD NO: 76 , NEW NO: 112, VANAGARAM, Poonamallee High Rd, Chennai, Tamil Nadu 600095",13.061082,80.151934,AC Standard / Type 2,Standard,22,230V Single-Phase / 415V 3-Phase,24/7 Always Open,₹11 - ₹14 / kWh,2,1,1,0,Available,Type 2 AC (7.4 kW); IEC 60309 AC (3.3 kW),24/7 Security; ATM; Dining / Cafe; EV Signs; Parking; Restroom; Shopping Mall; Wi-Fi
STN-IND-0163,VMR Squares,Public EV Network,Goa,Chennai,"No. 5 & 6 Next to Tollgate, 200 Feet Radial Rd, Oggiyamduraipakkam, Tamil Nadu",12.950086,80.236563,AC Standard / Type 2,Standard,22,230V Single-Phase / 415V 3-Phase,24/7 Always Open,₹11 - ₹14 / kWh,2,1,0,1,Available,Type 2 AC (7.4 kW); IEC 60309 AC (3.3 kW),24/7 Security; ATM; EV Signs; Parking; Restroom; Shopping Mall; Wi-Fi
STN-IND-0164,"Chai Kings, Porur",Public EV Network,Gujarat,Chennai,"No - 1/128 Ground Floor, Truck Road Iyyappanthangal, Porur",13.037041,80.13988,AC Standard / Type 2,Standard,22,230V Single-Phase / 415V 3-Phase,24/7 Always Open,₹11 - ₹14 / kWh,2,1,1,0,Available,Type 2 AC (7.4 kW); IEC 60309 AC (3.3 kW),24/7 Security; EV Signs; Parking
STN-IND-0165,Ather Space Hyderabad,Ather Grid,Jharkhand,Hyderabad,"Plot no. 1 & 2, Survey No - 64P, Rohini Layout Opp Shilparamam, Hitech City, Madhapur",17.452666,78.380343,AC Standard / Type 2,Standard,7.4,230V Single-Phase / 415V 3-Phase,24/7 Always Open,₹11 - ₹14 / kWh,2,2,0,0,Available,Type 2 AC (7.4 kW); IEC 60309 AC (3.3 kW),24/7 Security; EV Signs; Parking
STN-IND-0166,M's Street,Public EV Network,Delhi,Chennai,"N0, 396/1, Mambakkam - Medavakkam Main Rd, Munusamy Nagar, Vimala Nagar, Medavakkam",12.914959,80.192067,AC Standard / Type 2,Standard,22,230V Single-Phase / 415V 3-Phase,24/7 Always Open,₹11 - ₹14 / kWh,2,1,1,0,Available,Type 2 AC (7.4 kW); IEC 60309 AC (3.3 kW),24/7 Security; EV Signs; Parking
STN-IND-0167,Noma Talkies,Public EV Network,Kerala,Hyderabad,"3-4-99, Nacharam - Mallapur Rd, May Flower Hights, Vivekananda Nagar, Mallapur, Secunderabad, Telangana",17.447469,78.57175,AC Standard / Type 2,Standard,22,230V Single-Phase / 415V 3-Phase,24/7 Always Open,₹11 - ₹14 / kWh,2,1,1,0,Available,Type 2 AC (7.4 kW); IEC 60309 AC (3.3 kW),24/7 Security; ATM; EV Signs; Parking; Restroom; Shopping Mall; Wi-Fi
STN-IND-0168,Regenta Central Antarim,Public EV Network,West Bengal,Ahmedabad,"Between Girish Coldrink and Xaviers Corner, Chimanlal Girdharlal Rd, Navrangpura, Ahmedabad, Gujarat",23.033167,72.556813,AC Standard / Type 2,Standard,22,230V Single-Phase / 415V 3-Phase,24/7 Always Open,₹11 - ₹14 / kWh,2,1,0,1,Available,Type 2 AC (7.4 kW); IEC 60309 AC (3.3 kW),24/7 Security; EV Signs; Parking
STN-IND-0169,"French toast, Panampilly Nagar",Public EV Network,West Bengal,Kochi,"8th Cross, Street B, Ambikapuram Rd, Panampilly Nagar, Ernakulam, Kerala",9.960854,76.293921,AC Standard / Type 2,Standard,22,230V Single-Phase / 415V 3-Phase,24/7 Always Open,₹11 - ₹14 / kWh,2,1,1,0,Available,Type 2 AC (7.4 kW); IEC 60309 AC (3.3 kW),24/7 Security; EV Signs; Parking
STN-IND-0170,"French Toast, Kacheripady",Public EV Network,Bihar,Kochi,"Chittoor Rd, near Westend Eye Hospital, Kacheripady, Kochi, Kerala",9.987842,76.282733,AC Standard / Type 2,Standard,22,230V Single-Phase / 415V 3-Phase,24/7 Always Open,₹11 - ₹14 / kWh,2,2,0,0,Available,Type 2 AC (7.4 kW); IEC 60309 AC (3.3 kW),24/7 Security; EV Signs; Parking
STN-IND-0171,Centre square mall,Public EV Network,Tamil Nadu,Kochi,"40/6972, Mahatma Gandhi Rd, Rajaji Junction, Kochi, Kerala",9.977934,76.280871,AC Standard / Type 2,Standard,22,230V Single-Phase / 415V 3-Phase,09:00 AM - 11:00 PM,₹11 - ₹14 / kWh,2,1,1,0,Available,Type 2 AC (7.4 kW); IEC 60309 AC (3.3 kW),ATM; EV Signs; Parking; Restroom; Shopping Mall; Wi-Fi
STN-IND-0172,The Food Drama,Public EV Network,Tamil Nadu,Ahmedabad,"Besides Geetanjali Party Plot, near sterling cancer hospital Sindhu bhawan road Bodakdev, Ahmedabad, Bodakdev, West, Thaltej, Ahmedabad, Gujarat",23.044056,72.509962,AC Standard / Type 2,Standard,22,230V Single-Phase / 415V 3-Phase,24/7 Always Open,₹11 - ₹14 / kWh,2,1,1,0,Available,Type 2 AC (7.4 kW); IEC 60309 AC (3.3 kW),24/7 Security; Dining / Cafe; EV Signs; Parking; Restroom
STN-IND-0173,Tea Post - The Desi Cafe,Public EV Network,Tamil Nadu,Ahmedabad,"Nr. Taj Lane Hotel, Sankalp Square Lane Nr. S. P. Ring Road, Sindhu Bhavan Marg, Road, Ahmedabad, Gujarat",23.04574,72.483755,AC Standard / Type 2,Standard,22,230V Single-Phase / 415V 3-Phase,09:00 AM - 11:00 PM,₹11 - ₹14 / kWh,2,1,0,1,Available,Type 2 AC (7.4 kW); IEC 60309 AC (3.3 kW),ATM; Dining / Cafe; EV Signs; Parking; Restroom; Shopping Mall; Wi-Fi
STN-IND-0174,Smarttron Automations,Public EV Network,Tamil Nadu,Bengaluru,"4th Floor, 1031, 24th Main Rd, 1st Sector, HSR Layout, Bengaluru",12.917819,77.64921,AC Standard / Type 2,Standard,22,230V Single-Phase / 415V 3-Phase,24/7 Always Open,₹11 - ₹14 / kWh,2,1,1,0,Available,Type 2 AC (7.4 kW); IEC 60309 AC (3.3 kW),24/7 Security; EV Signs; Parking
STN-IND-0175,Blue Tokai Coffee,Public EV Network,Tamil Nadu,Mumbai,"Unit 20-22, Laxmi Woollen Mill, Opposite Blue Loft, Dr E Moses Marg, Off, Shakti Mills Ln, Mahalakshmi, Mumbai",18.989356,72.825234,AC Standard / Type 2,Standard,22,230V Single-Phase / 415V 3-Phase,24/7 Always Open,₹11 - ₹14 / kWh,2,2,0,0,Available,Type 2 AC (7.4 kW); IEC 60309 AC (3.3 kW),24/7 Security; EV Signs; Parking
STN-IND-0176,VR Chennai,Public EV Network,Tamil Nadu,Chennai,"Jawaharlal Nehru Rd, Thirumangalam, Anna Nagar, Chennai, Tamil Nadu",13.080547,80.197132,AC Standard / Type 2,Standard,22,230V Single-Phase / 415V 3-Phase,24/7 Always Open,₹11 - ₹14 / kWh,2,1,1,0,Available,Type 2 AC (7.4 kW); IEC 60309 AC (3.3 kW),24/7 Security; EV Signs; Parking
STN-IND-0177,DSL Virtue Mall,Public EV Network,Karnataka,Hyderabad,"Near Rajiv Gandhi International Cricket Stadium, Survey Colony, Industrial Development Area, Uppal, Hyderabad, Telangana",17.39981,78.555117,AC Standard / Type 2,Standard,22,230V Single-Phase / 415V 3-Phase,09:00 AM - 11:00 PM,₹11 - ₹14 / kWh,2,1,1,0,Available,Type 2 AC (7.4 kW); IEC 60309 AC (3.3 kW),ATM; EV Signs; Parking; Restroom; Shopping Mall; Wi-Fi
STN-IND-0178,Jogo Infinite,Public EV Network,Karnataka,Kochi,"Louis Line, 3869a, Pandit Karuppan Rd, Perumanoor",9.944703,76.29251,AC Standard / Type 2,Standard,22,230V Single-Phase / 415V 3-Phase,24/7 Always Open,₹11 - ₹14 / kWh,2,1,0,1,Available,Type 2 AC (7.4 kW); IEC 60309 AC (3.3 kW),24/7 Security; EV Signs; Parking
STN-IND-0179,Sixth Avenue Cafe,Public EV Network,Karnataka,Kozhikode,"Ground Floor Baby Arcade, PT Usha Rd, near GatewayHotel, Kozhikode, Kerala",11.258247,75.774777,AC Standard / Type 2,Standard,22,230V Single-Phase / 415V 3-Phase,09:00 AM - 11:00 PM,₹11 - ₹14 / kWh,2,1,1,0,Available,Type 2 AC (7.4 kW); IEC 60309 AC (3.3 kW),Dining / Cafe; EV Signs; Parking; Restroom
STN-IND-0180,Dr. Cafe,Public EV Network,Tamil Nadu,Kozhikode,"Kozhikode - Mavoor - Areacode Rd, Near Hindustan Petroleum, Velliparamba, Kozhikode, Kerala",11.269806,75.843645,AC Standard / Type 2,Standard,22,230V Single-Phase / 415V 3-Phase,09:00 AM - 11:00 PM,₹11 - ₹14 / kWh,2,2,0,0,Available,Type 2 AC (7.4 kW); IEC 60309 AC (3.3 kW),Air Pump; Convenience Store; Dining / Cafe; EV Signs; Parking; Restroom
STN-IND-0181,Cafe Kathaa,Public EV Network,Tamil Nadu,Pune,"Unnamed Road, Fergusson college campus Rd, Shivajinagar, Pune, Maharashtra 411004",18.520778,73.840535,AC Standard / Type 2,Standard,22,230V Single-Phase / 415V 3-Phase,09:00 AM - 11:00 PM,₹11 - ₹14 / kWh,2,1,1,0,Available,Type 2 AC (7.4 kW); IEC 60309 AC (3.3 kW),Dining / Cafe; EV Signs; Parking; Restroom
STN-IND-0182,"Kumaran Silks, T Nagar",Public EV Network,Rajasthan,Chennai,"12, Nageswaran Road, Parthasarathi Puram, T. Nagar",13.040653,80.232646,AC Standard / Type 2,Standard,22,230V Single-Phase / 415V 3-Phase,24/7 Always Open,₹11 - ₹14 / kWh,2,1,1,0,Available,Type 2 AC (7.4 kW); IEC 60309 AC (3.3 kW),24/7 Security; EV Signs; Parking
STN-IND-0183,Subway Aundh,Public EV Network,Bihar,Pune,"1 Samar Paradise, DP Rd, Aundh, Pune, Maharashtra 411007",18.560482,73.805041,AC Standard / Type 2,Standard,22,230V Single-Phase / 415V 3-Phase,24/7 Always Open,₹11 - ₹14 / kWh,2,1,0,1,Available,Type 2 AC (7.4 kW); IEC 60309 AC (3.3 kW),24/7 Security; EV Signs; Parking
STN-IND-0184,"Chai Kings, Sai baba colony",Public EV Network,Karnataka,Coimbatore,"No. 546 and 567, NSR Rd, Saibaba Colony, Tamil Nadu",11.026889,76.948569,AC Standard / Type 2,Standard,22,230V Single-Phase / 415V 3-Phase,24/7 Always Open,₹11 - ₹14 / kWh,2,1,1,0,Available,Type 2 AC (7.4 kW); IEC 60309 AC (3.3 kW),24/7 Security; EV Signs; Parking
STN-IND-0185,Adani Shantigram,Public EV Network,Tamil Nadu,Ahmedabad,"Adani Shantigram, Gujarat 382421",23.160601,72.542739,AC Standard / Type 2,Standard,22,230V Single-Phase / 415V 3-Phase,24/7 Always Open,₹11 - ₹14 / kWh,2,2,0,0,Available,Type 2 AC (7.4 kW); IEC 60309 AC (3.3 kW),24/7 Security; EV Signs; Parking
STN-IND-0186,Mugs And Brews - Cafu00e9 Restaurant,Public EV Network,Tamil Nadu,Coimbatore,"23A Thudiyalur Road Sivasakthi Nagar, Saravanampatti",11.080994,76.991149,AC Standard / Type 2,Standard,22,230V Single-Phase / 415V 3-Phase,09:00 AM - 11:00 PM,₹11 - ₹14 / kWh,2,1,1,0,Available,Type 2 AC (7.4 kW); IEC 60309 AC (3.3 kW),Dining / Cafe; EV Signs; Parking; Restroom
STN-IND-0187,"1944 The Hocco Kitchen, Vaishnodevi",Public EV Network,Uttar Pradesh,Ahmedabad,"Vaishnodevi Cir, Ahmedabad, Gujarat",23.134737,72.541765,AC Standard / Type 2,Standard,22,230V Single-Phase / 415V 3-Phase,24/7 Always Open,₹11 - ₹14 / kWh,2,1,1,0,Available,Type 2 AC (7.4 kW); IEC 60309 AC (3.3 kW),24/7 Security; EV Signs; Parking
STN-IND-0188,Benjamin Bangalee,Public EV Network,Maharashtra,Kolkata,"P/122, James Long Sarani, Majhipara, Kolkata, West Bengal",22.466844,88.311155,AC Standard / Type 2,Standard,22,230V Single-Phase / 415V 3-Phase,24/7 Always Open,₹11 - ₹14 / kWh,2,1,0,1,Available,Type 2 AC (7.4 kW); IEC 60309 AC (3.3 kW),24/7 Security; EV Signs; Parking
STN-IND-0189,Richy Rich - Race course,Public EV Network,Tamil Nadu,Coimbatore,"Race Course Rd, Near Park, Race Course, Coimbatore, Tamil Nadu",10.998401,76.976532,AC Standard / Type 2,Standard,22,230V Single-Phase / 415V 3-Phase,24/7 Always Open,₹11 - ₹14 / kWh,2,1,1,0,Available,Type 2 AC (7.4 kW); IEC 60309 AC (3.3 kW),24/7 Security; EV Signs; Parking
STN-IND-0190,Suba International,Public EV Network,West Bengal,Mumbai,"Plot No. 211, Chakala, Sahar Rd, Opposite Cigarette Factory, Andheri East, Mumbai, Maharashtra",19.106207,72.860261,AC Standard / Type 2,Standard,22,230V Single-Phase / 415V 3-Phase,24/7 Always Open,₹11 - ₹14 / kWh,2,2,0,0,Available,Type 2 AC (7.4 kW); IEC 60309 AC (3.3 kW),24/7 Security; EV Signs; Parking
STN-IND-0191,MCGM Parking || Runwal Anthurium,Public EV Network,West Bengal,Mumbai,"Runwal Anthurium Rd, opposite Veena Nagar, Vardhman Nagar, Mulund West",19.180666,72.946847,AC Standard / Type 2,Standard,22,230V Single-Phase / 415V 3-Phase,24/7 Always Open,₹11 - ₹14 / kWh,2,1,1,0,Available,Type 2 AC (7.4 kW); IEC 60309 AC (3.3 kW),24/7 Security; EV Signs; Parking
STN-IND-0192,DLF Chennai,Public EV Network,West Bengal,Chennai,"Mount Poonamallee Rd, Manapakkam",13.0223,80.1749,AC Standard / Type 2,Standard,22,230V Single-Phase / 415V 3-Phase,24/7 Always Open,₹11 - ₹14 / kWh,2,1,1,0,Available,Type 2 AC (7.4 kW); IEC 60309 AC (3.3 kW),24/7 Security; ATM; EV Signs; Parking; Restroom; Shopping Mall; Wi-Fi
STN-IND-0193,Kabra Metro One,Public EV Network,West Bengal,Mumbai,"14, JP Rd, Aram Nagar, Seven Bunglow, Andheri West",19.130301,72.822297,AC Standard / Type 2,Standard,22,230V Single-Phase / 415V 3-Phase,24/7 Always Open,₹11 - ₹14 / kWh,2,1,0,1,Available,Type 2 AC (7.4 kW); IEC 60309 AC (3.3 kW),24/7 Security; EV Signs; Parking
STN-IND-0194,Lumber Jack,Public EV Network,Haryana,Pune,"TechKaTech Innovation Hub, Karve road, Opp to Vandevi Temple, above Hotel Marathi Bana, Mavale Basti, Hingne Budrukh, Karve Nagar, Pune, Maharashtra ,Karve Nagar",18.493115,73.815487,AC Standard / Type 2,Standard,22,230V Single-Phase / 415V 3-Phase,24/7 Always Open,₹11 - ₹14 / kWh,2,1,1,0,Available,Type 2 AC (7.4 kW); IEC 60309 AC (3.3 kW),24/7 Security; Dining / Cafe; EV Signs; Parking; Restroom
STN-IND-0195,AtherSpace Pune,Ather Grid,Haryana,Pune,"805, Bhandarkar Rd, Below Kung Apartments, Deccan Gymkhana, Pune, Maharashtra",18.518673,73.830297,AC Standard / Type 2,Standard,7.4,230V Single-Phase / 415V 3-Phase,24/7 Always Open,₹11 - ₹14 / kWh,2,2,0,0,Available,Type 2 AC (7.4 kW); IEC 60309 AC (3.3 kW),24/7 Security; EV Signs; Parking
STN-IND-0196,OMAXE Gurgaon Mall,Public EV Network,Rajasthan,Gurugram,"71, Shanti St, Block S, Uppal Southend, Sector 49, Gurugram, Haryana",28.410958,77.042484,AC Standard / Type 2,Standard,22,230V Single-Phase / 415V 3-Phase,09:00 AM - 11:00 PM,₹11 - ₹14 / kWh,2,1,1,0,Available,Type 2 AC (7.4 kW); IEC 60309 AC (3.3 kW),ATM; EV Signs; Parking; Restroom; Shopping Mall; Wi-Fi
STN-IND-0197,MCGM Parking || Club Aquaria,Public EV Network,Uttar Pradesh,Mumbai,"Devidas Lane, Shanti Ashram Borivali West, Near St.Lawrence High School, Mumbai, Maharashtra ,Borivali",19.240236,72.848182,AC Standard / Type 2,Standard,22,230V Single-Phase / 415V 3-Phase,24/7 Always Open,₹11 - ₹14 / kWh,2,1,1,0,Available,Type 2 AC (7.4 kW); IEC 60309 AC (3.3 kW),24/7 Security; EV Signs; Parking
STN-IND-0198,Focus Mall,Public EV Network,Maharashtra,Kozhikode,"Rajaji Road, Calicut-  Kerala, India",11.258638,75.785705,AC Standard / Type 2,Standard,22,230V Single-Phase / 415V 3-Phase,09:00 AM - 11:00 PM,₹11 - ₹14 / kWh,2,1,0,1,Available,Type 2 AC (7.4 kW); IEC 60309 AC (3.3 kW),ATM; EV Signs; Parking; Restroom; Shopping Mall; Wi-Fi
STN-IND-0199,GM Cycle Parking Stand (Opp to sevai maiyyam),Public EV Network,Rajasthan,Chennai,"No 43/G, Station Road, Thirumalairajapuram, Avadi, Chennai, Tamil Nadu",13.117155,80.09997,AC Standard / Type 2,Standard,22,230V Single-Phase / 415V 3-Phase,24/7 Always Open,₹11 - ₹14 / kWh,2,1,1,0,Available,Type 2 AC (7.4 kW); IEC 60309 AC (3.3 kW),24/7 Security; EV Signs; Parking
STN-IND-0200,"Grand Mall, Kochi",Public EV Network,Maharashtra,Kochi,"Panvel - Kochi - Kanyakumari Hwy, Toll Junction, Edappally, Kochi, Kerala",10.024412,76.308956,AC Standard / Type 2,Standard,22,230V Single-Phase / 415V 3-Phase,09:00 AM - 11:00 PM,₹11 - ₹14 / kWh,2,2,0,0,Available,Type 2 AC (7.4 kW); IEC 60309 AC (3.3 kW),ATM; EV Signs; Parking; Restroom; Shopping Mall; Wi-Fi
STN-IND-0201,Hotel House Inn,Public EV Network,Maharashtra,Noida,"BS-100, Basai, Sector 70, Noida, Uttar Pradesh",28.595229,77.382221,AC Standard / Type 2,Standard,22,230V Single-Phase / 415V 3-Phase,24/7 Always Open,₹11 - ₹14 / kWh,2,1,1,0,Available,Type 2 AC (7.4 kW); IEC 60309 AC (3.3 kW),24/7 Security; Dining / Cafe; EV Signs; Parking; Restroom
STN-IND-0202,Kotak Mahindra Bank,Public EV Network,Jammu and Kashmir,Indore,"580, Mahatma Gandhi Rd, near Indraprastha Tower, Infront of, Race Course Road, Indore, Madhya Pradesh",22.722919,75.879361,AC Standard / Type 2,Standard,22,230V Single-Phase / 415V 3-Phase,24/7 Always Open,₹11 - ₹14 / kWh,2,1,1,0,Available,Type 2 AC (7.4 kW); IEC 60309 AC (3.3 kW),24/7 Security; ATM; EV Signs; Parking; Restroom; Shopping Mall; Wi-Fi
STN-IND-0203,Dosa Magic,Public EV Network,Maharashtra,Indore,"147 B, Moon Palace Colony, Near Annapurna Police Station, Annapurna Road, Indore",22.695975,75.84221,AC Standard / Type 2,Standard,22,230V Single-Phase / 415V 3-Phase,24/7 Always Open,₹11 - ₹14 / kWh,2,1,0,1,Available,Type 2 AC (7.4 kW); IEC 60309 AC (3.3 kW),24/7 Security; EV Signs; Parking
STN-IND-0204,The blue roof Cafe,Public EV Network,Telangana,Indore,"236, Bhawarkua Main Rd, near Anand Super 100, Indrapuri Colony, Bhanwar Kuwa, Indore, Madhya Pradesh",22.689781,75.866902,AC Standard / Type 2,Standard,22,230V Single-Phase / 415V 3-Phase,09:00 AM - 11:00 PM,₹11 - ₹14 / kWh,2,1,1,0,Available,Type 2 AC (7.4 kW); IEC 60309 AC (3.3 kW),Dining / Cafe; EV Signs; Parking; Restroom
STN-IND-0205,Oyo Townhouse 118,Public EV Network,Delhi,New Delhi,"20, Gagan Vihar, Krishna Nagar",28.646011,77.296796,AC Standard / Type 2,Standard,22,230V Single-Phase / 415V 3-Phase,24/7 Always Open,₹11 - ₹14 / kWh,2,2,0,0,Available,Type 2 AC (7.4 kW); IEC 60309 AC (3.3 kW),24/7 Security; EV Signs; Parking
STN-IND-0206,Oyo Townhouse 381,Public EV Network,Delhi,New Delhi,"D/59, New Seemapuri Rd, Pocket E, Dilshad Colony New Simapuri, Dilshad Garden",28.68902,77.323102,AC Standard / Type 2,Standard,22,230V Single-Phase / 415V 3-Phase,24/7 Always Open,₹11 - ₹14 / kWh,2,1,1,0,Available,Type 2 AC (7.4 kW); IEC 60309 AC (3.3 kW),24/7 Security; EV Signs; Parking
STN-IND-0207,Nukkad Tea Cafe,Public EV Network,Andhra Pradesh,Raipur,"75, Jalvihar Colony Rd, Civil Lines, Raipur, Chhattisgarh",21.240476,81.657498,AC Standard / Type 2,Standard,22,230V Single-Phase / 415V 3-Phase,09:00 AM - 11:00 PM,₹11 - ₹14 / kWh,2,1,1,0,Available,Type 2 AC (7.4 kW); IEC 60309 AC (3.3 kW),Dining / Cafe; EV Signs; Parking; Restroom
STN-IND-0208,Aaranyam Restaurant & Cafe,Public EV Network,Chhattisgarh,Raipur,"near Vedanta Balco Medical Center, Sector 24, Nawagaon Parsatti, Naya Raipur, Chhattisgarh",21.134229,81.77231,AC Standard / Type 2,Standard,22,230V Single-Phase / 415V 3-Phase,09:00 AM - 11:00 PM,₹11 - ₹14 / kWh,2,1,0,1,Available,Type 2 AC (7.4 kW); IEC 60309 AC (3.3 kW),Dining / Cafe; EV Signs; Parking; Restroom
STN-IND-0209,Ather Space Ahmedabad,Ather Grid,Delhi,Ahmedabad,"Shop No. 01, Ground floor, 3rd Eye Vision Opp. Shivalik Plaza, near AMA, Panjrapole CharRasta, Ahmedabad, Gujarat",23.028197,72.543289,AC Standard / Type 2,Standard,7.4,230V Single-Phase / 415V 3-Phase,24/7 Always Open,₹11 - ₹14 / kWh,2,1,1,0,Available,Type 2 AC (7.4 kW); IEC 60309 AC (3.3 kW),24/7 Security; EV Signs; Parking
STN-IND-0210,"Cake Bee, Cantonment",Public EV Network,Madhya Pradesh,Tiruchirappalli,"3/A, Bharathidasan Salai, near Campion School, Cantonment, Tamil Nadu, Trichy",10.802402,78.682418,AC Standard / Type 2,Standard,22,230V Single-Phase / 415V 3-Phase,24/7 Always Open,₹11 - ₹14 / kWh,2,2,0,0,Available,Type 2 AC (7.4 kW); IEC 60309 AC (3.3 kW),24/7 Security; EV Signs; Parking
STN-IND-0211,"Cake Bee, Singaram Nagar",Public EV Network,Kerala,Tiruchirappalli,"Ground Floor, No.7, Singaram Nagar, Kattur, Trichy Tamil Nadu, Trichy",10.796714,78.756347,AC Standard / Type 2,Standard,22,230V Single-Phase / 415V 3-Phase,24/7 Always Open,₹11 - ₹14 / kWh,2,1,1,0,Available,Type 2 AC (7.4 kW); IEC 60309 AC (3.3 kW),24/7 Security; EV Signs; Parking
STN-IND-0212,Aspire - Step Inn Sector 27,Public EV Network,Maharashtra,Gurugram,"opposite Jan Pratinidhi Apartments, Sector 27, Gurugram, Haryana 122009",28.467282,77.092763,AC Standard / Type 2,Standard,22,230V Single-Phase / 415V 3-Phase,24/7 Always Open,₹11 - ₹14 / kWh,2,1,1,0,Available,Type 2 AC (7.4 kW); IEC 60309 AC (3.3 kW),24/7 Security; EV Signs; Parking
STN-IND-0213,Veg Aroma,Public EV Network,Maharashtra,Nashik,"Gangapur Rd, Kale Nagar, Viveka Nand Nagar, Anandvalli, Nashik, Maharashtra ,Gangapur Road",20.012057,73.746188,AC Standard / Type 2,Standard,22,230V Single-Phase / 415V 3-Phase,24/7 Always Open,₹11 - ₹14 / kWh,2,1,0,1,Available,Type 2 AC (7.4 kW); IEC 60309 AC (3.3 kW),24/7 Security; EV Signs; Parking
STN-IND-0214,The Cobble Street,Public EV Network,Maharashtra,Nashik,"Gangapur-Savargaon Rd, Nashik, Maharashtra",20.014406,73.698345,AC Standard / Type 2,Standard,22,230V Single-Phase / 415V 3-Phase,24/7 Always Open,₹11 - ₹14 / kWh,2,1,1,0,Available,Type 2 AC (7.4 kW); IEC 60309 AC (3.3 kW),24/7 Security; EV Signs; Parking
STN-IND-0215,Brown Bites II,Public EV Network,Maharashtra,Jaipur,"B-42, Sarthi Marg, Bhan Nagar, Jaipur, Rajasthan",26.901567,75.751926,AC Standard / Type 2,Standard,22,230V Single-Phase / 415V 3-Phase,24/7 Always Open,₹11 - ₹14 / kWh,2,2,0,0,Available,Type 2 AC (7.4 kW); IEC 60309 AC (3.3 kW),24/7 Security; EV Signs; Parking
STN-IND-0216,Lodha Florenza,Public EV Network,Maharashtra,Mumbai,"On Western Express Highway, adjacent to Hub Mall, Cama Industrial Estate, Goregaon, Mumbai, Maharashtra ,Goregaon",19.153811,72.855796,AC Standard / Type 2,Standard,22,230V Single-Phase / 415V 3-Phase,24/7 Always Open,₹11 - ₹14 / kWh,2,1,1,0,Available,Type 2 AC (7.4 kW); IEC 60309 AC (3.3 kW),24/7 Security; ATM; EV Signs; Parking; Restroom; Shopping Mall; Wi-Fi
STN-IND-0217,"Ather Space, Coimbatore",Ather Grid,Maharashtra,Coimbatore,"357, Patel Rd, Ram Nagar, Coimbatore, Tamil Nadu",11.011348,76.959816,AC Standard / Type 2,Standard,7.4,230V Single-Phase / 415V 3-Phase,24/7 Always Open,₹11 - ₹14 / kWh,2,1,1,0,Available,Type 2 AC (7.4 kW); IEC 60309 AC (3.3 kW),24/7 Security; EV Signs; Parking
STN-IND-0218,K Star Chembur,Public EV Network,Maharashtra,Mumbai,"VN Purav Marg Diamond Garden, Basant Garden, Chembur Mumbai, Maharashtra,Chembur",19.052316,72.901636,AC Standard / Type 2,Standard,22,230V Single-Phase / 415V 3-Phase,24/7 Always Open,₹11 - ₹14 / kWh,2,1,0,1,Available,Type 2 AC (7.4 kW); IEC 60309 AC (3.3 kW),24/7 Security; EV Signs; Parking
STN-IND-0219,IIT Madras (ICSR),Public EV Network,Chandigarh,Chennai,"Near Gajendra Circle, Opposite to Admin Building, Indian Institute Of Technology, Adyar, Chennai, Tamil Nadu",12.991701,80.232102,AC Standard / Type 2,Standard,22,230V Single-Phase / 415V 3-Phase,24/7 Always Open,₹11 - ₹14 / kWh,2,1,1,0,Available,Type 2 AC (7.4 kW); IEC 60309 AC (3.3 kW),24/7 Security; EV Signs; Parking
STN-IND-0220,"Ather Space, Kochi",Ather Grid,Delhi,Kochi,"Ponnurunni-Chalikkavattom Rd, Ponnurunni East, Ponnurunni, Vyttila, Ernakulam, Kerala",9.98014,76.317365,AC Standard / Type 2,Standard,7.4,230V Single-Phase / 415V 3-Phase,24/7 Always Open,₹11 - ₹14 / kWh,2,2,0,0,Available,Type 2 AC (7.4 kW); IEC 60309 AC (3.3 kW),24/7 Security; EV Signs; Parking
STN-IND-0221,Treehouse Queens Pearl,Public EV Network,Maharashtra,Gurugram,"SH 15A, Shanti Nagar, Shivaji Nagar, Sector 11, Gurugram, Haryana ,Gurgaon",28.44935,77.031597,AC Standard / Type 2,Standard,22,230V Single-Phase / 415V 3-Phase,24/7 Always Open,₹11 - ₹14 / kWh,2,1,1,0,Available,Type 2 AC (7.4 kW); IEC 60309 AC (3.3 kW),24/7 Security; EV Signs; Parking
STN-IND-0222,Kala Ghoda Cafe,Public EV Network,Maharashtra,Mumbai,"10, Rope Walk Ln, Kala Ghoda, Fort, Mumbai, Maharashtra",18.928455,72.83203,AC Standard / Type 2,Standard,22,230V Single-Phase / 415V 3-Phase,09:00 AM - 11:00 PM,₹11 - ₹14 / kWh,2,1,1,0,Available,Type 2 AC (7.4 kW); IEC 60309 AC (3.3 kW),Dining / Cafe; EV Signs; Parking; Restroom
STN-IND-0223,UB City,Public EV Network,Maharashtra,Bengaluru,"No 24, Vittal Mallya Road, KG Halli, D' Souza Layout, Ashok Nagar,",12.971406,77.595799,AC Standard / Type 2,Standard,22,230V Single-Phase / 415V 3-Phase,24/7 Always Open,₹11 - ₹14 / kWh,2,1,0,1,Available,Type 2 AC (7.4 kW); IEC 60309 AC (3.3 kW),24/7 Security; ATM; EV Signs; Parking; Restroom; Shopping Mall; Wi-Fi
STN-IND-0224,Trichi Kaveri Foods Private Limited,Public EV Network,Kerala,Tiruchirappalli,"19, Main road, Annamalai Nagar",10.833099,78.684534,AC Standard / Type 2,Standard,22,230V Single-Phase / 415V 3-Phase,24/7 Always Open,₹11 - ₹14 / kWh,2,1,1,0,Available,Type 2 AC (7.4 kW); IEC 60309 AC (3.3 kW),24/7 Security; Dining / Cafe; EV Signs; Parking; Restroom
STN-IND-0225,Signature Mall,Public EV Network,Tamil Nadu,Ghaziabad,"Shop No. 2. Ground Floor Signature Street, G-Block, Govindpuram, Ghaziabad, Uttar Pradesh",28.691014,77.486385,AC Standard / Type 2,Standard,22,230V Single-Phase / 415V 3-Phase,09:00 AM - 11:00 PM,₹11 - ₹14 / kWh,2,2,0,0,Available,Type 2 AC (7.4 kW); IEC 60309 AC (3.3 kW),ATM; EV Signs; Parking; Restroom; Shopping Mall; Wi-Fi
STN-IND-0226,Hotel Noida International,Public EV Network,Maharashtra,Noida,"Nagar Complex Noida Road Opposite Mercedes Showroom, Sector 11, Noida, Uttar Pradesh ,Noida",28.596757,77.328269,AC Standard / Type 2,Standard,22,230V Single-Phase / 415V 3-Phase,24/7 Always Open,₹11 - ₹14 / kWh,2,1,1,0,Available,Type 2 AC (7.4 kW); IEC 60309 AC (3.3 kW),24/7 Security; ATM; Dining / Cafe; EV Signs; Parking; Restroom; Shopping Mall; Wi-Fi
STN-IND-0227,Carnival Cinemas Imax,Public EV Network,Telangana,Mumbai,"Carnival Cinemas Imax, Anik Wadala Link Rd, Bhakti Park, Wadala, Mumbai, Maharashtra ,Worli",19.03133,72.880965,AC Standard / Type 2,Standard,22,230V Single-Phase / 415V 3-Phase,24/7 Always Open,₹11 - ₹14 / kWh,2,1,1,0,Available,Type 2 AC (7.4 kW); IEC 60309 AC (3.3 kW),24/7 Security; EV Signs; Parking
STN-IND-0228,Hotel Parktel,Public EV Network,Andhra Pradesh,Ghaziabad,"Omaxe Plaza, 583, Vijay Laxmi Pandit Marg, Near, Shakti Khand 2, Indirapuram, Ghaziabad, Uttar Pradesh",28.646366,77.36784,AC Standard / Type 2,Standard,22,230V Single-Phase / 415V 3-Phase,24/7 Always Open,₹11 - ₹14 / kWh,2,1,0,1,Available,Type 2 AC (7.4 kW); IEC 60309 AC (3.3 kW),24/7 Security; Dining / Cafe; EV Signs; Parking; Restroom
STN-IND-0229,Ardas Televentures Pvt Ltd,Public EV Network,Andhra Pradesh,Jaipur,"#147, Rathore Nagar, Amrapali Road, Vaishali Nagar",26.911545,75.74876,AC Standard / Type 2,Standard,22,230V Single-Phase / 415V 3-Phase,24/7 Always Open,₹11 - ₹14 / kWh,2,1,1,0,Available,Type 2 AC (7.4 kW); IEC 60309 AC (3.3 kW),24/7 Security; EV Signs; Parking
STN-IND-0230,Cue Campus,Public EV Network,Madhya Pradesh,Hubballi,"B 4 chetan complex opp kims main gate Vidhyagar, PB Rd, Vidya Nagar",15.360651,75.126774,AC Standard / Type 2,Standard,22,230V Single-Phase / 415V 3-Phase,24/7 Always Open,₹11 - ₹14 / kWh,2,2,0,0,Available,Type 2 AC (7.4 kW); IEC 60309 AC (3.3 kW),24/7 Security; ATM; EV Signs; Parking; Restroom; Shopping Mall; Wi-Fi
STN-IND-0231,Sony Center Bellad and Company,Public EV Network,West Bengal,Hubballi,"Sony Center, Lamington Rd, Deshpande Nagar, Hubli",15.351334,75.141651,AC Standard / Type 2,Standard,22,230V Single-Phase / 415V 3-Phase,24/7 Always Open,₹11 - ₹14 / kWh,2,1,1,0,Available,Type 2 AC (7.4 kW); IEC 60309 AC (3.3 kW),24/7 Security; Air Pump; Convenience Store; EV Signs; Parking; Restroom
STN-IND-0232,Bellad Towers,Public EV Network,Maharashtra,Hubballi,"Ground Floor Bannigida Stop, Gokul Rd",15.351171,75.126191,AC Standard / Type 2,Standard,22,230V Single-Phase / 415V 3-Phase,24/7 Always Open,₹11 - ₹14 / kWh,2,1,1,0,Available,Type 2 AC (7.4 kW); IEC 60309 AC (3.3 kW),24/7 Security; ATM; EV Signs; Parking; Restroom; Shopping Mall; Wi-Fi
STN-IND-0233,Uma complex,Public EV Network,Kerala,Chennai,"No 14, Professors colony extn, Indian airforce road, East Tambaram",12.914903,80.126647,AC Standard / Type 2,Standard,22,230V Single-Phase / 415V 3-Phase,09:00 AM - 11:00 PM,₹11 - ₹14 / kWh,2,1,0,1,Available,Type 2 AC (7.4 kW); IEC 60309 AC (3.3 kW),ATM; EV Signs; Parking; Restroom; Shopping Mall; Wi-Fi
STN-IND-0234,"Coffee King, Adajan",Public EV Network,Kerala,Surat,"1,2. Abhinandan Heights, Nr.madhuvan circle, LP Savani Rd, Adajan Gam, Adajan, Surat, Gujarat",21.191702,72.790033,AC Standard / Type 2,Standard,22,230V Single-Phase / 415V 3-Phase,24/7 Always Open,₹11 - ₹14 / kWh,2,1,1,0,Available,Type 2 AC (7.4 kW); IEC 60309 AC (3.3 kW),24/7 Security; EV Signs; Parking
STN-IND-0235,Oyo Townhouse 278 Rohini,Public EV Network,Kerala,New Delhi,"6-A, Pocket 27, Sector-24, Rohini, Delhi, 110085, New Delhi, Delhi",28.732888,77.084123,AC Standard / Type 2,Standard,22,230V Single-Phase / 415V 3-Phase,24/7 Always Open,₹11 - ₹14 / kWh,2,2,0,0,Available,Type 2 AC (7.4 kW); IEC 60309 AC (3.3 kW),24/7 Security; EV Signs; Parking
STN-IND-0236,Ather Space Jaipur,Ather Grid,Kerala,Jaipur,"BL Tower, 2, Tonk Rd, near Sanghi Farm, Durgapura",26.854201,75.794615,AC Standard / Type 2,Standard,7.4,230V Single-Phase / 415V 3-Phase,24/7 Always Open,₹11 - ₹14 / kWh,2,1,1,0,Available,Type 2 AC (7.4 kW); IEC 60309 AC (3.3 kW),24/7 Security; ATM; EV Signs; Parking; Restroom; Shopping Mall; Wi-Fi
STN-IND-0237,"Ather Space, Lajpat Nagar",Ather Grid,Kerala,New Delhi,"A-32, Feroze Gandhi Rd, Lajpat Nagar II, Delhi",28.570513,77.236889,AC Standard / Type 2,Standard,7.4,230V Single-Phase / 415V 3-Phase,24/7 Always Open,₹11 - ₹14 / kWh,2,1,1,0,Available,Type 2 AC (7.4 kW); IEC 60309 AC (3.3 kW),24/7 Security; EV Signs; Parking
STN-IND-0238,HiLite Mall,Public EV Network,Kerala,Kozhikode,"G1003, NH 66, Kozhikode Bypass, Poovangal, Kozhikode, Kerala",11.248533,75.833449,AC Standard / Type 2,Standard,22,230V Single-Phase / 415V 3-Phase,09:00 AM - 11:00 PM,₹11 - ₹14 / kWh,2,1,0,1,Available,Type 2 AC (7.4 kW); IEC 60309 AC (3.3 kW),ATM; EV Signs; Parking; Restroom; Shopping Mall; Wi-Fi
STN-IND-0239,Zozoz Pizzeria,Public EV Network,Kerala,Hyderabad,"Rd Number 45, opposite Khazana, CBI Colony, Jubilee Hills, Hyderabad, Telangana",17.43065,78.402004,AC Standard / Type 2,Standard,22,230V Single-Phase / 415V 3-Phase,24/7 Always Open,₹11 - ₹14 / kWh,2,1,1,0,Available,Type 2 AC (7.4 kW); IEC 60309 AC (3.3 kW),24/7 Security; EV Signs; Parking
STN-IND-0240,"Heart Cup Coffee, Gachibowli",Public EV Network,Kerala,Hyderabad,"Old Mumbai Hwy, next to HP Petrol Pump (Venkatadri Fuel Point, FCI Employees Cooperative Housing Society, Indira Nagar, Gachibowli, Hyderabad, Telangana",17.445357,78.355601,AC Standard / Type 2,Standard,22,230V Single-Phase / 415V 3-Phase,24/7 Always Open,₹11 - ₹14 / kWh,2,2,0,0,Available,Type 2 AC (7.4 kW); IEC 60309 AC (3.3 kW),24/7 Security; Air Pump; Convenience Store; EV Signs; Parking; Restroom
STN-IND-0241,NAKSHATRA PURE VEG,Public EV Network,Kerala,Chennai,"No.93, Bazaar Road, Madipakkam Main Rd, Ram Nagar South, Madipakkam",12.964429,80.21189,AC Standard / Type 2,Standard,22,230V Single-Phase / 415V 3-Phase,24/7 Always Open,₹11 - ₹14 / kWh,2,1,1,0,Available,Type 2 AC (7.4 kW); IEC 60309 AC (3.3 kW),24/7 Security; EV Signs; Parking
STN-IND-0242,Pepper & Tarragon Club Caffe,Public EV Network,Gujarat,Hyderabad,"Opposite to Aparna Sarovar, Nalagandla, Telangana",17.46377,78.3088,AC Standard / Type 2,Standard,22,230V Single-Phase / 415V 3-Phase,24/7 Always Open,₹11 - ₹14 / kWh,2,1,1,0,Available,Type 2 AC (7.4 kW); IEC 60309 AC (3.3 kW),24/7 Security; EV Signs; Parking
STN-IND-0243,"Ather Space, Trichy",Ather Grid,Maharashtra,Tiruchirappalli,"20/C113, 5th Cross, Thillai Nagar,Trichy - 620018",10.824078,78.684925,AC Standard / Type 2,Standard,7.4,230V Single-Phase / 415V 3-Phase,24/7 Always Open,₹11 - ₹14 / kWh,2,1,0,1,Available,Type 2 AC (7.4 kW); IEC 60309 AC (3.3 kW),24/7 Security; EV Signs; Parking
STN-IND-0244,Narahari Silk House,Public EV Network,Gujarat,Hyderabad,"18-6-828, Lal Darwaza Rd, Balagunj, Lal Darwaza South, Lal Darwaza, Hyderabad, Telangana",17.34763,78.475397,AC Standard / Type 2,Standard,22,230V Single-Phase / 415V 3-Phase,24/7 Always Open,₹11 - ₹14 / kWh,2,1,1,0,Available,Type 2 AC (7.4 kW); IEC 60309 AC (3.3 kW),24/7 Security; EV Signs; Parking
STN-IND-0245,VR Surat,Public EV Network,Gujarat,Surat,"Dumas Rd, Magdalla, Surat, Gujarat",21.145174,72.756949,AC Standard / Type 2,Standard,22,230V Single-Phase / 415V 3-Phase,24/7 Always Open,₹11 - ₹14 / kWh,2,2,0,0,Available,Type 2 AC (7.4 kW); IEC 60309 AC (3.3 kW),24/7 Security; EV Signs; Parking
STN-IND-0246,WeFix Automobile,Public EV Network,Delhi,Pune,"Plot no.27(Residential, PCNTDA, Sector 10, Shriram Colony, Bhosari, Pune, Maharashtra ,Bhosari",18.648377,73.829866,AC Standard / Type 2,Standard,22,230V Single-Phase / 415V 3-Phase,24/7 Always Open,₹11 - ₹14 / kWh,2,1,1,0,Available,Type 2 AC (7.4 kW); IEC 60309 AC (3.3 kW),24/7 Security; EV Signs; Parking
STN-IND-0247,The Vizag Drive In,Public EV Network,Delhi,Visakhapatnam,"4-72-12, Beach Road, next to BPCL Petrol Bunk, Lawsons Bay Colony, Visakhapatnam, Andhra Pradesh",17.731455,83.340575,AC Standard / Type 2,Standard,22,230V Single-Phase / 415V 3-Phase,24/7 Always Open,₹11 - ₹14 / kWh,2,1,1,0,Available,Type 2 AC (7.4 kW); IEC 60309 AC (3.3 kW),24/7 Security; Air Pump; Convenience Store; EV Signs; Parking; Restroom
STN-IND-0248,"Ather Space, Visakhapatnam",Ather Grid,Maharashtra,Visakhapatnam,"Railway New Colony Rd, Sri Siddi Enclave, Railway New Colony, Visakhapatnam, Andhra Pradesh",17.727627,83.295731,AC Standard / Type 2,Standard,7.4,230V Single-Phase / 415V 3-Phase,24/7 Always Open,₹11 - ₹14 / kWh,2,1,0,1,Available,Type 2 AC (7.4 kW); IEC 60309 AC (3.3 kW),24/7 Security; EV Signs; Parking
STN-IND-0249,Hotel Yogi Midtown,Public EV Network,Maharashtra,Mumbai,"Plot No DX 12,Thane - Belapur Road D' Zone Bonsari, Village, TTC Industrial Area, Turbhe, Navi Mumbai, Maharashtra ,Thane",19.064026,73.019715,AC Standard / Type 2,Standard,22,230V Single-Phase / 415V 3-Phase,24/7 Always Open,₹11 - ₹14 / kWh,2,1,1,0,Available,Type 2 AC (7.4 kW); IEC 60309 AC (3.3 kW),24/7 Security; Dining / Cafe; EV Signs; Parking; Restroom
STN-IND-0250,"Breadworld, Jawahar Nagar",Public EV Network,Maharashtra,Kochi,"Subhash Chandra Bose Road,  Jawahar Nagar, Kadavanthra,  Ernakulam, Kerala",9.972137,76.302076,AC Standard / Type 2,Standard,22,230V Single-Phase / 415V 3-Phase,24/7 Always Open,₹11 - ₹14 / kWh,2,2,0,0,Available,Type 2 AC (7.4 kW); IEC 60309 AC (3.3 kW),24/7 Security; EV Signs; Parking
STN-IND-0251,"Host The Hospitality Store (Breadworld, Thykoodam)",Public EV Network,Haryana,Kochi,"Thykoodam Service Rd, Vyttila,  Thykoodam, Kochi,  Kerala",9.961851,76.318848,AC Standard / Type 2,Standard,22,230V Single-Phase / 415V 3-Phase,24/7 Always Open,₹11 - ₹14 / kWh,2,1,1,0,Available,Type 2 AC (7.4 kW); IEC 60309 AC (3.3 kW),24/7 Security; EV Signs; Parking
STN-IND-0252,"Breadworld, Mavelipuram",Public EV Network,Haryana,Kochi,"7/5 1 6- 1, 2, 3,  Seaport u2013 Airport Rd, Mavelipuram, Kakkanad, Kerala",10.023176,76.341164,AC Standard / Type 2,Standard,22,230V Single-Phase / 415V 3-Phase,24/7 Always Open,₹11 - ₹14 / kWh,2,1,1,0,Available,Type 2 AC (7.4 kW); IEC 60309 AC (3.3 kW),24/7 Security; EV Signs; Parking
STN-IND-0253,"Breadworld, Petta",Public EV Network,Haryana,Kochi,"50/698 pushpamangalam Heritage, petta Maradu Road Near Gandhi Square",9.94493,76.335421,AC Standard / Type 2,Standard,22,230V Single-Phase / 415V 3-Phase,24/7 Always Open,₹11 - ₹14 / kWh,2,1,0,1,Available,Type 2 AC (7.4 kW); IEC 60309 AC (3.3 kW),24/7 Security; ATM; Air Pump; Convenience Store; EV Signs; Parking; Restroom; Shopping Mall; Wi-Fi
STN-IND-0254,"Ather Space, Kozhikode",Ather Grid,Haryana,Kozhikode,"MCC Cross Rd, Vellayil, Kozhikode, Kerala",11.264453,75.777366,AC Standard / Type 2,Standard,7.4,230V Single-Phase / 415V 3-Phase,24/7 Always Open,₹11 - ₹14 / kWh,2,1,1,0,Available,Type 2 AC (7.4 kW); IEC 60309 AC (3.3 kW),24/7 Security; EV Signs; Parking
STN-IND-0255,AtherSpace JP Nagar,Ather Grid,Maharashtra,Bengaluru,"292, Outer Ring Rd, J P Nagar Phase 5",12.906204,77.59081,AC Standard / Type 2,Standard,7.4,230V Single-Phase / 415V 3-Phase,24/7 Always Open,₹11 - ₹14 / kWh,2,2,0,0,Available,Type 2 AC (7.4 kW); IEC 60309 AC (3.3 kW),24/7 Security; EV Signs; Parking
STN-IND-0256,Kohinoor MCGM parking,Public EV Network,Maharashtra,Mumbai,"Kohinoor Square, Kasaravadi, Dadar, Mumbai, Maharashtra",19.024609,72.84282,AC Standard / Type 2,Standard,22,230V Single-Phase / 415V 3-Phase,24/7 Always Open,₹11 - ₹14 / kWh,2,1,1,0,Available,Type 2 AC (7.4 kW); IEC 60309 AC (3.3 kW),24/7 Security; ATM; EV Signs; Parking; Restroom; Shopping Mall; Wi-Fi
STN-IND-0257,AtherGrid - Bhavsar,Ather Grid,Maharashtra,Nashik,"Shop No. 5, ITI Ambad Road Kartikey Nagar Stop, Kamatwade, Nashik, Maharashtra,Kuthwad",19.978231,73.746853,AC Standard / Type 2,Standard,7.4,230V Single-Phase / 415V 3-Phase,24/7 Always Open,₹11 - ₹14 / kWh,2,1,1,0,Available,Type 2 AC (7.4 kW); IEC 60309 AC (3.3 kW),24/7 Security; EV Signs; Parking
STN-IND-0258,Bhavsar's AtherGrid 2,Ather Grid,Maharashtra,Nashik,"18/08, Rajratna Nagar, Pawan Nagar, Nashik, Maharashtra",19.971449,73.755905,AC Standard / Type 2,Standard,7.4,230V Single-Phase / 415V 3-Phase,24/7 Always Open,₹11 - ₹14 / kWh,2,1,0,1,Available,Type 2 AC (7.4 kW); IEC 60309 AC (3.3 kW),24/7 Security; EV Signs; Parking
STN-IND-0259,BMC Parking Runwal Greens,Public EV Network,Maharashtra,Mumbai,"Nahur West, Industrial Area, Bhandup West, Mumbai, Maharashtra",19.159395,72.945112,AC Standard / Type 2,Standard,22,230V Single-Phase / 415V 3-Phase,24/7 Always Open,₹11 - ₹14 / kWh,2,1,1,0,Available,Type 2 AC (7.4 kW); IEC 60309 AC (3.3 kW),24/7 Security; EV Signs; Parking
STN-IND-0260,BMC Market Bhandup,Public EV Network,Gujarat,Mumbai,"320, 3rd Floor, BMC Market, Station Road, Bhandup West, next to Dreamz Mall, Bhandup (W, Bhandup East, Mumbai, Maharashtra",19.144776,72.937147,AC Standard / Type 2,Standard,22,230V Single-Phase / 415V 3-Phase,09:00 AM - 11:00 PM,₹11 - ₹14 / kWh,2,2,0,0,Available,Type 2 AC (7.4 kW); IEC 60309 AC (3.3 kW),ATM; EV Signs; Parking; Restroom; Shopping Mall; Wi-Fi
STN-IND-0261,Trichy Sarathas,Public EV Network,Maharashtra,Tiruchirappalli,"No. 45, NSB Rd, Teppakulam, Tamil Nadu",10.826709,78.695912,AC Standard / Type 2,Standard,22,230V Single-Phase / 415V 3-Phase,24/7 Always Open,₹11 - ₹14 / kWh,2,1,1,0,Available,Type 2 AC (7.4 kW); IEC 60309 AC (3.3 kW),24/7 Security; EV Signs; Parking
STN-IND-0262,"Ather space, Indore",Ather Grid,Punjab,Indore,"TBC Tower, Geeta Bhawan, AB Road",22.719446,75.884181,AC Standard / Type 2,Standard,7.4,230V Single-Phase / 415V 3-Phase,24/7 Always Open,₹11 - ₹14 / kWh,2,1,1,0,Available,Type 2 AC (7.4 kW); IEC 60309 AC (3.3 kW),24/7 Security; ATM; EV Signs; Parking; Restroom; Shopping Mall; Wi-Fi
STN-IND-0263,DISHKO Eatery,Public EV Network,Uttar Pradesh,Trivandrum,"TC 26, Taj Arcade, 860(1, Bakery Jct Rd, Bakery Junction, Panavila, Thycaud, Thiruvananthapuram, Kerala",8.499777,76.954265,AC Standard / Type 2,Standard,22,230V Single-Phase / 415V 3-Phase,24/7 Always Open,₹11 - ₹14 / kWh,2,1,0,1,Available,Type 2 AC (7.4 kW); IEC 60309 AC (3.3 kW),24/7 Security; Dining / Cafe; EV Signs; Parking; Restroom
STN-IND-0264,Charminar Chowrasta Cafe,Public EV Network,Madhya Pradesh,Visakhapatnam,"12-43/4 GF, R K Nagar, Pothinamallayya Palem, Visakhapatnam, Andhra Pradesh",17.800084,83.347393,AC Standard / Type 2,Standard,22,230V Single-Phase / 415V 3-Phase,09:00 AM - 11:00 PM,₹11 - ₹14 / kWh,2,1,1,0,Available,Type 2 AC (7.4 kW); IEC 60309 AC (3.3 kW),ATM; Dining / Cafe; EV Signs; Parking; Restroom; Shopping Mall; Wi-Fi
STN-IND-0265,Best Western Ramachandra Hotel,Public EV Network,West Bengal,Visakhapatnam,"8-8-36, GNT Rd, Medical Center, Gajuwaka, Visakhapatnam, Andhra Pradesh",17.68618,83.206529,AC Standard / Type 2,Standard,22,230V Single-Phase / 415V 3-Phase,24/7 Always Open,₹11 - ₹14 / kWh,2,2,0,0,Available,Type 2 AC (7.4 kW); IEC 60309 AC (3.3 kW),24/7 Security; Dining / Cafe; EV Signs; Parking; Restroom
STN-IND-0266,Cygnett Inn Ramachandra,Public EV Network,West Bengal,Visakhapatnam,"31-2-4/5, NH16, opp. All India Radio Station, Kurmannapalem, Visakhapatnam, Andhra Pradesh",17.685143,83.157866,AC Standard / Type 2,Standard,22,230V Single-Phase / 415V 3-Phase,24/7 Always Open,₹11 - ₹14 / kWh,2,1,1,0,Available,Type 2 AC (7.4 kW); IEC 60309 AC (3.3 kW),24/7 Security; EV Signs; Parking
STN-IND-0267,Moondru Kambam Nellai Muthu Vilas Sweets & Bakes,Public EV Network,West Bengal,Coimbatore,"#422 A, Palakkad Main Rd, near Cassino Furniture, Kuniyamuthur, Tamil Nadu",10.961166,76.954832,AC Standard / Type 2,Standard,22,230V Single-Phase / 415V 3-Phase,24/7 Always Open,₹11 - ₹14 / kWh,2,1,1,0,Available,Type 2 AC (7.4 kW); IEC 60309 AC (3.3 kW),24/7 Security; EV Signs; Parking
STN-IND-0268,"CakeBee, Sulur",Public EV Network,Jharkhand,Coimbatore,"322/2 DEFENCE COLONY 2nd STREET, KADAMBADI VILLAGE, Sulur, Tamil Nadu",11.024978,77.166726,AC Standard / Type 2,Standard,22,230V Single-Phase / 415V 3-Phase,24/7 Always Open,₹11 - ₹14 / kWh,2,1,0,1,Available,Type 2 AC (7.4 kW); IEC 60309 AC (3.3 kW),24/7 Security; EV Signs; Parking
STN-IND-0269,Tiruppur Sree Annapoorna,Public EV Network,Maharashtra,Coimbatore,"Road, Rayan Kovil, Avinashi, Tamil Nadu",11.175031,77.263439,AC Standard / Type 2,Standard,22,230V Single-Phase / 415V 3-Phase,24/7 Always Open,₹11 - ₹14 / kWh,2,1,1,0,Available,Type 2 AC (7.4 kW); IEC 60309 AC (3.3 kW),24/7 Security; EV Signs; Parking
STN-IND-0270,Aastha Talkies,Public EV Network,West Bengal,Indore,"Near 452010, Patni Pura Rd, Nanda Nagar, Indore, Madhya Pradesh",22.743145,75.884112,AC Standard / Type 2,Standard,22,230V Single-Phase / 415V 3-Phase,24/7 Always Open,₹11 - ₹14 / kWh,2,2,0,0,Available,Type 2 AC (7.4 kW); IEC 60309 AC (3.3 kW),24/7 Security; EV Signs; Parking
STN-IND-0271,Ather Space Nashik,Ather Grid,West Bengal,Nashik,"Ather Space - Ather Energy's Experience Centre ( Patwa Auto Drive), Patwa EV Zone, Trimbakeshwar Rd, opp. Sebel Hotel, Nashik, Maharashtra",19.994445,73.764437,AC Standard / Type 2,Standard,7.4,230V Single-Phase / 415V 3-Phase,24/7 Always Open,₹11 - ₹14 / kWh,2,1,1,0,Available,Type 2 AC (7.4 kW); IEC 60309 AC (3.3 kW),24/7 Security; Dining / Cafe; EV Signs; Parking; Restroom
STN-IND-0272,"Just Loaf, Kozhikode",Public EV Network,West Bengal,Kozhikode,"Beach Rd, opp. Kozhikode Corporation Office, Mananchira, Kozhikode, Kerala , India",11.254108,75.771278,AC Standard / Type 2,Standard,22,230V Single-Phase / 415V 3-Phase,24/7 Always Open,₹11 - ₹14 / kWh,2,1,1,0,Available,Type 2 AC (7.4 kW); IEC 60309 AC (3.3 kW),24/7 Security; EV Signs; Parking
STN-IND-0273,"Just Loaf, Perinthalmanna",Public EV Network,Telangana,Malappuram,"Just Loaf, Perinthalmanna Jubilee Bypass, Road, Perintalmanna, Kerala , India",10.988287,76.225087,AC Standard / Type 2,Standard,22,230V Single-Phase / 415V 3-Phase,24/7 Always Open,₹11 - ₹14 / kWh,2,1,0,1,Available,Type 2 AC (7.4 kW); IEC 60309 AC (3.3 kW),24/7 Security; EV Signs; Parking
STN-IND-0274,"Hocco Eatery, Vastral",Public EV Network,Telangana,Ahmedabad,"MADHAV 99 19, Nirant Cross Rd, Mahadev Nagar Tekra, Ahmedabad, Gujarat",22.99924,72.659458,AC Standard / Type 2,Standard,22,230V Single-Phase / 415V 3-Phase,24/7 Always Open,₹11 - ₹14 / kWh,2,1,1,0,Available,Type 2 AC (7.4 kW); IEC 60309 AC (3.3 kW),24/7 Security; EV Signs; Parking
STN-IND-0275,Prestige Falcon Towers,Public EV Network,Telangana,Bengaluru,"No 19, Brunton Rd, Craig Park Layout, Ashok Nagar,",12.971272,77.614552,AC Standard / Type 2,Standard,22,230V Single-Phase / 415V 3-Phase,24/7 Always Open,₹11 - ₹14 / kWh,2,2,0,0,Available,Type 2 AC (7.4 kW); IEC 60309 AC (3.3 kW),24/7 Security; ATM; EV Signs; Parking; Restroom; Shopping Mall; Wi-Fi
STN-IND-0276,Reliance Digital Kamlanagar,Public EV Network,Jharkhand,New Delhi,"37 Bunglow Road Kamla Nagar, opp. Amitabh Guest House, Civil Lines, New Delhi",28.683937,77.202297,AC Standard / Type 2,Standard,22,230V Single-Phase / 415V 3-Phase,24/7 Always Open,₹11 - ₹14 / kWh,2,1,1,0,Available,Type 2 AC (7.4 kW); IEC 60309 AC (3.3 kW),24/7 Security; EV Signs; Parking
STN-IND-0277,Food Sixteen Restaurant,Public EV Network,Bihar,New Delhi,"Metro Station, A-16, Grand Trunk Rd, near Adarsh Nagar, Indira Nagar, Azadpur, New Delhi",28.716915,77.168538,AC Standard / Type 2,Standard,22,230V Single-Phase / 415V 3-Phase,09:00 AM - 11:00 PM,₹11 - ₹14 / kWh,2,1,1,0,Available,Type 2 AC (7.4 kW); IEC 60309 AC (3.3 kW),Dining / Cafe; EV Signs; Parking; Restroom
STN-IND-0278,Abhay Graphics II,Public EV Network,Andhra Pradesh,Pune,"D-II, Plot no 32, Unit B - Near Kia Showroom, In front of HDFC Colony, Chinchwad",18.653243,73.803401,AC Standard / Type 2,Standard,22,230V Single-Phase / 415V 3-Phase,24/7 Always Open,₹11 - ₹14 / kWh,2,1,0,1,Available,Type 2 AC (7.4 kW); IEC 60309 AC (3.3 kW),24/7 Security; EV Signs; Parking
STN-IND-0279,Miramar Residency - Blive,Public EV Network,Jammu and Kashmir,Goa,"Miramar Beach, Miramar, Panaji, Goa",15.48452,73.809122,AC Standard / Type 2,Standard,22,230V Single-Phase / 415V 3-Phase,24/7 Always Open,₹11 - ₹14 / kWh,2,1,1,0,Available,Type 2 AC (7.4 kW); IEC 60309 AC (3.3 kW),24/7 Security; EV Signs; Parking
STN-IND-0280,Old Goa Residency- Blive,Public EV Network,Rajasthan,Goa,"Near Old Goa Fire Brigade, Goa",15.500049,73.914127,AC Standard / Type 2,Standard,22,230V Single-Phase / 415V 3-Phase,24/7 Always Open,₹11 - ₹14 / kWh,2,2,0,0,Available,Type 2 AC (7.4 kW); IEC 60309 AC (3.3 kW),24/7 Security; EV Signs; Parking
STN-IND-0281,Eham Digital,Public EV Network,Rajasthan,Kozhikode,"2nd Unison Tower, Thondayad Junction Thondayad Bye Pass, near Star Care Hospital, Kozhikode, Kerala",11.264847,75.810971,AC Standard / Type 2,Standard,22,230V Single-Phase / 415V 3-Phase,24/7 Always Open,₹11 - ₹14 / kWh,2,1,1,0,Available,Type 2 AC (7.4 kW); IEC 60309 AC (3.3 kW),24/7 Security; ATM; EV Signs; Parking; Restroom; Shopping Mall; Wi-Fi
STN-IND-0282,Darshan super market,Public EV Network,Tamil Nadu,Chennai,"Chitrakoot Complex,No.91/18A,OMR,Egattur opp to Flsmidth,Chennai-603103,Chengalpattu, District, Chennai, Tamil Nadu",12.82917,80.229853,AC Standard / Type 2,Standard,22,230V Single-Phase / 415V 3-Phase,09:00 AM - 11:00 PM,₹11 - ₹14 / kWh,2,1,1,0,Available,Type 2 AC (7.4 kW); IEC 60309 AC (3.3 kW),ATM; EV Signs; Parking; Restroom; Shopping Mall; Wi-Fi
STN-IND-0283,Mall of Mysore,Public EV Network,Uttar Pradesh,Mysuru,"No.C-1, M.G Road Indira Nagar, Nazarbad Mohalla, Extension",12.298036,76.663958,AC Standard / Type 2,Standard,22,230V Single-Phase / 415V 3-Phase,09:00 AM - 11:00 PM,₹11 - ₹14 / kWh,2,1,0,1,Available,Type 2 AC (7.4 kW); IEC 60309 AC (3.3 kW),ATM; EV Signs; Parking; Restroom; Shopping Mall; Wi-Fi
STN-IND-0284,"Cafe Coffee Day, Gokulam Road",Public EV Network,West Bengal,Mysuru,"6th Main, Gokulam Road, V V Mohalla Ground Floor, C/O Star Wing Building",12.326612,76.626866,AC Standard / Type 2,Standard,22,230V Single-Phase / 415V 3-Phase,09:00 AM - 11:00 PM,₹11 - ₹14 / kWh,2,1,1,0,Available,Type 2 AC (7.4 kW); IEC 60309 AC (3.3 kW),Dining / Cafe; EV Signs; Parking; Restroom
STN-IND-0285,CarTuneZ,Public EV Network,Tamil Nadu,Chennai,"Mount Poonamallee Rd, Swaminatha Nagar, Goparasanallur, Chennai, Tamil Nadu",13.041662,80.126447,AC Standard / Type 2,Standard,22,230V Single-Phase / 415V 3-Phase,24/7 Always Open,₹11 - ₹14 / kWh,2,2,0,0,Available,Type 2 AC (7.4 kW); IEC 60309 AC (3.3 kW),24/7 Security; ATM; EV Signs; Parking; Restroom; Shopping Mall; Wi-Fi
STN-IND-0286,Shree Shanthi's the garment shop,Public EV Network,Tamil Nadu,Chennai,"1, 10th Cross St, near water tank. Customer care: 9940169111, 9789964111, Indira Nagar, Adyar, Chennai, Tamil Nadu",12.996663,80.251779,AC Standard / Type 2,Standard,22,230V Single-Phase / 415V 3-Phase,24/7 Always Open,₹11 - ₹14 / kWh,2,1,1,0,Available,Type 2 AC (7.4 kW); IEC 60309 AC (3.3 kW),24/7 Security; EV Signs; Parking
STN-IND-0287,The Smith's Cafe & bakery,Public EV Network,Maharashtra,Chennai,"Balaji Nagar 2nd Cross St, Balaji Nagar, Ponniammanmedu, Chennai, Tamil Nadu",13.125599,80.22415,AC Standard / Type 2,Standard,22,230V Single-Phase / 415V 3-Phase,09:00 AM - 11:00 PM,₹11 - ₹14 / kWh,2,1,1,0,Available,Type 2 AC (7.4 kW); IEC 60309 AC (3.3 kW),Dining / Cafe; EV Signs; Parking; Restroom
STN-IND-0288,Sri Murugan Stores,Public EV Network,Andhra Pradesh,Chennai,"9&10, Tejraj colony, Agaram Main Rd, Selaiyur, Chennai, Tamil Nadu",12.905671,80.142139,AC Standard / Type 2,Standard,22,230V Single-Phase / 415V 3-Phase,24/7 Always Open,₹11 - ₹14 / kWh,2,1,0,1,Available,Type 2 AC (7.4 kW); IEC 60309 AC (3.3 kW),24/7 Security; EV Signs; Parking
STN-IND-0289,Firewood Restaurant,Public EV Network,Odisha,Jaipur,"B-136A, RAJENDRA MARG, near JANTA STORE, CROSSING, BapuNagar",26.889854,75.808978,AC Standard / Type 2,Standard,22,230V Single-Phase / 415V 3-Phase,09:00 AM - 11:00 PM,₹11 - ₹14 / kWh,2,1,1,0,Available,Type 2 AC (7.4 kW); IEC 60309 AC (3.3 kW),Dining / Cafe; EV Signs; Parking; Restroom
STN-IND-0290,Oyo Silverkey 42750,Public EV Network,Gujarat,Gurugram,"170, Medicity, Islampur Colony, Sector 38,  Gurugram",28.434959,77.044274,AC Standard / Type 2,Standard,22,230V Single-Phase / 415V 3-Phase,24/7 Always Open,₹11 - ₹14 / kWh,2,2,0,0,Available,Type 2 AC (7.4 kW); IEC 60309 AC (3.3 kW),24/7 Security; EV Signs; Parking
STN-IND-0291,Amrit Residency,Public EV Network,Gujarat,Gurugram,"Opposite Ayyappa Temple, Dundahera, Surya Vihar, Sector 21, Gurugram",28.518428,77.071902,AC Standard / Type 2,Standard,22,230V Single-Phase / 415V 3-Phase,24/7 Always Open,₹11 - ₹14 / kWh,2,1,1,0,Available,Type 2 AC (7.4 kW); IEC 60309 AC (3.3 kW),24/7 Security; EV Signs; Parking
STN-IND-0292,"Cafe coffee day, Kazhakootam, Trivandrum",Public EV Network,Karnataka,Trivandrum,"Queen Tower, Kazhakootam, Thiruvananthapuram, Kerala",8.549333,76.877257,AC Standard / Type 2,Standard,22,230V Single-Phase / 415V 3-Phase,09:00 AM - 11:00 PM,₹11 - ₹14 / kWh,2,1,1,0,Available,Type 2 AC (7.4 kW); IEC 60309 AC (3.3 kW),ATM; Dining / Cafe; EV Signs; Parking; Restroom; Shopping Mall; Wi-Fi
STN-IND-0293,Peep Kitchen,Public EV Network,Karnataka,Goa,"Risara Luxury , Ground Floor , Taliegao Market Road , Near Taliegao Near Taliegao Community Centre Taliegao, Panaji, Goa",15.470168,73.826127,AC Standard / Type 2,Standard,22,230V Single-Phase / 415V 3-Phase,24/7 Always Open,₹11 - ₹14 / kWh,2,1,0,1,Available,Type 2 AC (7.4 kW); IEC 60309 AC (3.3 kW),24/7 Security; EV Signs; Parking
STN-IND-0294,Blive HO,Public EV Network,Karnataka,Goa,"Plot No. 22-B, GF-1, Happy Home Co-op. Soc, La Campala Colony, Miramar, Panaji, Goa",15.485333,73.813587,AC Standard / Type 2,Standard,22,230V Single-Phase / 415V 3-Phase,24/7 Always Open,₹11 - ₹14 / kWh,2,1,1,0,Available,Type 2 AC (7.4 kW); IEC 60309 AC (3.3 kW),24/7 Security; EV Signs; Parking
STN-IND-0295,Karkhana - The Food Garage,Public EV Network,Karnataka,Raipur,"SHOP No. 12 JAI SHADARAM MARKET DHAMTARI ROAD, NH30, Raipur, Chhattisgarh",21.188934,81.701523,AC Standard / Type 2,Standard,22,230V Single-Phase / 415V 3-Phase,24/7 Always Open,₹11 - ₹14 / kWh,2,2,0,0,Available,Type 2 AC (7.4 kW); IEC 60309 AC (3.3 kW),24/7 Security; Dining / Cafe; EV Signs; Parking; Restroom
STN-IND-0296,Jyoti Guest House,Public EV Network,Karnataka,Jaipur,"8/238, Sector 8, Malviya Nagar, Jaipur",26.843319,75.80374,AC Standard / Type 2,Standard,22,230V Single-Phase / 415V 3-Phase,24/7 Always Open,₹11 - ₹14 / kWh,2,1,1,0,Available,Type 2 AC (7.4 kW); IEC 60309 AC (3.3 kW),24/7 Security; EV Signs; Parking
STN-IND-0297,Xperia,Public EV Network,Karnataka,Ahmedabad,"Opposite Radhe Fortune, Bhat Circle, S.P Ring Road, Ah,edabad",23.116852,72.628852,AC Standard / Type 2,Standard,22,230V Single-Phase / 415V 3-Phase,24/7 Always Open,₹11 - ₹14 / kWh,2,1,1,0,Available,Type 2 AC (7.4 kW); IEC 60309 AC (3.3 kW),24/7 Security; EV Signs; Parking
STN-IND-0298,Ather Space - Gujranwala Town,Ather Grid,Tamil Nadu,New Delhi,"A 11, GT Karnal Rd, near Vinayak Hospital, Block A, Gujranwala Town, Delhi, 110009",28.699008,77.183327,AC Standard / Type 2,Standard,7.4,230V Single-Phase / 415V 3-Phase,24/7 Always Open,₹11 - ₹14 / kWh,2,1,0,1,Available,Type 2 AC (7.4 kW); IEC 60309 AC (3.3 kW),24/7 Security; EV Signs; Parking
STN-IND-0299,Navneet Institute,Public EV Network,Tamil Nadu,Ahmedabad,"101-102, Prarthana Complex, nr. Kakadia Hospital, opp. Dinesh Chambers, Bapunagar, Ahmedabad, Gujarat",23.040249,72.630711,AC Standard / Type 2,Standard,22,230V Single-Phase / 415V 3-Phase,24/7 Always Open,₹11 - ₹14 / kWh,2,1,1,0,Available,Type 2 AC (7.4 kW); IEC 60309 AC (3.3 kW),24/7 Security; ATM; EV Signs; Parking; Restroom; Shopping Mall; Wi-Fi
STN-IND-0300,Shri Laxmi Kedar Jewellers,Public EV Network,Telangana,Nashik,"Jijamata Rd, Bhandi Bazar, Saraf Bazar, Panchavati, Nashik, Maharashtra",20.005203,73.791297,AC Standard / Type 2,Standard,22,230V Single-Phase / 415V 3-Phase,24/7 Always Open,₹11 - ₹14 / kWh,2,2,0,0,Available,Type 2 AC (7.4 kW); IEC 60309 AC (3.3 kW),24/7 Security; EV Signs; Parking
STN-IND-0301,The Emerald Resort,Public EV Network,Telangana,Pune,"Lonavala Annexe,Somatne, Old Mumbai - Pune Hwy, Near Pioneer Hospital, Tukaram Nagar, Talegaon Dabhade, Maharashtra",18.707715,73.682293,AC Standard / Type 2,Standard,22,230V Single-Phase / 415V 3-Phase,24/7 Always Open,₹11 - ₹14 / kWh,2,1,1,0,Available,Type 2 AC (7.4 kW); IEC 60309 AC (3.3 kW),24/7 Security; Dining / Cafe; EV Signs; Parking; Restroom
STN-IND-0302,Inox Bund Garden Road,Public EV Network,Telangana,Pune,"Plot No.D, Bund Garden Rd, Pune, Maharashtra",18.526751,73.877938,AC Standard / Type 2,Standard,22,230V Single-Phase / 415V 3-Phase,24/7 Always Open,₹11 - ₹14 / kWh,2,1,1,0,Available,Type 2 AC (7.4 kW); IEC 60309 AC (3.3 kW),24/7 Security; EV Signs; Parking
STN-IND-0303,Black Spate,Public EV Network,Telangana,Jaipur,"G-6, Shreenath Tower, Sector 2, Central Spine, Vidyadhar Nagar",26.963612,75.781022,AC Standard / Type 2,Standard,22,230V Single-Phase / 415V 3-Phase,24/7 Always Open,₹11 - ₹14 / kWh,2,1,0,1,Available,Type 2 AC (7.4 kW); IEC 60309 AC (3.3 kW),24/7 Security; ATM; EV Signs; Parking; Restroom; Shopping Mall; Wi-Fi
STN-IND-0304,Barista,Public EV Network,Telangana,Pune,"Shop 1-6,82/2/2a, Sahkarnagar, Parvati, Pune, Maharashtra",18.484596,73.849682,AC Standard / Type 2,Standard,22,230V Single-Phase / 415V 3-Phase,24/7 Always Open,₹11 - ₹14 / kWh,2,1,1,0,Available,Type 2 AC (7.4 kW); IEC 60309 AC (3.3 kW),24/7 Security; EV Signs; Parking
STN-IND-0305,Precision Path Lab,Public EV Network,Maharashtra,Jaipur,"72/2, Shipra Path, Patel Marg, Mansarovar, Jaipur, Rajasthan",26.85472,75.773171,AC Standard / Type 2,Standard,22,230V Single-Phase / 415V 3-Phase,24/7 Always Open,₹11 - ₹14 / kWh,2,2,0,0,Available,Type 2 AC (7.4 kW); IEC 60309 AC (3.3 kW),24/7 Security; EV Signs; Parking
STN-IND-0306,Ather Space Goa,Ather Grid,Maharashtra,Goa,"Betim-Pomburpa Rd, Alto- Betim Porvorim, Penha de Franu00e7a, Goa",15.523066,73.825913,AC Standard / Type 2,Standard,7.4,230V Single-Phase / 415V 3-Phase,24/7 Always Open,₹11 - ₹14 / kWh,2,1,1,0,Available,Type 2 AC (7.4 kW); IEC 60309 AC (3.3 kW),24/7 Security; EV Signs; Parking
STN-IND-0307,Ather test ride centre,Ather Grid,Maharashtra,Hyderabad,"160/1, Patny Center, Sardar Patel Rd, Hyderabad, Telangana",17.443546,78.479827,AC Standard / Type 2,Standard,7.4,230V Single-Phase / 415V 3-Phase,24/7 Always Open,₹11 - ₹14 / kWh,2,1,1,0,Available,Type 2 AC (7.4 kW); IEC 60309 AC (3.3 kW),24/7 Security; EV Signs; Parking
STN-IND-0308,Prestige Khoday Tower,Public EV Network,Maharashtra,Bengaluru,"No 5, Raj Bhavan Road, Vasanth Nagar",12.982728,77.594179,AC Standard / Type 2,Standard,22,230V Single-Phase / 415V 3-Phase,24/7 Always Open,₹11 - ₹14 / kWh,2,1,0,1,Available,Type 2 AC (7.4 kW); IEC 60309 AC (3.3 kW),24/7 Security; ATM; EV Signs; Parking; Restroom; Shopping Mall; Wi-Fi
STN-IND-0309,Prestige Saleh Ahmed,Public EV Network,Maharashtra,Bengaluru,"No 24, Lady Curzon Road, Tasker Town, Shivaji Nagar,",12.980553,77.603318,AC Standard / Type 2,Standard,22,230V Single-Phase / 415V 3-Phase,24/7 Always Open,₹11 - ₹14 / kWh,2,1,1,0,Available,Type 2 AC (7.4 kW); IEC 60309 AC (3.3 kW),24/7 Security; EV Signs; Parking
STN-IND-0310,Mama Panda,Public EV Network,Maharashtra,Vijayawada,"Royal arcade, beside sweet magic , opp to dvmanor, MG Rd, Vijayawada, Andhra Pradesh",16.49924,80.648196,AC Standard / Type 2,Standard,22,230V Single-Phase / 415V 3-Phase,24/7 Always Open,₹11 - ₹14 / kWh,2,2,0,0,Available,Type 2 AC (7.4 kW); IEC 60309 AC (3.3 kW),24/7 Security; EV Signs; Parking
STN-IND-0311,AtherSpace Mysore,Ather Grid,Delhi,Mysuru,"#1A, A1, Hunsur Main Rd, Hinkal",12.325053,76.611337,AC Standard / Type 2,Standard,7.4,230V Single-Phase / 415V 3-Phase,24/7 Always Open,₹11 - ₹14 / kWh,2,1,1,0,Available,Type 2 AC (7.4 kW); IEC 60309 AC (3.3 kW),24/7 Security; EV Signs; Parking
STN-IND-0312,Bamboo & Biryani,Public EV Network,Uttar Pradesh,Vijayawada,"40-3-18, Kalyanam Ramarao St, Venkateswara Puram, Sidhartha Nagar, Labbipet, Vijayawada, Andhra Pradesh",16.500914,80.647293,AC Standard / Type 2,Standard,22,230V Single-Phase / 415V 3-Phase,24/7 Always Open,₹11 - ₹14 / kWh,2,1,1,0,Available,Type 2 AC (7.4 kW); IEC 60309 AC (3.3 kW),24/7 Security; EV Signs; Parking
STN-IND-0313,Lodha Venezia CPL,Public EV Network,Haryana,Mumbai,"GD Ambekar Marg, Lal Baug, Parel, Mumbai, Maharashtra",18.99172,72.841513,AC Standard / Type 2,Standard,22,230V Single-Phase / 415V 3-Phase,24/7 Always Open,₹11 - ₹14 / kWh,2,1,0,1,Available,Type 2 AC (7.4 kW); IEC 60309 AC (3.3 kW),24/7 Security; EV Signs; Parking
STN-IND-0314,Cafe Peter,Public EV Network,Delhi,Pune,"Waman Ganesh Heights, Pashan Rd, Bavdhan, Pune, Maharashtra",18.510511,73.781902,AC Standard / Type 2,Standard,22,230V Single-Phase / 415V 3-Phase,09:00 AM - 11:00 PM,₹11 - ₹14 / kWh,2,1,1,0,Available,Type 2 AC (7.4 kW); IEC 60309 AC (3.3 kW),Dining / Cafe; EV Signs; Parking; Restroom
STN-IND-0315,Throttle Shrottle Moto Cafe,Public EV Network,Delhi,Gurugram,"Faridabad - Gurgaon Rd, Baliawas, Bandhwari, Haryana 122102",28.428213,77.140546,AC Standard / Type 2,Standard,22,230V Single-Phase / 415V 3-Phase,09:00 AM - 11:00 PM,₹11 - ₹14 / kWh,2,2,0,0,Available,Type 2 AC (7.4 kW); IEC 60309 AC (3.3 kW),Dining / Cafe; EV Signs; Parking; Restroom
STN-IND-0316,Inox R21,Public EV Network,Maharashtra,Ahmedabad,"Plot No 145, 2nd Floor, Royal Honda Showroom, Sector 21, Gandhinagar, Gujarat",23.231621,72.668206,AC Standard / Type 2,Standard,22,230V Single-Phase / 415V 3-Phase,24/7 Always Open,₹11 - ₹14 / kWh,2,1,1,0,Available,Type 2 AC (7.4 kW); IEC 60309 AC (3.3 kW),24/7 Security; EV Signs; Parking
STN-IND-0317,Inox R16,Public EV Network,Maharashtra,Ahmedabad,"Cluster_gandhinagar 2 Office, Sector 16, Gandhinagar, Gujarat",23.231052,72.648583,AC Standard / Type 2,Standard,22,230V Single-Phase / 415V 3-Phase,24/7 Always Open,₹11 - ₹14 / kWh,2,1,1,0,Available,Type 2 AC (7.4 kW); IEC 60309 AC (3.3 kW),24/7 Security; EV Signs; Parking
STN-IND-0318,Acre Bengaluru,Public EV Network,Maharashtra,Bengaluru,"No 63 , International Airport Road, Meenugunte, Jala Hobli, Yelahanka, Taluk",13.189056,77.644524,AC Standard / Type 2,Standard,22,230V Single-Phase / 415V 3-Phase,24/7 Always Open,₹11 - ₹14 / kWh,2,1,0,1,Available,Type 2 AC (7.4 kW); IEC 60309 AC (3.3 kW),24/7 Security; EV Signs; Parking
STN-IND-0319,AtherSpace Hubli,Ather Grid,Gujarat,Hubballi,"P. B. Road, Bhairidevarkoppa",15.387875,75.101618,AC Standard / Type 2,Standard,7.4,230V Single-Phase / 415V 3-Phase,24/7 Always Open,₹11 - ₹14 / kWh,2,1,1,0,Available,Type 2 AC (7.4 kW); IEC 60309 AC (3.3 kW),24/7 Security; EV Signs; Parking
STN-IND-0320,Antares Restaurant and Beach Club,Public EV Network,Karnataka,Goa,"Small Vagator, Ozran Beach, Vagator, Goa",15.594049,73.734902,AC Standard / Type 2,Standard,22,230V Single-Phase / 415V 3-Phase,09:00 AM - 11:00 PM,₹11 - ₹14 / kWh,2,2,0,0,Available,Type 2 AC (7.4 kW); IEC 60309 AC (3.3 kW),ATM; Dining / Cafe; EV Signs; Parking; Restroom; Shopping Mall; Wi-Fi
STN-IND-0321,The Wood Apple Cafe,Public EV Network,Maharashtra,Siliguri,"SONARTORI VILLAGE, Patel Road, Ward 2, Pradhan Nagar, Siliguri, West Bengal 734003",26.728601,88.416358,AC Standard / Type 2,Standard,22,230V Single-Phase / 415V 3-Phase,09:00 AM - 11:00 PM,₹11 - ₹14 / kWh,2,1,1,0,Available,Type 2 AC (7.4 kW); IEC 60309 AC (3.3 kW),Dining / Cafe; EV Signs; Parking; Restroom
STN-IND-0322,The Cindrella Hotel,Public EV Network,Maharashtra,Siliguri,"3rd Mile, Sevoke Rd, Chayan Para, Salugara, Siliguri, West Bengal 734008",26.755578,88.441823,AC Standard / Type 2,Standard,22,230V Single-Phase / 415V 3-Phase,24/7 Always Open,₹11 - ₹14 / kWh,2,1,1,0,Available,Type 2 AC (7.4 kW); IEC 60309 AC (3.3 kW),24/7 Security; Dining / Cafe; EV Signs; Parking; Restroom
STN-IND-0323,Cafe Cornucopia,Public EV Network,Maharashtra,Mysuru,"22nd Cross, 14th Main Rd, C Block, Vijay Nagar 3rd Stage, Garudachar Layout",12.316689,76.603223,AC Standard / Type 2,Standard,22,230V Single-Phase / 415V 3-Phase,09:00 AM - 11:00 PM,₹11 - ₹14 / kWh,2,1,0,1,Available,Type 2 AC (7.4 kW); IEC 60309 AC (3.3 kW),Dining / Cafe; EV Signs; Parking; Restroom
STN-IND-0324,Ather Space Raipur,Ather Grid,Uttar Pradesh,Raipur,"EC Location:  Atherspace Raipur, Shop No.2, Ground Floor, Plot No. 11/5, Block No. 94, Beside Hotel Mayura, Jai Stambh Chowk, Raipur, Chhattisgarh",21.243932,81.634728,AC Standard / Type 2,Standard,7.4,230V Single-Phase / 415V 3-Phase,24/7 Always Open,₹11 - ₹14 / kWh,2,1,1,0,Available,Type 2 AC (7.4 kW); IEC 60309 AC (3.3 kW),24/7 Security; Dining / Cafe; EV Signs; Parking; Restroom
STN-IND-0325,Ather Space - Janakpuri,Ather Grid,Uttar Pradesh,New Delhi,"Ground floor, BF-1, Janakpuri, Jail Road, New Delhi 110058",28.625591,77.100933,AC Standard / Type 2,Standard,7.4,230V Single-Phase / 415V 3-Phase,24/7 Always Open,₹11 - ₹14 / kWh,2,2,0,0,Available,Type 2 AC (7.4 kW); IEC 60309 AC (3.3 kW),24/7 Security; EV Signs; Parking
STN-IND-0326,Ather Space Surat,Ather Grid,Telangana,Surat,"G1 and G2, Milagro Milestone, opposite UM Road, Someshwara Enclave, Vesu, Surat, Gujarat",21.15295,72.778545,AC Standard / Type 2,Standard,7.4,230V Single-Phase / 415V 3-Phase,24/7 Always Open,₹11 - ₹14 / kWh,2,1,1,0,Available,Type 2 AC (7.4 kW); IEC 60309 AC (3.3 kW),24/7 Security; EV Signs; Parking
STN-IND-0327,Ather Space - Lalbagh,Ather Grid,Telangana,Lucknow,"38 A Foresith Road, Near Novelty Cinema, opp. Daya Nidhan Park, Lalbagh, Lucknow, Uttar Pradesh 226001",26.845889,80.937918,AC Standard / Type 2,Standard,7.4,230V Single-Phase / 415V 3-Phase,24/7 Always Open,₹11 - ₹14 / kWh,2,1,1,0,Available,Type 2 AC (7.4 kW); IEC 60309 AC (3.3 kW),24/7 Security; EV Signs; Parking
STN-IND-0328,Magenta House - Mumbai,Public EV Network,Telangana,Mumbai,"TTC Industrial Area, MIDC Industrial Area, Sanpada, Navi Mumbai",19.068705,73.022987,AC Standard / Type 2,Standard,22,230V Single-Phase / 415V 3-Phase,24/7 Always Open,₹11 - ₹14 / kWh,2,1,0,1,Available,Type 2 AC (7.4 kW); IEC 60309 AC (3.3 kW),24/7 Security; EV Signs; Parking
STN-IND-0329,"Ather Space, Trivandrum",Ather Grid,Telangana,Trivandrum,"Sycamore Complex, Plamoodu Junction, Pattom",8.514505,76.943717,AC Standard / Type 2,Standard,7.4,230V Single-Phase / 415V 3-Phase,24/7 Always Open,₹11 - ₹14 / kWh,2,1,1,0,Available,Type 2 AC (7.4 kW); IEC 60309 AC (3.3 kW),24/7 Security; ATM; EV Signs; Parking; Restroom; Shopping Mall; Wi-Fi
STN-IND-0330,"Ather space, Guindy, Chennai",Ather Grid,Tamil Nadu,Chennai,"Near 111-110, Mount Rd, Guindy Institutional Area, Little Mount, Guindy, Chennai, Tamil Nadu",13.012477,80.220603,AC Standard / Type 2,Standard,7.4,230V Single-Phase / 415V 3-Phase,24/7 Always Open,₹11 - ₹14 / kWh,2,2,0,0,Available,Type 2 AC (7.4 kW); IEC 60309 AC (3.3 kW),24/7 Security; EV Signs; Parking
STN-IND-0331,Ranthal Gardens Restaurant,Public EV Network,Uttar Pradesh,Trivandrum,"near post office, Nemom, Kerala",8.454774,77.002449,AC Standard / Type 2,Standard,22,230V Single-Phase / 415V 3-Phase,09:00 AM - 11:00 PM,₹11 - ₹14 / kWh,2,1,1,0,Available,Type 2 AC (7.4 kW); IEC 60309 AC (3.3 kW),Dining / Cafe; EV Signs; Parking; Restroom
STN-IND-0332,Kalikkalam Sports,Public EV Network,Uttar Pradesh,Trivandrum,"Opposite Infosys/UST, On Road Opposite Infosys Main Gate, behind Al Saj Arena, Poundukadavu",8.533965,76.880734,AC Standard / Type 2,Standard,22,230V Single-Phase / 415V 3-Phase,24/7 Always Open,₹11 - ₹14 / kWh,2,1,1,0,Available,Type 2 AC (7.4 kW); IEC 60309 AC (3.3 kW),24/7 Security; EV Signs; Parking
STN-IND-0333,Ather Space Nagole,Ather Grid,Maharashtra,Hyderabad,"Near Sunrise cars, Plot no.64/B, Mamatha Nagar, Nagole X Road, near Supraja Hospital, Hyderabad, Telangana",17.377497,78.558085,AC Standard / Type 2,Standard,7.4,230V Single-Phase / 415V 3-Phase,24/7 Always Open,₹11 - ₹14 / kWh,2,1,0,1,Available,Type 2 AC (7.4 kW); IEC 60309 AC (3.3 kW),24/7 Security; EV Signs; Parking
STN-IND-0334,MGS Tata Autofab,Public EV Network,Maharashtra,Lucknow,"C 52, Tedhi Pulia, Ring Road, Near Jagrani Hospital, Lucknow - 226022, Uttar Pradesh, India",26.897956,80.966459,AC Standard / Type 2,Standard,22,230V Single-Phase / 415V 3-Phase,24/7 Always Open,₹11 - ₹14 / kWh,2,1,1,0,Available,Type 2 AC (7.4 kW); IEC 60309 AC (3.3 kW),24/7 Security; EV Signs; Parking
STN-IND-0335,The Hazelnut Factory,Public EV Network,Gujarat,Lucknow,"B 192, Niralanagar, Lucknow - 226020",26.872755,80.940712,AC Standard / Type 2,Standard,22,230V Single-Phase / 415V 3-Phase,24/7 Always Open,₹11 - ₹14 / kWh,2,2,0,0,Available,Type 2 AC (7.4 kW); IEC 60309 AC (3.3 kW),24/7 Security; EV Signs; Parking
STN-IND-0336,"The Hazelnut Factory, Alambagh",Public EV Network,Gujarat,Lucknow,"LGF & UGF RB Tower, B-172, Kanpur Rd, Behind iDelta | Phoenix Mall, Lucknow, Lucknow, Uttar Pradesh 226005",26.799112,80.898259,AC Standard / Type 2,Standard,22,230V Single-Phase / 415V 3-Phase,24/7 Always Open,₹11 - ₹14 / kWh,2,1,1,0,Available,Type 2 AC (7.4 kW); IEC 60309 AC (3.3 kW),24/7 Security; ATM; EV Signs; Parking; Restroom; Shopping Mall; Wi-Fi
STN-IND-0337,Woods Cafe Indira Priyadarshani Park,Public EV Network,Haryana,Ghaziabad,"Indira Priyadarshani Park, Arthla, Mohan Nagar, Ghaziabad, Uttar Pradesh 201001",28.674932,77.398238,AC Standard / Type 2,Standard,22,230V Single-Phase / 415V 3-Phase,09:00 AM - 11:00 PM,₹11 - ₹14 / kWh,2,1,1,0,Available,Type 2 AC (7.4 kW); IEC 60309 AC (3.3 kW),Dining / Cafe; EV Signs; Parking; Restroom
STN-IND-0338,Ansal Plaza Mall,Public EV Network,Karnataka,Noida,"ANSAL PLAZA MALL SHOPPING COMPLEX, Pari Chowk, Greater Noida, Uttar Pradesh 201310",28.464615,77.508034,AC Standard / Type 2,Standard,22,230V Single-Phase / 415V 3-Phase,09:00 AM - 11:00 PM,₹11 - ₹14 / kWh,2,1,0,1,Available,Type 2 AC (7.4 kW); IEC 60309 AC (3.3 kW),ATM; EV Signs; Parking; Restroom; Shopping Mall; Wi-Fi
STN-IND-0339,MR Hypermarket,Public EV Network,Maharashtra,Kozhikode,"Wayanad Rd, Moozhikkal, Kozhikode, Kerala",11.296198,75.830782,AC Standard / Type 2,Standard,22,230V Single-Phase / 415V 3-Phase,09:00 AM - 11:00 PM,₹11 - ₹14 / kWh,2,1,1,0,Available,Type 2 AC (7.4 kW); IEC 60309 AC (3.3 kW),EV Signs; Parking
STN-IND-0340,Ather Space Siliguri,Ather Grid,Delhi,Siliguri,"Sevoke Rd, opposite Vishal Cinema Hall, Ward Number 13, Bankim Nagar, Siliguri, West Bengal",26.732107,88.432271,AC Standard / Type 2,Standard,7.4,230V Single-Phase / 415V 3-Phase,24/7 Always Open,₹11 - ₹14 / kWh,2,2,0,0,Available,Type 2 AC (7.4 kW); IEC 60309 AC (3.3 kW),24/7 Security; EV Signs; Parking
STN-IND-0341,Mitraa Super Market,Public EV Network,Maharashtra,Visakhapatnam,"BRTS Rd, A Zone, Sujatha Nagar, Pendurthi, Visakhapatnam, Andhra Pradesh",17.799256,83.210797,AC Standard / Type 2,Standard,22,230V Single-Phase / 415V 3-Phase,09:00 AM - 11:00 PM,₹11 - ₹14 / kWh,2,1,1,0,Available,Type 2 AC (7.4 kW); IEC 60309 AC (3.3 kW),EV Signs; Parking
STN-IND-0342,Patanjali Mega Store Sakkardara,Public EV Network,Tamil Nadu,Nagpur,"205, Sakkardara Police Chowki Rd, Anand Nagar, Azamshah Layout, Nagpur, Maharashtra",21.129812,79.114861,AC Standard / Type 2,Standard,22,230V Single-Phase / 415V 3-Phase,24/7 Always Open,₹11 - ₹14 / kWh,2,1,1,0,Available,Type 2 AC (7.4 kW); IEC 60309 AC (3.3 kW),24/7 Security; EV Signs; Parking
STN-IND-0343,Patanjali Store Wardhaman Nagar,Public EV Network,Rajasthan,Nagpur,"36-65, Nagpur - Bhandara - Rajnandgaon - Raipur Hwy, Chapru Nagar, Shashtri Nagar",21.148294,79.128434,AC Standard / Type 2,Standard,22,230V Single-Phase / 415V 3-Phase,24/7 Always Open,₹11 - ₹14 / kWh,2,1,0,1,Available,Type 2 AC (7.4 kW); IEC 60309 AC (3.3 kW),24/7 Security; EV Signs; Parking
STN-IND-0344,"Throttle Shrottle Moto Cafe, Noida",Public EV Network,Kerala,Noida,"Village rohillapur. Opposite step by step school sector-132, Noida - 201304",28.512394,77.374311,AC Standard / Type 2,Standard,22,230V Single-Phase / 415V 3-Phase,09:00 AM - 11:00 PM,₹11 - ₹14 / kWh,2,1,1,0,Available,Type 2 AC (7.4 kW); IEC 60309 AC (3.3 kW),Dining / Cafe; EV Signs; Parking; Restroom
STN-IND-0345,"Sangeetha Mobiles, HBR Layout",Public EV Network,Gujarat,Bengaluru,"No 54, 80 Feet Main Road, Next to Muthoot Finance, HBR Layout,",13.025618,77.629122,AC Standard / Type 2,Standard,22,230V Single-Phase / 415V 3-Phase,24/7 Always Open,₹11 - ₹14 / kWh,2,2,0,0,Available,Type 2 AC (7.4 kW); IEC 60309 AC (3.3 kW),24/7 Security; EV Signs; Parking
STN-IND-0346,Hyatt Raipur,Public EV Network,Maharashtra,Raipur,"National Highway 6, Jivan Vihar, Labhandih, Chhattisgarh",21.239994,81.68409,AC Standard / Type 2,Standard,22,230V Single-Phase / 415V 3-Phase,24/7 Always Open,₹11 - ₹14 / kWh,2,1,1,0,Available,Type 2 AC (7.4 kW); IEC 60309 AC (3.3 kW),24/7 Security; EV Signs; Parking
STN-IND-0347,Vasant oasis,Public EV Network,Uttar Pradesh,Mumbai,"Borosil Plot,off, Makwana Rd, Marol, Andheri East, Mumbai, Maharashtra",19.114615,72.884094,AC Standard / Type 2,Standard,22,230V Single-Phase / 415V 3-Phase,24/7 Always Open,₹11 - ₹14 / kWh,2,1,1,0,Available,Type 2 AC (7.4 kW); IEC 60309 AC (3.3 kW),24/7 Security; EV Signs; Parking
STN-IND-0348,NMR Enclave,Public EV Network,Uttar Pradesh,Bengaluru,"7/22, NMR enclave, Ejipura main Road , Near Ejipura signal",12.942047,77.631059,AC Standard / Type 2,Standard,22,230V Single-Phase / 415V 3-Phase,24/7 Always Open,₹11 - ₹14 / kWh,2,1,0,1,Available,Type 2 AC (7.4 kW); IEC 60309 AC (3.3 kW),24/7 Security; EV Signs; Parking
STN-IND-0349,Cafe Labasa Goa,Public EV Network,Uttarakhand,Goa,"590/III-A, Caramorod, Chinchinim, Goa",15.225126,73.979533,AC Standard / Type 2,Standard,22,230V Single-Phase / 415V 3-Phase,09:00 AM - 11:00 PM,₹11 - ₹14 / kWh,2,1,1,0,Available,Type 2 AC (7.4 kW); IEC 60309 AC (3.3 kW),Dining / Cafe; EV Signs; Parking; Restroom
STN-IND-0350,The Coffee Stories,Public EV Network,Andhra Pradesh,Pune,"2, Meher classic, shop no:2, opp N.K.Ashiyana society, Marketyard, pune, near unity bakers, Pune, Maharashtra",18.487923,73.872763,AC Standard / Type 2,Standard,22,230V Single-Phase / 415V 3-Phase,24/7 Always Open,₹11 - ₹14 / kWh,2,2,0,0,Available,Type 2 AC (7.4 kW); IEC 60309 AC (3.3 kW),24/7 Security; EV Signs; Parking
STN-IND-0351,"Sulaimani Club, Kottakkal",Public EV Network,Tamil Nadu,Malappuram,"XXMX+J2F, Palathara, Kerala",10.984132,75.997859,AC Standard / Type 2,Standard,22,230V Single-Phase / 415V 3-Phase,24/7 Always Open,₹11 - ₹14 / kWh,2,1,1,0,Available,Type 2 AC (7.4 kW); IEC 60309 AC (3.3 kW),24/7 Security; EV Signs; Parking
STN-IND-0352,Shree Purohit Thali,Public EV Network,Kerala,Nashik,"bus stop, Andhashala, Nashik - Pune Rd, Nashik, Maharashtra",19.961512,73.827291,AC Standard / Type 2,Standard,22,230V Single-Phase / 415V 3-Phase,24/7 Always Open,₹11 - ₹14 / kWh,2,1,1,0,Available,Type 2 AC (7.4 kW); IEC 60309 AC (3.3 kW),24/7 Security; EV Signs; Parking
STN-IND-0353,Morning Star Car Accessories,Public EV Network,Karnataka,Goa,"Jackni Vaddo, Parra, Goa",15.570625,73.791587,AC Standard / Type 2,Standard,22,230V Single-Phase / 415V 3-Phase,24/7 Always Open,₹11 - ₹14 / kWh,2,1,0,1,Available,Type 2 AC (7.4 kW); IEC 60309 AC (3.3 kW),24/7 Security; EV Signs; Parking
STN-IND-0354,"Magenta, Hosur Road",Public EV Network,Kerala,Bengaluru,"Pattalama Layout, Hosur Rd, Singasandra",12.876703,77.646505,AC Standard / Type 2,Standard,22,230V Single-Phase / 415V 3-Phase,24/7 Always Open,₹11 - ₹14 / kWh,2,1,1,0,Available,Type 2 AC (7.4 kW); IEC 60309 AC (3.3 kW),24/7 Security; EV Signs; Parking
STN-IND-0355,"OFFROAD, Motorcycle Accessories Shop",Public EV Network,Kerala,Trivandrum,"Vazhayila - Kallayam Rd, Vazhayila, Padmanabha Nagar, Thiruvananthapuram, Kerala",8.551356,76.972623,AC Standard / Type 2,Standard,22,230V Single-Phase / 415V 3-Phase,24/7 Always Open,₹11 - ₹14 / kWh,2,2,0,0,Available,Type 2 AC (7.4 kW); IEC 60309 AC (3.3 kW),24/7 Security; EV Signs; Parking
STN-IND-0356,"The Chocolate Room, Bangalore",Public EV Network,Maharashtra,Bengaluru,"No 412, 4th G Main Road, 2nd Block, HRBR Layout, Kalyan Nagar,",13.022915,77.639338,AC Standard / Type 2,Standard,22,230V Single-Phase / 415V 3-Phase,24/7 Always Open,₹11 - ₹14 / kWh,2,1,1,0,Available,Type 2 AC (7.4 kW); IEC 60309 AC (3.3 kW),24/7 Security; EV Signs; Parking
STN-IND-0357,AtherSpace Nagpur,Ather Grid,Punjab,Nagpur,"Ojas Building, Beside Batukbhai Jewellers, West High Court Road, Dharampeth",21.1394,79.060476,AC Standard / Type 2,Standard,7.4,230V Single-Phase / 415V 3-Phase,24/7 Always Open,₹11 - ₹14 / kWh,2,1,1,0,Available,Type 2 AC (7.4 kW); IEC 60309 AC (3.3 kW),24/7 Security; EV Signs; Parking
STN-IND-0358,Xavier Institute of Engineering,Public EV Network,Rajasthan,Mumbai,"Opposite S.L.Raheja Hospital, Mahim Causeway, Mahim (West), Raheja Hospital Marg, Mumbai, Maharashtra",19.045208,72.841542,AC Standard / Type 2,Standard,22,230V Single-Phase / 415V 3-Phase,24/7 Always Open,₹11 - ₹14 / kWh,2,1,0,1,Available,Type 2 AC (7.4 kW); IEC 60309 AC (3.3 kW),24/7 Security; EV Signs; Parking
STN-IND-0359,Purnima Sweet's,Public EV Network,Goa,Nashik,"Takli Rd, opp Vishwabharti society, Swanand Society, Dwarka, Nashik, Maharashtra",19.996279,73.803359,AC Standard / Type 2,Standard,22,230V Single-Phase / 415V 3-Phase,24/7 Always Open,₹11 - ₹14 / kWh,2,1,1,0,Available,Type 2 AC (7.4 kW); IEC 60309 AC (3.3 kW),24/7 Security; EV Signs; Parking
STN-IND-0360,"CADD Centre, RK Salai",Public EV Network,Goa,Chennai,"Yellow Pages Building, 25, Dr Radha Krishnan Salai, Dwarka Colony, Mylapore",13.044485,80.268708,AC Standard / Type 2,Standard,22,230V Single-Phase / 415V 3-Phase,24/7 Always Open,₹11 - ₹14 / kWh,2,2,0,0,Available,Type 2 AC (7.4 kW); IEC 60309 AC (3.3 kW),24/7 Security; EV Signs; Parking
STN-IND-0361,"Adyar Ananda Bhavan, Navakari | Zeon",Public EV Network,Madhya Pradesh,Coimbatore,"285, Palakkad main road, Navakarai",10.855676,76.862332,AC Standard / Type 2,Standard,22,230V Single-Phase / 415V 3-Phase,24/7 Always Open,₹11 - ₹14 / kWh,2,1,1,0,Available,Type 2 AC (7.4 kW); IEC 60309 AC (3.3 kW),24/7 Security; EV Signs; Parking
STN-IND-0362,Lakshmi Pazhamudir And Supermarket,Public EV Network,Maharashtra,Coimbatore,"post Gas company, Mettupalayam Rd, Ranganayaki Nagar, Dhamu Nagar, Therkkuppalayam, Coimbatore, Tamil Nadu",11.138138,76.940731,AC Standard / Type 2,Standard,22,230V Single-Phase / 415V 3-Phase,09:00 AM - 11:00 PM,₹11 - ₹14 / kWh,2,1,1,0,Available,Type 2 AC (7.4 kW); IEC 60309 AC (3.3 kW),EV Signs; Parking
STN-IND-0363,Decathlon Bannerghatta,Public EV Network,Karnataka,Bengaluru,"Bannerghatta Main Rd, Kalena Agrahara",12.863595,77.590927,AC Standard / Type 2,Standard,22,230V Single-Phase / 415V 3-Phase,24/7 Always Open,₹11 - ₹14 / kWh,2,1,0,1,Available,Type 2 AC (7.4 kW); IEC 60309 AC (3.3 kW),24/7 Security; EV Signs; Parking
STN-IND-0364,"MR Hyper Market, Wayanad Road",Public EV Network,Maharashtra,Kozhikode,"8V9M+CM3, Kozhikode, Kerala",11.318516,75.884281,AC Standard / Type 2,Standard,22,230V Single-Phase / 415V 3-Phase,09:00 AM - 11:00 PM,₹11 - ₹14 / kWh,2,1,1,0,Available,Type 2 AC (7.4 kW); IEC 60309 AC (3.3 kW),EV Signs; Parking
STN-IND-0365,KR Journey Planners,Public EV Network,Tamil Nadu,Surat,"Beside Sahaj Super Store, Anand Mahal Rd, Honey Park, Adajan Gam, Adajan, Surat, Gujarat",21.148373,72.765474,AC Standard / Type 2,Standard,22,230V Single-Phase / 415V 3-Phase,24/7 Always Open,₹11 - ₹14 / kWh,2,2,0,0,Available,Type 2 AC (7.4 kW); IEC 60309 AC (3.3 kW),24/7 Security; EV Signs; Parking
STN-IND-0366,KR Journey,Public EV Network,Tamil Nadu,Surat,"p767, Ashwini Kumar Road, New GIDC",21.212694,72.845118,AC Standard / Type 2,Standard,22,230V Single-Phase / 415V 3-Phase,24/7 Always Open,₹11 - ₹14 / kWh,2,1,1,0,Available,Type 2 AC (7.4 kW); IEC 60309 AC (3.3 kW),24/7 Security; EV Signs; Parking
STN-IND-0367,Shiven Satellite Vision,Public EV Network,Puducherry,Goa,"City Plaza, Phase 2, Pedda, Margao, Goa",15.269764,73.95495,AC Standard / Type 2,Standard,22,230V Single-Phase / 415V 3-Phase,24/7 Always Open,₹11 - ₹14 / kWh,2,1,1,0,Available,Type 2 AC (7.4 kW); IEC 60309 AC (3.3 kW),24/7 Security; EV Signs; Parking
STN-IND-0368,Detailing Bull,Public EV Network,Jammu and Kashmir,Gurugram,"F7, Shushant Lok 2 Near Hong Kong Bazar, Sector 57, Gurugram, Haryana 122011",28.419524,77.088514,AC Standard / Type 2,Standard,22,230V Single-Phase / 415V 3-Phase,24/7 Always Open,₹11 - ₹14 / kWh,2,1,0,1,Available,Type 2 AC (7.4 kW); IEC 60309 AC (3.3 kW),24/7 Security; EV Signs; Parking
STN-IND-0369,R R Sales,Public EV Network,Madhya Pradesh,Guwahati,"Saraf Building, Near Police Reserve RLY gate, no 2, Assam Trunk Rd, Guwahati, Assam",26.176336,91.740471,AC Standard / Type 2,Standard,22,230V Single-Phase / 415V 3-Phase,24/7 Always Open,₹11 - ₹14 / kWh,2,1,1,0,Available,Type 2 AC (7.4 kW); IEC 60309 AC (3.3 kW),24/7 Security; EV Signs; Parking
STN-IND-0370,"Vishnu Tradex, Shreekunj Elegance",Public EV Network,Delhi,Ahmedabad,"2 SHREEKUNJ ELIGANCE, near SAHAJ PARADISE BANGLOW, Ahmedabad, Gujarat",23.073553,72.520875,AC Standard / Type 2,Standard,22,230V Single-Phase / 415V 3-Phase,24/7 Always Open,₹11 - ₹14 / kWh,2,2,0,0,Available,Type 2 AC (7.4 kW); IEC 60309 AC (3.3 kW),24/7 Security; EV Signs; Parking
STN-IND-0371,Naksh Auto World,Public EV Network,Maharashtra,Ghaziabad,"Maharaja Agarsain Marg, Mohan Meakin Society, Sector 5, Vasundhara, Ghaziabad, Uttar Pradesh 201012",28.66356,77.374006,AC Standard / Type 2,Standard,22,230V Single-Phase / 415V 3-Phase,24/7 Always Open,₹11 - ₹14 / kWh,2,1,1,0,Available,Type 2 AC (7.4 kW); IEC 60309 AC (3.3 kW),24/7 Security; EV Signs; Parking
STN-IND-0372,Royal Global University,Public EV Network,Delhi,Guwahati,"NH-37, opp. Tirupati Balaji Temple",26.112203,91.724158,AC Standard / Type 2,Standard,22,230V Single-Phase / 415V 3-Phase,24/7 Always Open,₹11 - ₹14 / kWh,2,1,1,0,Available,Type 2 AC (7.4 kW); IEC 60309 AC (3.3 kW),24/7 Security; EV Signs; Parking
STN-IND-0373,Loom Solar Warehouse,Public EV Network,Delhi,Faridabad,"Plot No. 21, 1, Mathura Rd, Pocket 3, Rajiv Enclave, Sector 6, Faridabad, Haryana 121006",28.352062,77.300794,AC Standard / Type 2,Standard,22,230V Single-Phase / 415V 3-Phase,24/7 Always Open,₹11 - ₹14 / kWh,2,1,0,1,Available,Type 2 AC (7.4 kW); IEC 60309 AC (3.3 kW),24/7 Security; EV Signs; Parking
STN-IND-0374,"Ather Space, Guwahati",Ather Grid,Punjab,Guwahati,"2nd Floor, JKON building, opp. Sonaram School, Bharalumukh",26.172606,91.729344,AC Standard / Type 2,Standard,7.4,230V Single-Phase / 415V 3-Phase,24/7 Always Open,₹11 - ₹14 / kWh,2,1,1,0,Available,Type 2 AC (7.4 kW); IEC 60309 AC (3.3 kW),24/7 Security; EV Signs; Parking
STN-IND-0375,Guy Car  Steamer,Public EV Network,Rajasthan,Bengaluru,"No 60 Next to Sobha Classic 83-B Narayanareddy Layout, Haralur Main Rd",12.904089,77.662251,AC Standard / Type 2,Standard,22,230V Single-Phase / 415V 3-Phase,24/7 Always Open,₹11 - ₹14 / kWh,2,2,0,0,Available,Type 2 AC (7.4 kW); IEC 60309 AC (3.3 kW),24/7 Security; Dining / Cafe; EV Signs; Parking; Restroom
STN-IND-0376,AtherSpace Belgaum,Ather Grid,Rajasthan,Belgaum,"Bellad Enterprises, Vengurla - Belgaum Rd, Vinayak Nagar, Vijaynagar, Belagavi",15.868772,74.487863,AC Standard / Type 2,Standard,7.4,230V Single-Phase / 415V 3-Phase,24/7 Always Open,₹11 - ₹14 / kWh,2,1,1,0,Available,Type 2 AC (7.4 kW); IEC 60309 AC (3.3 kW),24/7 Security; EV Signs; Parking
STN-IND-0377,Ather Service Centre,Ather Grid,Rajasthan,Guwahati,"House No 20,Janapath Lane,Ulubari",26.170766,91.760818,AC Standard / Type 2,Standard,7.4,230V Single-Phase / 415V 3-Phase,24/7 Always Open,₹11 - ₹14 / kWh,2,1,1,0,Available,Type 2 AC (7.4 kW); IEC 60309 AC (3.3 kW),24/7 Security; EV Signs; Parking
STN-IND-0378,Ather Space Vijayawada,Ather Grid,Delhi,Vijayawada,"KP Nagar Main Rd, Gurunanak Nagar, K P Nagar, Benz Circle, Vijayawada, Andhra Pradesh",16.500726,80.657429,AC Standard / Type 2,Standard,7.4,230V Single-Phase / 415V 3-Phase,24/7 Always Open,₹11 - ₹14 / kWh,2,1,0,1,Available,Type 2 AC (7.4 kW); IEC 60309 AC (3.3 kW),24/7 Security; EV Signs; Parking
STN-IND-0379,Turf Trident,Public EV Network,Maharashtra,Chennai,"56, Lakeview garden, Korattur",13.122193,80.189002,AC Standard / Type 2,Standard,22,230V Single-Phase / 415V 3-Phase,24/7 Always Open,₹11 - ₹14 / kWh,2,1,1,0,Available,Type 2 AC (7.4 kW); IEC 60309 AC (3.3 kW),24/7 Security; EV Signs; Parking
STN-IND-0380,Ather Space Tirupati,Ather Grid,Maharashtra,Tirupati,"Vedhavyasa Bhavan, AIR Bypass Road, Royal Nagar, Tirupati, Andhra Pradesh",13.622644,79.414697,AC Standard / Type 2,Standard,7.4,230V Single-Phase / 415V 3-Phase,24/7 Always Open,₹11 - ₹14 / kWh,2,2,0,0,Available,Type 2 AC (7.4 kW); IEC 60309 AC (3.3 kW),24/7 Security; EV Signs; Parking
STN-IND-0381,Area 51 - The cafu00e9 hideout,Public EV Network,Maharashtra,Visakhapatnam,"Area 51- The cafu00e9 hideout, Hill view conventions, IT Sez,Hill No.2 Plot-F,on the way to Mouri tech, Andhra Pradesh",17.80835,83.388801,AC Standard / Type 2,Standard,22,230V Single-Phase / 415V 3-Phase,24/7 Always Open,₹11 - ₹14 / kWh,2,1,1,0,Available,Type 2 AC (7.4 kW); IEC 60309 AC (3.3 kW),24/7 Security; EV Signs; Parking
STN-IND-0382,Ather Space  Aurangabad,Ather Grid,Maharashtra,Aurangabad,"Gopinath Chambers, Adalat Rd, near Chunilal Petrol Pump, Konkanwadi, Aurangabad, Maharashtra",19.871912,75.325188,AC Standard / Type 2,Standard,7.4,230V Single-Phase / 415V 3-Phase,24/7 Always Open,₹11 - ₹14 / kWh,2,1,1,0,Available,Type 2 AC (7.4 kW); IEC 60309 AC (3.3 kW),24/7 Security; Air Pump; Convenience Store; EV Signs; Parking; Restroom
STN-IND-0383,"Ather space, Malappuram",Ather Grid,Maharashtra,Malappuram,"SH 72, Kizhakkethala, Down Hill, Malappuram, Kerala 676505",11.052222,76.075398,AC Standard / Type 2,Standard,7.4,230V Single-Phase / 415V 3-Phase,24/7 Always Open,₹11 - ₹14 / kWh,2,1,0,1,Available,Type 2 AC (7.4 kW); IEC 60309 AC (3.3 kW),24/7 Security; EV Signs; Parking
STN-IND-0384,"Ather Space, Tirur",Ather Grid,Tamil Nadu,Tirur,"Pookkayil, Tirur, Kerala",10.923581,75.913121,AC Standard / Type 2,Standard,7.4,230V Single-Phase / 415V 3-Phase,24/7 Always Open,₹11 - ₹14 / kWh,2,1,1,0,Available,Type 2 AC (7.4 kW); IEC 60309 AC (3.3 kW),24/7 Security; EV Signs; Parking
STN-IND-0385,Ather Space Kolhapur,Ather Grid,Kerala,Kolhapur,"C.S. No. 195K/2K, Kavala Naka, E-Ward, Kolhapur",16.707579,74.251069,AC Standard / Type 2,Standard,7.4,230V Single-Phase / 415V 3-Phase,24/7 Always Open,₹11 - ₹14 / kWh,2,2,0,0,Available,Type 2 AC (7.4 kW); IEC 60309 AC (3.3 kW),24/7 Security; EV Signs; Parking
STN-IND-0386,AtherSpace Rajajinagar,Ather Grid,Gujarat,Bengaluru,"No. 0025 (Old no.1003), 59th C Cross, 4th M Block, Sriram Mandir, Dr.Rajkumar Road, Rajaji Nagar",12.982706,77.560699,AC Standard / Type 2,Standard,7.4,230V Single-Phase / 415V 3-Phase,24/7 Always Open,₹11 - ₹14 / kWh,2,1,1,0,Available,Type 2 AC (7.4 kW); IEC 60309 AC (3.3 kW),24/7 Security; EV Signs; Parking
STN-IND-0387,"Radisson Resort, ECR",Public EV Network,Andhra Pradesh,Chennai,ECR,12.62381,80.194767,AC Standard / Type 2,Standard,22,230V Single-Phase / 415V 3-Phase,24/7 Always Open,₹11 - ₹14 / kWh,2,1,1,0,Available,Type 2 AC (7.4 kW); IEC 60309 AC (3.3 kW),24/7 Security; Dining / Cafe; EV Signs; Parking; Restroom
STN-IND-0388,Nikshan Electronics,Public EV Network,Telangana,Kannur,"Nikshan Arena, Bank Rd, Padanapalam, Kannur, Kerala",11.868745,75.366022,AC Standard / Type 2,Standard,22,230V Single-Phase / 415V 3-Phase,24/7 Always Open,₹11 - ₹14 / kWh,2,1,0,1,Available,Type 2 AC (7.4 kW); IEC 60309 AC (3.3 kW),24/7 Security; EV Signs; Parking
STN-IND-0389,"E Planet, Thalassery",Public EV Network,Andhra Pradesh,Kannur,"AVK Nair Road, Pilakool, Thalassery, Kerala",11.745544,75.49502,AC Standard / Type 2,Standard,22,230V Single-Phase / 415V 3-Phase,24/7 Always Open,₹11 - ₹14 / kWh,2,1,1,0,Available,Type 2 AC (7.4 kW); IEC 60309 AC (3.3 kW),24/7 Security; EV Signs; Parking
STN-IND-0390,Oyo Soho,Public EV Network,Andhra Pradesh,Noida,"D-141, Block D, Sector 51, Noida, Uttar Pradesh 201301",28.58066,77.37497,AC Standard / Type 2,Standard,22,230V Single-Phase / 415V 3-Phase,24/7 Always Open,₹11 - ₹14 / kWh,2,2,0,0,Available,Type 2 AC (7.4 kW); IEC 60309 AC (3.3 kW),24/7 Security; EV Signs; Parking
STN-IND-0391,M R A Restaurant,Public EV Network,Andhra Pradesh,Kannur,"Kasaragod - Kannur Rd, Trichambaram, Taliparamba, Kerala",12.025627,75.367177,AC Standard / Type 2,Standard,22,230V Single-Phase / 415V 3-Phase,09:00 AM - 11:00 PM,₹11 - ₹14 / kWh,2,1,1,0,Available,Type 2 AC (7.4 kW); IEC 60309 AC (3.3 kW),Dining / Cafe; EV Signs; Parking; Restroom
STN-IND-0392,"AIMA Charging Station, Karinganad",Public EV Network,Telangana,Malappuram,"Karinganad, Vilayur PO, Pattambi Taluk",10.8878,76.189669,AC Standard / Type 2,Standard,22,230V Single-Phase / 415V 3-Phase,24/7 Always Open,₹11 - ₹14 / kWh,2,1,1,0,Available,Type 2 AC (7.4 kW); IEC 60309 AC (3.3 kW),24/7 Security; EV Signs; Parking
STN-IND-0393,Kekiz Malleswaram,Public EV Network,Telangana,Bengaluru,"No 280, Ira Arcade, 18th Cross, Sampige Road,  Malleswaram,",13.008305,77.571179,AC Standard / Type 2,Standard,22,230V Single-Phase / 415V 3-Phase,09:00 AM - 11:00 PM,₹11 - ₹14 / kWh,2,1,0,1,Available,Type 2 AC (7.4 kW); IEC 60309 AC (3.3 kW),ATM; EV Signs; Parking; Restroom; Shopping Mall; Wi-Fi
STN-IND-0394,Muthiah Towers,Public EV Network,Telangana,Tiruchirappalli,"Muthiah Towers, 1, Royal Rd, Cantonment, Tiruchirappalli, Tamil Nadu",10.799797,78.680705,AC Standard / Type 2,Standard,22,230V Single-Phase / 415V 3-Phase,24/7 Always Open,₹11 - ₹14 / kWh,2,1,1,0,Available,Type 2 AC (7.4 kW); IEC 60309 AC (3.3 kW),24/7 Security; ATM; EV Signs; Parking; Restroom; Shopping Mall; Wi-Fi
STN-IND-0395,"Chai Point, Bellandur",Public EV Network,Telangana,Bengaluru,"4, Marathahalli - Sarjapur Outer Ring Rd, Koramangala 6 Block, Bellandur",12.922427,77.668422,AC Standard / Type 2,Standard,22,230V Single-Phase / 415V 3-Phase,24/7 Always Open,₹11 - ₹14 / kWh,2,2,0,0,Available,Type 2 AC (7.4 kW); IEC 60309 AC (3.3 kW),24/7 Security; EV Signs; Parking
STN-IND-0396,HOTEL REDWINGS CASTLE,Public EV Network,Karnataka,Mumbai,"Near to Orion Mall/ New Panvel Bridge, Old, Mumbai - Pune Expy,",18.994535,73.115132,AC Standard / Type 2,Standard,22,230V Single-Phase / 415V 3-Phase,24/7 Always Open,₹11 - ₹14 / kWh,2,1,1,0,Available,Type 2 AC (7.4 kW); IEC 60309 AC (3.3 kW),24/7 Security; ATM; Dining / Cafe; EV Signs; Parking; Restroom; Shopping Mall; Wi-Fi
STN-IND-0397,Radisson Bengaluru City Center,Public EV Network,Delhi,Bengaluru,"2, Gangadhar Chetty Rd, Yellappa Chetty Layout, Sivanchetti Gardens, Halasuru",12.976339,77.619717,AC Standard / Type 2,Standard,22,230V Single-Phase / 415V 3-Phase,24/7 Always Open,₹11 - ₹14 / kWh,2,1,1,0,Available,Type 2 AC (7.4 kW); IEC 60309 AC (3.3 kW),24/7 Security; EV Signs; Parking
STN-IND-0398,Mealodroma,Public EV Network,Delhi,New Delhi,"A6, 110027, Najafgarh Rd, Vishal Enclave, Rajouri Garden, Delhi, 110027",28.648602,77.114701,AC Standard / Type 2,Standard,22,230V Single-Phase / 415V 3-Phase,24/7 Always Open,₹11 - ₹14 / kWh,2,1,0,1,Available,Type 2 AC (7.4 kW); IEC 60309 AC (3.3 kW),24/7 Security; EV Signs; Parking
STN-IND-0399,Hotel Om Navratna,Public EV Network,Delhi,Mumbai,"1/766, Old Mumbai Pune Highway, Near Agarwal Movers & Packers Ltd, at post Chouk",18.901425,73.236579,AC Standard / Type 2,Standard,22,230V Single-Phase / 415V 3-Phase,24/7 Always Open,₹11 - ₹14 / kWh,2,1,1,0,Available,Type 2 AC (7.4 kW); IEC 60309 AC (3.3 kW),24/7 Security; Dining / Cafe; EV Signs; Parking; Restroom
STN-IND-0400,Ather Space Mangalore,Ather Grid,Punjab,Mangalore,"No 3-30-2399/2, Pound Graden, Kadri Road,  Behind City Hospital",12.878593,74.851322,AC Standard / Type 2,Standard,7.4,230V Single-Phase / 415V 3-Phase,24/7 Always Open,₹11 - ₹14 / kWh,2,2,0,0,Available,Type 2 AC (7.4 kW); IEC 60309 AC (3.3 kW),24/7 Security; EV Signs; Parking
STN-IND-0401,Ather Space Kannur,Ather Grid,Punjab,Kannur,"Crux Mobility Pvt Ltd, City Tower, Near Har Cars",11.874322,75.3872,AC Standard / Type 2,Standard,7.4,230V Single-Phase / 415V 3-Phase,24/7 Always Open,₹11 - ₹14 / kWh,2,1,1,0,Available,Type 2 AC (7.4 kW); IEC 60309 AC (3.3 kW),24/7 Security; ATM; EV Signs; Parking; Restroom; Shopping Mall; Wi-Fi
STN-IND-0402,"Ather Space, Thrissur",Ather Grid,Karnataka,Trichur,"Autostarke Energy Pvt Ltd, 14/3 A1, Puzhakkal",10.54281,76.184562,AC Standard / Type 2,Standard,7.4,230V Single-Phase / 415V 3-Phase,24/7 Always Open,₹11 - ₹14 / kWh,2,1,1,0,Available,Type 2 AC (7.4 kW); IEC 60309 AC (3.3 kW),24/7 Security; EV Signs; Parking
STN-IND-0403,Hitech Motors,Public EV Network,Maharashtra,Tirupati,"Kanigiri - Tirupathi Rd, SV Auto Nagar, Tirupati, Andhra Pradesh",13.629276,79.461988,AC Standard / Type 2,Standard,22,230V Single-Phase / 415V 3-Phase,24/7 Always Open,₹11 - ₹14 / kWh,2,1,0,1,Available,Type 2 AC (7.4 kW); IEC 60309 AC (3.3 kW),24/7 Security; EV Signs; Parking
STN-IND-0404,"Ather Space, Palakkad",Ather Grid,Jharkhand,Palakkad,"KVR Green Energy Pvt Ltd , TS2 Ventures , Mercy College Junction",10.770167,76.637861,AC Standard / Type 2,Standard,7.4,230V Single-Phase / 415V 3-Phase,24/7 Always Open,₹11 - ₹14 / kWh,2,1,1,0,Available,Type 2 AC (7.4 kW); IEC 60309 AC (3.3 kW),24/7 Security; EV Signs; Parking
STN-IND-0405,Cashew Tree,Public EV Network,Odisha,Goa,"Vaddy, Candolim, Candolim, Goa",15.516251,73.768446,AC Standard / Type 2,Standard,22,230V Single-Phase / 415V 3-Phase,24/7 Always Open,₹11 - ₹14 / kWh,2,2,0,0,Available,Type 2 AC (7.4 kW); IEC 60309 AC (3.3 kW),24/7 Security; EV Signs; Parking
STN-IND-0406,MMA Matrix Gym,Public EV Network,West Bengal,Kolhapur,"MMA Matrix Gym, 1st Floor, Desai House, 7th Ln,",16.693673,74.24103,AC Standard / Type 2,Standard,22,230V Single-Phase / 415V 3-Phase,24/7 Always Open,₹11 - ₹14 / kWh,2,1,1,0,Available,Type 2 AC (7.4 kW); IEC 60309 AC (3.3 kW),24/7 Security; EV Signs; Parking
STN-IND-0407,Akki's Bistro,Public EV Network,Andhra Pradesh,Kolhapur,"CS No 1082, Chandrameela Building, Near Krishna temple, Mohite park, Kolhapur, Maharashtra 416012",16.685693,74.208422,AC Standard / Type 2,Standard,22,230V Single-Phase / 415V 3-Phase,24/7 Always Open,₹11 - ₹14 / kWh,2,1,1,0,Available,Type 2 AC (7.4 kW); IEC 60309 AC (3.3 kW),24/7 Security; EV Signs; Parking
STN-IND-0408,Roy ka rasoi,Public EV Network,Chhattisgarh,Siliguri,"Netaji Subhas Road, Ward 20, Subhas Pally, Siliguri, West Bengal",26.705549,88.438045,AC Standard / Type 2,Standard,22,230V Single-Phase / 415V 3-Phase,24/7 Always Open,₹11 - ₹14 / kWh,2,1,0,1,Available,Type 2 AC (7.4 kW); IEC 60309 AC (3.3 kW),24/7 Security; EV Signs; Parking
STN-IND-0409,Hotel Kuppana,Public EV Network,Delhi,Tirupati,"5th Cross Rd, Tirumala Reddy Nagar, Mangalam, Tirupati, Andhra Pradesh 517507",13.648073,79.446494,AC Standard / Type 2,Standard,22,230V Single-Phase / 415V 3-Phase,24/7 Always Open,₹11 - ₹14 / kWh,2,1,1,0,Available,Type 2 AC (7.4 kW); IEC 60309 AC (3.3 kW),24/7 Security; Dining / Cafe; EV Signs; Parking; Restroom
STN-IND-0410,Guru Sweets & Snacks,Public EV Network,Punjab,Siliguri,"Khaprail Bazar Near R.P Trading, Khopalasi, West Bengal",26.761871,88.338818,AC Standard / Type 2,Standard,22,230V Single-Phase / 415V 3-Phase,24/7 Always Open,₹11 - ₹14 / kWh,2,2,0,0,Available,Type 2 AC (7.4 kW); IEC 60309 AC (3.3 kW),24/7 Security; EV Signs; Parking
STN-IND-0411,Hotel Rasraj Parking Zone,Public EV Network,Maharashtra,Mumbai,"Gaurav Automobile Compound, ,Ramnath Rd, opp. BVM Multiplex,",18.650997,72.874071,AC Standard / Type 2,Standard,22,230V Single-Phase / 415V 3-Phase,24/7 Always Open,₹11 - ₹14 / kWh,2,1,1,0,Available,Type 2 AC (7.4 kW); IEC 60309 AC (3.3 kW),24/7 Security; Dining / Cafe; EV Signs; Parking; Restroom
STN-IND-0412,Crazy Coffee,Public EV Network,Maharashtra,Jaipur,"Shop no. 9, Vardhman Nagar, near PUNO 200ft By Pass, Ajmer Rd, Jaipur",26.88388,75.739792,AC Standard / Type 2,Standard,22,230V Single-Phase / 415V 3-Phase,24/7 Always Open,₹11 - ₹14 / kWh,2,1,1,0,Available,Type 2 AC (7.4 kW); IEC 60309 AC (3.3 kW),24/7 Security; EV Signs; Parking
STN-IND-0413,Sultan of Flavours Restaurant,Public EV Network,Maharashtra,Palakkad,"Stadium Bypass Rd, Sultanpet, Palakkad",10.767252,76.660312,AC Standard / Type 2,Standard,22,230V Single-Phase / 415V 3-Phase,09:00 AM - 11:00 PM,₹11 - ₹14 / kWh,2,1,0,1,Available,Type 2 AC (7.4 kW); IEC 60309 AC (3.3 kW),Dining / Cafe; EV Signs; Parking; Restroom
STN-IND-0414,Kalanthans Cafe,Public EV Network,Maharashtra,Kochi,"Palarivattom, Kochi",10.002601,76.304007,AC Standard / Type 2,Standard,22,230V Single-Phase / 415V 3-Phase,09:00 AM - 11:00 PM,₹11 - ₹14 / kWh,2,1,1,0,Available,Type 2 AC (7.4 kW); IEC 60309 AC (3.3 kW),Dining / Cafe; EV Signs; Parking; Restroom
STN-IND-0415,Devaragam Hotel,Public EV Network,Maharashtra,Trichur,"Outer Ring Road, Opp Railway Station, East Nada, Guruvayur",10.595565,76.044337,AC Standard / Type 2,Standard,22,230V Single-Phase / 415V 3-Phase,24/7 Always Open,₹11 - ₹14 / kWh,2,2,0,0,Available,Type 2 AC (7.4 kW); IEC 60309 AC (3.3 kW),24/7 Security; Dining / Cafe; EV Signs; Parking; Restroom
STN-IND-0416,Ather Space Thane,Ather Grid,Rajasthan,Mumbai,"Shop No. 4, Mansarovar, Opp. TMC Building, Almeda Rd,",19.198118,72.967415,AC Standard / Type 2,Standard,7.4,230V Single-Phase / 415V 3-Phase,24/7 Always Open,₹11 - ₹14 / kWh,2,1,1,0,Available,Type 2 AC (7.4 kW); IEC 60309 AC (3.3 kW),24/7 Security; EV Signs; Parking
STN-IND-0417,Irani Chai,Public EV Network,Delhi,Bengaluru,"294, 15th Cross Rd, Sector 4, HSR Layout, Bengaluru",12.91371,77.644164,AC Standard / Type 2,Standard,22,230V Single-Phase / 415V 3-Phase,24/7 Always Open,₹11 - ₹14 / kWh,2,1,1,0,Available,Type 2 AC (7.4 kW); IEC 60309 AC (3.3 kW),24/7 Security; EV Signs; Parking
STN-IND-0418,"BESCOM,  KR Circle",Public EV Network,Karnataka,Bengaluru,"KR circle, Nrupathunga Road, Nunegundlapalli,  Ambedkar Veedhi, Bengaluru",12.975703,77.587725,AC Standard / Type 2,Standard,22,230V Single-Phase / 415V 3-Phase,24/7 Always Open,₹11 - ₹14 / kWh,2,1,0,1,Available,Type 2 AC (7.4 kW); IEC 60309 AC (3.3 kW),24/7 Security; EV Signs; Parking
STN-IND-0419,"Ather Space, Kollam",Ather Grid,Tamil Nadu,Kollam,"Raj Plaza Building, Kilikkolloor P.O, Kollam",8.899214,76.612997,AC Standard / Type 2,Standard,7.4,230V Single-Phase / 415V 3-Phase,24/7 Always Open,₹11 - ₹14 / kWh,2,1,1,0,Available,Type 2 AC (7.4 kW); IEC 60309 AC (3.3 kW),24/7 Security; EV Signs; Parking
STN-IND-0420,"Naattarasan, Urapakkam",Public EV Network,Kerala,Chennai,"No: 245, GST Road, Opp to Indian Oil Bunk, Urapakkam, Chennai, Tamil Nadu",12.85706,80.069486,AC Standard / Type 2,Standard,22,230V Single-Phase / 415V 3-Phase,24/7 Always Open,₹11 - ₹14 / kWh,2,2,0,0,Available,Type 2 AC (7.4 kW); IEC 60309 AC (3.3 kW),24/7 Security; EV Signs; Parking
STN-IND-0421,Hungry Hippo,Public EV Network,Kerala,Visakhapatnam,"50-49-43/A, TPT Colony, Balayya Sastri Layout, Seethammadara, Visakhapatnam, Andhra Pradesh 530013",17.740704,83.311686,AC Standard / Type 2,Standard,22,230V Single-Phase / 415V 3-Phase,24/7 Always Open,₹11 - ₹14 / kWh,2,1,1,0,Available,Type 2 AC (7.4 kW); IEC 60309 AC (3.3 kW),24/7 Security; EV Signs; Parking
STN-IND-0422,F3 Drive-in,Public EV Network,Kerala,Hyderabad,"near Fusion International School, Ameenpur, Miyapur, Telangana",17.517319,78.318829,AC Standard / Type 2,Standard,22,230V Single-Phase / 415V 3-Phase,24/7 Always Open,₹11 - ₹14 / kWh,2,1,1,0,Available,Type 2 AC (7.4 kW); IEC 60309 AC (3.3 kW),24/7 Security; EV Signs; Parking
STN-IND-0423,"IOCL - COCO Niti Marg, Chanakyapuri",IOCL Green,Delhi,New Delhi,"Niti Marg, ChanakyaPuri, New Delhi-110021",28.599629,77.195806,Dual AC/DC Fast,Fast,30,415V AC / 400V DC,24/7 Always Open,₹15 - ₹19 / kWh,4,2,1,1,Available,CCS-2 (30 kW DC); Type 2 AC (22 kW); Bharat DC-001 (15 kW),24/7 Security; Air Pump; Convenience Store; EV Signs; Parking; Restroom
STN-IND-0424,"SNEH DHABA, NH 1 Ganaur",Public EV Network,Haryana,Ganaur,"64th Milestone, NH-1, Ganaur, Sonipat, Haryana 131101",29.157569,77.035833,Dual AC/DC Fast,Fast,30,415V AC / 400V DC,24/7 Always Open,₹15 - ₹19 / kWh,4,2,2,0,Available,CCS-2 (30 kW DC); Type 2 AC (22 kW); Bharat DC-001 (15 kW),24/7 Security; Dining / Cafe; EV Signs; Parking; Restroom
STN-IND-0425,"Sara Automobile, Dobhi",Public EV Network,Bihar,Gaya,"Sara Automobile Pvt Ltd, Eicher agency,NH-2  Opp:  Punjab National Bank, Suramandal near check post, Dobhi,  Gaya  PIN u00e2u0080u0093 824201",24.525355,84.932182,Dual AC/DC Fast,Fast,30,415V AC / 400V DC,24/7 Always Open,₹15 - ₹19 / kWh,4,4,0,0,Available,CCS-2 (30 kW DC); Type 2 AC (22 kW); Bharat DC-001 (15 kW),24/7 Security; EV Signs; Parking
STN-IND-0426,"GUGNANI AUTOCARS, Pratap Nagari",Public EV Network,Odisha,Cuttack,"PLOT NO- 785, PRATAP NAGARI, CUTTACK. State: ODISHA, Pin: 753011",20.40517,85.879782,Dual AC/DC Fast,Fast,30,415V AC / 400V DC,24/7 Always Open,₹15 - ₹19 / kWh,4,3,1,0,Available,CCS-2 (30 kW DC); Type 2 AC (22 kW); Bharat DC-001 (15 kW),24/7 Security; EV Signs; Parking
STN-IND-0427,"Varenyam Motor Car, Industrial Area",Public EV Network,Madhya Pradesh,Bhopal,"56-57 JK Road Govindpura, Sector A, Govindpura Industrial Area, Bhopal, Madhya Pradesh 462023",23.259006,77.456769,Dual AC/DC Fast,Fast,30,415V AC / 400V DC,24/7 Always Open,₹15 - ₹19 / kWh,4,1,3,0,Available,CCS-2 (30 kW DC); Type 2 AC (22 kW); Bharat DC-001 (15 kW),24/7 Security; EV Signs; Parking
STN-IND-0428,"Jaika Motors, Civil Lines",Public EV Network,Maharashtra,Nagpur,Jaika Motors Pvt Ltd.Post Box No.1 Commercial Road Civil Lines Nagpur 440001,21.155667,79.078708,Dual AC/DC Fast,Fast,30,415V AC / 400V DC,24/7 Always Open,₹15 - ₹19 / kWh,4,2,1,1,Available,CCS-2 (30 kW DC); Type 2 AC (22 kW); Bharat DC-001 (15 kW),24/7 Security; EV Signs; Parking
STN-IND-0429,"IOCL Kini Causway, Bandra",IOCL Green,Maharashtra,Mumbai,"36, SV Rd, Santosh Nagar, Bandra West, Mumbai, Maharashtra 400050",19.051601,72.838011,Dual AC/DC Fast,Fast,30,415V AC / 400V DC,24/7 Always Open,₹15 - ₹19 / kWh,4,2,2,0,Available,CCS-2 (30 kW DC); Type 2 AC (22 kW); Bharat DC-001 (15 kW),24/7 Security; Air Pump; Convenience Store; EV Signs; Parking; Restroom
STN-IND-0430,"IOCL Hundred Percent Filling & Service Station, Dwarka",IOCL Green,Delhi,New Delhi,"Sector 9, Dwarka, New Delhi, Delhi 110073",28.578641,77.05962,Dual AC/DC Fast,Fast,30,415V AC / 400V DC,24/7 Always Open,₹15 - ₹19 / kWh,4,4,0,0,Available,CCS-2 (30 kW DC); Type 2 AC (22 kW); Bharat DC-001 (15 kW),24/7 Security; Air Pump; Convenience Store; EV Signs; Parking; Restroom
STN-IND-0431,"Adisakti Motors, Davangere",Public EV Network,Karnataka,Davangere,"No 628/K24, Shramajeevi Building, PB Rd, beside Aradhya Steel Wire Ropes, Avaragere, Davanagere, Karnataka 577003",14.441957,75.95206,Dual AC/DC Fast,Fast,30,415V AC / 400V DC,24/7 Always Open,₹15 - ₹19 / kWh,4,3,1,0,Available,CCS-2 (30 kW DC); Type 2 AC (22 kW); Bharat DC-001 (15 kW),24/7 Security; EV Signs; Parking
STN-IND-0432,"True Sai Motors, Avaragere",Public EV Network,Tamil Nadu,Krishnagiri,"No 417A/1A Krishnagiri Chennai Highway, Pethanapalli, opposite to Hotel, Krishnagiri, Tamil Nadu 635001",12.530606,78.237516,Dual AC/DC Fast,Fast,30,415V AC / 400V DC,24/7 Always Open,₹15 - ₹19 / kWh,4,1,3,0,Available,CCS-2 (30 kW DC); Type 2 AC (22 kW); Bharat DC-001 (15 kW),24/7 Security; Dining / Cafe; EV Signs; Parking; Restroom
STN-IND-0433,"True Sai Motors, Narasothipatti",Public EV Network,Tamil Nadu,Salem,"No 73 Salem, Omalur Highway, next to Hotel Grand Estancia, Narasothipatti, Salem, Tamil Nadu 636004,636001",11.682985,78.12604,Dual AC/DC Fast,Fast,30,415V AC / 400V DC,24/7 Always Open,₹15 - ₹19 / kWh,4,2,1,1,Available,CCS-2 (30 kW DC); Type 2 AC (22 kW); Bharat DC-001 (15 kW),24/7 Security; Dining / Cafe; EV Signs; Parking; Restroom
STN-IND-0434,"Vikarsh Nano technology, Dhangarwadi",Public EV Network,Maharashtra,Satara,"Vikarsh Nano technology & Alloys pvt ltd, Gat No 273&274, Dhangarwadi village Tal- Khandala, Shirwal Dist- Satara 412801",18.11289,73.98985,Dual AC/DC Fast,Fast,30,415V AC / 400V DC,24/7 Always Open,₹15 - ₹19 / kWh,4,2,2,0,Available,CCS-2 (30 kW DC); Type 2 AC (22 kW); Bharat DC-001 (15 kW),24/7 Security; EV Signs; Parking
STN-IND-0435,"SR Tranzcars, Saibaba Koil",Public EV Network,Tamil Nadu,Coimbatore,"1142-A, Mettupalayam Rd, Saibaba Koil, Coimbatore, Tamil Nadu 641043",11.022849,76.951635,Dual AC/DC Fast,Fast,30,415V AC / 400V DC,24/7 Always Open,₹15 - ₹19 / kWh,4,4,0,0,Available,CCS-2 (30 kW DC); Type 2 AC (22 kW); Bharat DC-001 (15 kW),24/7 Security; EV Signs; Parking
STN-IND-0436,"Lakshmi Motors, Ambattur",Public EV Network,Tamil Nadu,Chennai,"#79, 80,81, NEAR WAVIN BUS STOP, Ambattur Industrial Estate, Chennai, Tamil Nadu 600058",13.088345,80.17047,Dual AC/DC Fast,Fast,30,415V AC / 400V DC,24/7 Always Open,₹15 - ₹19 / kWh,4,3,1,0,Available,CCS-2 (30 kW DC); Type 2 AC (22 kW); Bharat DC-001 (15 kW),24/7 Security; EV Signs; Parking
STN-IND-0437,"Lakshmi Motors, Velachery",Public EV Network,Tamil Nadu,Chennai,"No 42, Velachery Main Rd, Guindy National Park, Guindy, Chennai, Tamil Nadu 600032",13.008024,80.22165,Dual AC/DC Fast,Fast,30,415V AC / 400V DC,24/7 Always Open,₹15 - ₹19 / kWh,4,1,3,0,Available,CCS-2 (30 kW DC); Type 2 AC (22 kW); Bharat DC-001 (15 kW),24/7 Security; EV Signs; Parking
STN-IND-0438,"Lilium Park, SH 44",Public EV Network,Maharashtra,Ahmednagar,"Hotel Lilium Park State Highway 44, Opp. Lemon Tree Hotel, Ahmednagar, Maharashtra 414106",19.264336,74.8272,Dual AC/DC Fast,Fast,30,415V AC / 400V DC,24/7 Always Open,₹15 - ₹19 / kWh,4,2,1,1,Available,CCS-2 (30 kW DC); Type 2 AC (22 kW); Bharat DC-001 (15 kW),24/7 Security; Dining / Cafe; EV Signs; Parking; Restroom
STN-IND-0439,"Oberai Motors,  ISBT Rd",Public EV Network,Uttarakhand,Dehradun,"Near, ISBT Chowk, Shimla Bypass Rd, Majra, Dehradun, Uttarakhand 248001",30.289739,77.998788,Dual AC/DC Fast,Fast,30,415V AC / 400V DC,24/7 Always Open,₹15 - ₹19 / kWh,4,2,2,0,Available,CCS-2 (30 kW DC); Type 2 AC (22 kW); Bharat DC-001 (15 kW),24/7 Security; EV Signs; Parking
STN-IND-0440,"Ashok Auto Sales, Civil Lines",Public EV Network,Uttar Pradesh,Agra,"119-120/8, Sanjay Palace, Sanjay Place, Civil Lines, Agra, Uttar Pradesh 282002",27.200798,78.008796,Dual AC/DC Fast,Fast,30,415V AC / 400V DC,24/7 Always Open,₹15 - ₹19 / kWh,4,4,0,0,Available,CCS-2 (30 kW DC); Type 2 AC (22 kW); Bharat DC-001 (15 kW),24/7 Security; EV Signs; Parking
STN-IND-0441,"IOCL - MC2, Industrial Area II",IOCL Green,Punjab,Chandigarh,"Indian OIL - MC 2 , Industrial area Phase-II MC Site, CHANDIGARH TOZIRAKPUR ROAD AT INDUSTRIAL AREA, PHASE-II, CHANDIGARH (U.T.), Chandigarh, PIN: 160002",30.69649,76.79662,Dual AC/DC Fast,Fast,30,415V AC / 400V DC,24/7 Always Open,₹15 - ₹19 / kWh,4,3,1,0,Available,CCS-2 (30 kW DC); Type 2 AC (22 kW); Bharat DC-001 (15 kW),24/7 Security; Air Pump; Convenience Store; EV Signs; Parking; Restroom
STN-IND-0442,"IOCL - COCO WRD, Agarkar Nagar",IOCL Green,Maharashtra,Pune,"Agarkar Nagar, Pune, Maharashtra 411001",18.526968,73.865512,Dual AC/DC Fast,Fast,30,415V AC / 400V DC,24/7 Always Open,₹15 - ₹19 / kWh,4,1,3,0,Available,CCS-2 (30 kW DC); Type 2 AC (22 kW); Bharat DC-001 (15 kW),24/7 Security; Air Pump; Convenience Store; EV Signs; Parking; Restroom
STN-IND-0443,"KVR Dream vehicles, Vidya Nagar",Public EV Network,Kerala,Kasargod,"Panalam Nayamar Moola, Alampady Manya Road, Vidya Nagar, PO, Kasaragod, Kerala 671123",12.513823,75.027132,Dual AC/DC Fast,Fast,30,415V AC / 400V DC,24/7 Always Open,₹15 - ₹19 / kWh,4,2,1,1,Available,CCS-2 (30 kW DC); Type 2 AC (22 kW); Bharat DC-001 (15 kW),24/7 Security; EV Signs; Parking
STN-IND-0444,"Sree Auto, BH Road Tumakuru",Public EV Network,Karnataka,Tumakuru,"No 1 BH Road Near Gubbi, Gate, Tumakuru, Karnataka 572107",13.344796,77.080192,Dual AC/DC Fast,Fast,30,415V AC / 400V DC,24/7 Always Open,₹15 - ₹19 / kWh,4,2,2,0,Available,CCS-2 (30 kW DC); Type 2 AC (22 kW); Bharat DC-001 (15 kW),24/7 Security; EV Signs; Parking
STN-IND-0445,"IOCL COCO Chengampalli, Salem-Kochi Highway",IOCL Green,Tamil Nadu,Chengampalli,"Salem - Kochi Hwy, Vadamugam Kangayapalayam, Tamil Nadu 638812",11.213022,77.441968,Dual AC/DC Fast,Fast,30,415V AC / 400V DC,24/7 Always Open,₹15 - ₹19 / kWh,4,4,0,0,Available,CCS-2 (30 kW DC); Type 2 AC (22 kW); Bharat DC-001 (15 kW),24/7 Security; Air Pump; Convenience Store; EV Signs; Parking; Restroom
STN-IND-0446,"Hotel Vididhi, Kothagudam",Public EV Network,Telangana,Madgulapally,"Survey No. 173/2, 174/6, State Highway 2 NAM Expressway, Miryalaguda Highway Near Madugulapally Toll Plaza Kothagudam, Village, Madgulapally, Telangana 508247",16.991031,79.44047,Dual AC/DC Fast,Fast,30,415V AC / 400V DC,24/7 Always Open,₹15 - ₹19 / kWh,4,3,1,0,Available,CCS-2 (30 kW DC); Type 2 AC (22 kW); Bharat DC-001 (15 kW),24/7 Security; Dining / Cafe; EV Signs; Parking; Restroom
STN-IND-0447,"Select Cars, Hyderabad Rd - Kothirampur",Public EV Network,Telangana,Karimnagar,"No 8-6-396, Hyderabad Rd, Kothirampur, Karimnagar, Telangana 505001",18.417928,79.13639,Dual AC/DC Fast,Fast,30,415V AC / 400V DC,24/7 Always Open,₹15 - ₹19 / kWh,4,1,3,0,Available,CCS-2 (30 kW DC); Type 2 AC (22 kW); Bharat DC-001 (15 kW),24/7 Security; EV Signs; Parking
STN-IND-0448,"MIDAS, Muzzafarnagar",Public EV Network,Uttar Pradesh,Muzaffarnagar,"PLOT NO. 77-1 Delhi - Haridwar, Bypass, Hwy, Muzaffarnagar, Uttar Pradesh 251001",29.458546,77.739763,Dual AC/DC Fast,Fast,30,415V AC / 400V DC,24/7 Always Open,₹15 - ₹19 / kWh,4,2,1,1,Available,CCS-2 (30 kW DC); Type 2 AC (22 kW); Bharat DC-001 (15 kW),24/7 Security; EV Signs; Parking
STN-IND-0449,"MIDAS Auto, Industrial Area",Public EV Network,Uttarakhand,Haridwar,"No E17 Old, Industrial Area, Haridwar, Uttarakhand 249401",29.942456,78.144234,Dual AC/DC Fast,Fast,30,415V AC / 400V DC,24/7 Always Open,₹15 - ₹19 / kWh,4,2,2,0,Available,CCS-2 (30 kW DC); Type 2 AC (22 kW); Bharat DC-001 (15 kW),24/7 Security; EV Signs; Parking
STN-IND-0450,"Basudeb Auto Limited, Shanti Nagar",Public EV Network,Jharkhand,Ranchi,"Basudeb Auto, Shanti Nagar, Plot No 11, Kokar Industrial Area, Shanti Nagar, Ranchi, Jharkhand 834001",23.371302,85.350737,Dual AC/DC Fast,Fast,30,415V AC / 400V DC,24/7 Always Open,₹15 - ₹19 / kWh,4,4,0,0,Available,CCS-2 (30 kW DC); Type 2 AC (22 kW); Bharat DC-001 (15 kW),24/7 Security; EV Signs; Parking
STN-IND-0451,"Matsya Amazon Kitchens, Kurnool Rd",Public EV Network,Andhra Pradesh,Kurnool,"NH 44; Bangalore - Hyderabad  highway, Kurnool Rd, Andhra Pradesh 518216",15.576915,77.93704,Dual AC/DC Fast,Fast,30,415V AC / 400V DC,24/7 Always Open,₹15 - ₹19 / kWh,4,3,1,0,Available,CCS-2 (30 kW DC); Type 2 AC (22 kW); Bharat DC-001 (15 kW),24/7 Security; EV Signs; Parking
STN-IND-0452,"Utkarsh Mototech, Assam Trunk Rd",Public EV Network,Assam,Guwahati,"Kamakhya Gate, Swastik Ayodhya Complex, Assam Trunk Rd, Guwahati, Assam 781009",26.164406,91.715516,Dual AC/DC Fast,Fast,30,415V AC / 400V DC,24/7 Always Open,₹15 - ₹19 / kWh,4,1,3,0,Available,CCS-2 (30 kW DC); Type 2 AC (22 kW); Bharat DC-001 (15 kW),24/7 Security; ATM; EV Signs; Parking; Restroom; Shopping Mall; Wi-Fi
STN-IND-0453,"Hotel Grand Leela Krishna, Bhimavaram",Public EV Network,Madhya Pradesh,Bhimavaram,"Undi Rd, Balusumoodi, Bhimavaram, Andhra Pradesh 534202",16.545175,81.51994,Dual AC/DC Fast,Fast,30,415V AC / 400V DC,24/7 Always Open,₹15 - ₹19 / kWh,4,2,1,1,Available,CCS-2 (30 kW DC); Type 2 AC (22 kW); Bharat DC-001 (15 kW),24/7 Security; Dining / Cafe; EV Signs; Parking; Restroom
STN-IND-0454,"Jadhav Solar & Automotives, Badnera",Public EV Network,Maharashtra,"Amravati, Mh","Jadhav Solar & Automotives Pvt.  Ltd., Jadhav E-Vehicles, Ground floor, Rangoli Pearl Hotel, Nawathe Square, Badnera Road, Amravati, MH- 444607",20.909443,77.752245,Dual AC/DC Fast,Fast,30,415V AC / 400V DC,24/7 Always Open,₹15 - ₹19 / kWh,4,2,2,0,Available,CCS-2 (30 kW DC); Type 2 AC (22 kW); Bharat DC-001 (15 kW),24/7 Security; ATM; Dining / Cafe; EV Signs; Parking; Restroom; Shopping Mall; Wi-Fi
STN-IND-0455,"IOCL - SUJIT AUTOMOBILES, Bangalore-Kanyakumari Road",IOCL Green,Maharashtra,Butibori,"Bangalore - Salem - Madurai - Kanyakumari Road, Butibori, Maharashtra 441108",20.922587,78.999864,Dual AC/DC Fast,Fast,30,415V AC / 400V DC,24/7 Always Open,₹15 - ₹19 / kWh,4,4,0,0,Available,CCS-2 (30 kW DC); Type 2 AC (22 kW); Bharat DC-001 (15 kW),24/7 Security; Air Pump; Convenience Store; EV Signs; Parking; Restroom
STN-IND-0456,"Tata Steel Car Parking, Northern Town",Public EV Network,Jharkhand,Jamshedpur,"Northern Town, Jamshedpur, Jharkhand 831001",22.800099,86.188305,Dual AC/DC Fast,Fast,30,415V AC / 400V DC,24/7 Always Open,₹15 - ₹19 / kWh,4,3,1,0,Available,CCS-2 (30 kW DC); Type 2 AC (22 kW); Bharat DC-001 (15 kW),24/7 Security; EV Signs; Parking
STN-IND-0457,"Sakchi - Parking, Basant Central",Public EV Network,Jharkhand,Jamshedpur,"Sakchi, Jamshedpur, Jharkhand 831001",22.802611,86.203633,Dual AC/DC Fast,Fast,30,415V AC / 400V DC,24/7 Always Open,₹15 - ₹19 / kWh,4,1,3,0,Available,CCS-2 (30 kW DC); Type 2 AC (22 kW); Bharat DC-001 (15 kW),24/7 Security; EV Signs; Parking
STN-IND-0458,"Ambagan - Parking, Jubliee Park gate",Public EV Network,Jharkhand,Jamshedpur,"Ambagan, Sakchi, Jamshedpur, Jharkhand - 831001",22.808483,86.198276,Dual AC/DC Fast,Fast,30,415V AC / 400V DC,24/7 Always Open,₹15 - ₹19 / kWh,4,2,1,1,Available,CCS-2 (30 kW DC); Type 2 AC (22 kW); Bharat DC-001 (15 kW),24/7 Security; EV Signs; Parking
STN-IND-0459,"Hotel Sanskruti , Trambakeshwar Rd",Public EV Network,Maharashtra,Nashik,"Trambakeshwar Rd, Belgaon Dhaga, Nashik, Maharashtra 422007",19.973146,73.68105,Dual AC/DC Fast,Fast,30,415V AC / 400V DC,24/7 Always Open,₹15 - ₹19 / kWh,4,2,2,0,Available,CCS-2 (30 kW DC); Type 2 AC (22 kW); Bharat DC-001 (15 kW),24/7 Security; Dining / Cafe; EV Signs; Parking; Restroom
STN-IND-0460,"IOCL Manjalpur, GIDC Rd Manjalpur",IOCL Green,Gujarat,Vadodara,"312, GIDC Rd, Beside Om Pippadiya Hanumanji Mandir, Ghanshyam Nagar Society 2, Manjalpur, Vadodara, Gujarat 390011",22.271793,73.190795,Dual AC/DC Fast,Fast,30,415V AC / 400V DC,24/7 Always Open,₹15 - ₹19 / kWh,4,4,0,0,Available,CCS-2 (30 kW DC); Type 2 AC (22 kW); Bharat DC-001 (15 kW),24/7 Security; Air Pump; Convenience Store; EV Signs; Parking; Restroom
STN-IND-0461,"RKL TML Showroom, Sec 9 GIDA",Public EV Network,Uttar Pradesh,Gorakhpur,"AL -4A, Sector 9 GIDA , Gorakhpur, Uttar Pradesh- 273209",26.743642,84.263369,Dual AC/DC Fast,Fast,30,415V AC / 400V DC,24/7 Always Open,₹15 - ₹19 / kWh,4,3,1,0,Available,CCS-2 (30 kW DC); Type 2 AC (22 kW); Bharat DC-001 (15 kW),24/7 Security; Air Pump; Convenience Store; EV Signs; Parking; Restroom
STN-IND-0462,"IOCL - Citi Fuels, Virender Nagar",IOCL Green,Delhi,New Delhi,OPP.-VIRENDER NAGAR NEAR BHARATI COLLEGE NEW DELHI,28.622486,77.09547,Dual AC/DC Fast,Fast,30,415V AC / 400V DC,24/7 Always Open,₹15 - ₹19 / kWh,4,1,3,0,Available,CCS-2 (30 kW DC); Type 2 AC (22 kW); Bharat DC-001 (15 kW),24/7 Security; Air Pump; Convenience Store; EV Signs; Parking; Restroom
STN-IND-0463,"SRM Motors, Vikas Nagar",Public EV Network,Uttar Pradesh,Lucknow,"11/CP-2, Tedhi Pulia Ring Rd, Vikas Nagar, Lucknow, Uttar Pradesh 226022",26.900894,80.964231,Dual AC/DC Fast,Fast,30,415V AC / 400V DC,24/7 Always Open,₹15 - ₹19 / kWh,4,2,1,1,Available,CCS-2 (30 kW DC); Type 2 AC (22 kW); Bharat DC-001 (15 kW),24/7 Security; EV Signs; Parking
STN-IND-0464,"Shree Dev Wheels, Acharya Nagar",Public EV Network,Uttar Pradesh,Ayodhya,"Plot No 402 and 403 B Sultanpur Road, Acharya Nagar, near Avadh University, Ayodhya, UP 224001",26.755089,82.141261,Dual AC/DC Fast,Fast,30,415V AC / 400V DC,24/7 Always Open,₹15 - ₹19 / kWh,4,2,2,0,Available,CCS-2 (30 kW DC); Type 2 AC (22 kW); Bharat DC-001 (15 kW),24/7 Security; EV Signs; Parking
STN-IND-0465,"IOCL - Gay Service Station, Azadpur",IOCL Green,Delhi,New Delhi,"Near Azadpur, New Delhi,110033",28.703312,77.181109,Dual AC/DC Fast,Fast,30,415V AC / 400V DC,24/7 Always Open,₹15 - ₹19 / kWh,4,4,0,0,Available,CCS-2 (30 kW DC); Type 2 AC (22 kW); Bharat DC-001 (15 kW),24/7 Security; Air Pump; Convenience Store; EV Signs; Parking; Restroom
STN-IND-0466,"Ace Kudale Cycles, Manjri  Bk",Public EV Network,Maharashtra,Pune,"Manjri Bk, Pune, Maharashtra 412307",18.495772,73.978936,Dual AC/DC Fast,Fast,30,415V AC / 400V DC,24/7 Always Open,₹15 - ₹19 / kWh,4,3,1,0,Available,CCS-2 (30 kW DC); Type 2 AC (22 kW); Bharat DC-001 (15 kW),24/7 Security; EV Signs; Parking
STN-IND-0467,"Hotel Dreamland, ST Main Market Mahabaleshwar",Public EV Network,Maharashtra,Mahabaleshwar,"BUS STAND, MAIN MARKET, behind S.T, Mahabaleshwar, Maharashtra 412806",17.925644,73.65552,Dual AC/DC Fast,Fast,30,415V AC / 400V DC,09:00 AM - 11:00 PM,₹15 - ₹19 / kWh,4,1,3,0,Available,CCS-2 (30 kW DC); Type 2 AC (22 kW); Bharat DC-001 (15 kW),Dining / Cafe; EV Signs; Parking; Restroom
STN-IND-0468,"ARDEE MALL, Sec 52 Gurgaon",Public EV Network,Delhi,Gurugram,"Ardee City Road, Sector 52, Gurgaon-122022",28.444672,77.08082,Dual AC/DC Fast,Fast,30,415V AC / 400V DC,09:00 AM - 11:00 PM,₹15 - ₹19 / kWh,4,2,1,1,Available,CCS-2 (30 kW DC); Type 2 AC (22 kW); Bharat DC-001 (15 kW),ATM; EV Signs; Parking; Restroom; Shopping Mall; Wi-Fi
STN-IND-0469,"Hotel Baba Ramdev, Sirohi",Public EV Network,Rajasthan,Sirohi,"Hotel Baba Ramdev Campus, Nh. 62, near Paladi (m), Vera Vilpur, Sirohi, Rajasthan 307043",24.973775,72.895964,Dual AC/DC Fast,Fast,30,415V AC / 400V DC,24/7 Always Open,₹15 - ₹19 / kWh,4,2,2,0,Available,CCS-2 (30 kW DC); Type 2 AC (22 kW); Bharat DC-001 (15 kW),24/7 Security; Dining / Cafe; EV Signs; Parking; Restroom
STN-IND-0470,"ABC Autolink, NH 64 Ranoli",Public EV Network,Gujarat,Vadodara,"No 1401, Ranoli GIDC, Vadodara, NH 64, Gujarat 391350",22.403828,73.13455,Dual AC/DC Fast,Fast,30,415V AC / 400V DC,24/7 Always Open,₹15 - ₹19 / kWh,4,4,0,0,Available,CCS-2 (30 kW DC); Type 2 AC (22 kW); Bharat DC-001 (15 kW),24/7 Security; EV Signs; Parking
STN-IND-0471,"Brookfield, Powai",Public EV Network,Maharashtra,Mumbai,"Spectra, High St, Hiranandani Gardens, Powai, Mumbai, Maharashtra 400076",19.11637,72.91086,Dual AC/DC Fast,Fast,30,415V AC / 400V DC,24/7 Always Open,₹15 - ₹19 / kWh,4,3,1,0,Available,CCS-2 (30 kW DC); Type 2 AC (22 kW); Bharat DC-001 (15 kW),24/7 Security; EV Signs; Parking
STN-IND-0472,"Brookfield, Powai",Public EV Network,Maharashtra,Mumbai,"Pay & Park, Central Ave, Hiranandani Gardens, Powai, Mumbai, Maharashtra 400076",19.11644,72.90968,Dual AC/DC Fast,Fast,30,415V AC / 400V DC,24/7 Always Open,₹15 - ₹19 / kWh,4,1,3,0,Available,CCS-2 (30 kW DC); Type 2 AC (22 kW); Bharat DC-001 (15 kW),24/7 Security; EV Signs; Parking
STN-IND-0473,"MG Ranchi, Line Tank Road",Public EV Network,Jharkhand,Ranchi,"Near Firayalals Pulsar Plaza, Line Tank Rd, Ranchi, Jharkhand 834001",23.371745,85.326113,Dual AC/DC Fast,Fast,30,415V AC / 400V DC,24/7 Always Open,₹15 - ₹19 / kWh,4,2,1,1,Available,CCS-2 (30 kW DC); Type 2 AC (22 kW); Bharat DC-001 (15 kW),24/7 Security; EV Signs; Parking
STN-IND-0474,"MG Bhubaneswar, NH 16",Public EV Network,Odisha,Bhubaneswar,"Plot No. 86/88, Near Apex Institute of Technology & Management, Pahala, NH-16, Bhubaneswar, Odisha-752101",20.352134,85.890374,Dual AC/DC Fast,Fast,30,415V AC / 400V DC,24/7 Always Open,₹15 - ₹19 / kWh,4,2,2,0,Available,CCS-2 (30 kW DC); Type 2 AC (22 kW); Bharat DC-001 (15 kW),24/7 Security; EV Signs; Parking
STN-IND-0475,"Ginger Nashik , Satpur Colony",Public EV Network,Maharashtra,Nashik,"Plot No P 20 (Part), Satpur MIDC Near Satpur MIDC Police Station (Near Bank of India, Branch Nashik, Trimbakeshwar Rd, MIDC, Satpur Colony, Nashik, Maharashtra 422007",19.991881,73.743904,Dual AC/DC Fast,Fast,30,415V AC / 400V DC,24/7 Always Open,₹15 - ₹19 / kWh,4,4,0,0,Available,CCS-2 (30 kW DC); Type 2 AC (22 kW); Bharat DC-001 (15 kW),24/7 Security; EV Signs; Parking
STN-IND-0476,"TML- Sterling Motors , Renuka Nagar",Public EV Network,Maharashtra,Nashik,"PB No 033, Old Agra Rd, Gadkari Chowk, Renuka Nagar, Nashik, Maharashtra 422001",19.9932,73.783133,Dual AC/DC Fast,Fast,30,415V AC / 400V DC,24/7 Always Open,₹15 - ₹19 / kWh,4,3,1,0,Available,CCS-2 (30 kW DC); Type 2 AC (22 kW); Bharat DC-001 (15 kW),24/7 Security; EV Signs; Parking
STN-IND-0477,"IOCL Kevadia, Garudeshwar",IOCL Green,Gujarat,Kevadia,"Survey No u00e2u0080u0093 422, 423 Village u00e2u0080u0093 Kevadiya, Taluka u00e2u0080u0093 Garudeshwar District u00e2u0080u0093 Narmada, Gujarat, 393151",21.885704,73.688136,Dual AC/DC Fast,Fast,30,415V AC / 400V DC,24/7 Always Open,₹15 - ₹19 / kWh,4,1,3,0,Available,CCS-2 (30 kW DC); Type 2 AC (22 kW); Bharat DC-001 (15 kW),24/7 Security; Air Pump; Convenience Store; EV Signs; Parking; Restroom
STN-IND-0478,"Satish Motors, Wanjarwadi",Public EV Network,Maharashtra,Aurangabad,"Plot No72/1 Saharanpur, Wanjarwadi Aurangabad 431002",19.911983,75.232932,Dual AC/DC Fast,Fast,30,415V AC / 400V DC,24/7 Always Open,₹15 - ₹19 / kWh,4,2,1,1,Available,CCS-2 (30 kW DC); Type 2 AC (22 kW); Bharat DC-001 (15 kW),24/7 Security; EV Signs; Parking
STN-IND-0479,"Heritage Motors, Ghodbunder",Public EV Network,Maharashtra,Thane,"Rosa Vista, MH SH 42, opp. Suraj Water Park, Thane, Maharashtra 400607",19.25612,72.97145,Dual AC/DC Fast,Fast,30,415V AC / 400V DC,24/7 Always Open,₹15 - ₹19 / kWh,4,2,2,0,Available,CCS-2 (30 kW DC); Type 2 AC (22 kW); Bharat DC-001 (15 kW),24/7 Security; EV Signs; Parking
STN-IND-0480,"IOCL Karari Fuels, NH 44 Kishangarh",IOCL Green,Punjab,Kisangarh,"NH 44, Kishangarh chownk, Jalandhar - Pathankot Rd, Punjab 144301",31.431348,75.620357,Dual AC/DC Fast,Fast,30,415V AC / 400V DC,24/7 Always Open,₹15 - ₹19 / kWh,4,4,0,0,Available,CCS-2 (30 kW DC); Type 2 AC (22 kW); Bharat DC-001 (15 kW),24/7 Security; Air Pump; Convenience Store; EV Signs; Parking; Restroom
STN-IND-0481,"IOCL Royal Petro, NH 44",IOCL Green,Haryana,Karnal,"NH 44, Near The Royal Paradise Resort , Karnal- 132001",29.731581,76.976511,Dual AC/DC Fast,Fast,30,415V AC / 400V DC,24/7 Always Open,₹15 - ₹19 / kWh,4,3,1,0,Available,CCS-2 (30 kW DC); Type 2 AC (22 kW); Bharat DC-001 (15 kW),24/7 Security; Air Pump; Convenience Store; Dining / Cafe; EV Signs; Parking; Restroom
STN-IND-0482,"Sagar Motors, Sector 5 Noida",Public EV Network,Uttar Pradesh,Noida,"B-123, Udhyog Marg, opp. PayTM building, B Block, Sector 5, Noida, Uttar Pradesh 201301",28.59093,77.31969,Dual AC/DC Fast,Fast,30,415V AC / 400V DC,24/7 Always Open,₹15 - ₹19 / kWh,4,1,3,0,Available,CCS-2 (30 kW DC); Type 2 AC (22 kW); Bharat DC-001 (15 kW),24/7 Security; EV Signs; Parking
STN-IND-0483,"Smile Stone Motels, Kamargaon",Public EV Network,Maharashtra,Ahmednagar,"76/B, Nagar-Pune Road, Kamargaon, Ahmednagar,Maharashtra-411 005",18.985236,74.576008,Dual AC/DC Fast,Fast,30,415V AC / 400V DC,24/7 Always Open,₹15 - ₹19 / kWh,4,2,1,1,Available,CCS-2 (30 kW DC); Type 2 AC (22 kW); Bharat DC-001 (15 kW),24/7 Security; EV Signs; Parking
STN-IND-0484,"One Awadh Centre, Gomti Nagar",Public EV Network,Uttar Pradesh,Lucknow,"384, Vibhuti Khand, Gomti Nagar, Lucknow, Uttar Pradesh 226010",26.863725,81.010276,Dual AC/DC Fast,Fast,30,415V AC / 400V DC,24/7 Always Open,₹15 - ₹19 / kWh,4,2,2,0,Available,CCS-2 (30 kW DC); Type 2 AC (22 kW); Bharat DC-001 (15 kW),24/7 Security; EV Signs; Parking
STN-IND-0485,"IOCL COCO u00e2u0080u0093 Central Jail RO, Rambagh",IOCL Green,Madhya Pradesh,Indore,"Snehlataganj, Indore, Madhya Pradesh 452003",22.335789,73.173794,Dual AC/DC Fast,Fast,30,415V AC / 400V DC,24/7 Always Open,₹15 - ₹19 / kWh,4,4,0,0,Available,CCS-2 (30 kW DC); Type 2 AC (22 kW); Bharat DC-001 (15 kW),24/7 Security; Air Pump; Convenience Store; EV Signs; Parking; Restroom
STN-IND-0486,"IOCL - Vrindavan Fuels, Mangal Nagar,Manikbagh",IOCL Green,Madhya Pradesh,Indore,"Manikbagh, Mangal Nagar, Indore, Madhya Pradesh 452014",22.684835,75.855825,Dual AC/DC Fast,Fast,30,415V AC / 400V DC,24/7 Always Open,₹15 - ₹19 / kWh,4,3,1,0,Available,CCS-2 (30 kW DC); Type 2 AC (22 kW); Bharat DC-001 (15 kW),24/7 Security; Air Pump; Convenience Store; EV Signs; Parking; Restroom
STN-IND-0487,"Chandrani Enterprises, Bogra",Public EV Network,West Bengal,Bardhaman,"N/536 BOGRA CHATTI National Highway 2 Paschim Burdwan. , Bogra, Bardhaman- 713332",23.663888,87.057978,Dual AC/DC Fast,Fast,30,415V AC / 400V DC,24/7 Always Open,₹15 - ₹19 / kWh,4,1,3,0,Available,CCS-2 (30 kW DC); Type 2 AC (22 kW); Bharat DC-001 (15 kW),24/7 Security; EV Signs; Parking
STN-IND-0488,"SS Motogen, Barwadda",Public EV Network,Jharkhand,Dhanbad,"NH 2 Kashitand, Nag Nagar, Barwadda, Dhanbad, Jharkhand 826004",23.848551,86.441642,Dual AC/DC Fast,Fast,30,415V AC / 400V DC,24/7 Always Open,₹15 - ₹19 / kWh,4,2,1,1,Available,CCS-2 (30 kW DC); Type 2 AC (22 kW); Bharat DC-001 (15 kW),24/7 Security; EV Signs; Parking
STN-IND-0489,"TC Motors, Domjur",Public EV Network,West Bengal,Howrah,"NH 16, Salap More, near Kolkata West International City, Domjur, Howrah, West Bengal 711403",22.614383,88.273187,Dual AC/DC Fast,Fast,30,415V AC / 400V DC,24/7 Always Open,₹15 - ₹19 / kWh,4,2,2,0,Available,CCS-2 (30 kW DC); Type 2 AC (22 kW); Bharat DC-001 (15 kW),24/7 Security; EV Signs; Parking
STN-IND-0490,"Rangeet Auto, NH 31",Public EV Network,West Bengal,Coochbehar,"31-NH CHOKCHOKA, OPPOSITE PROVA AUTOMOBILE, NEAR CHECK POST, COOCHBEHAR, COOCH BEHAR, WEST BENGAL, 736101",26.323416,89.484913,Dual AC/DC Fast,Fast,30,415V AC / 400V DC,24/7 Always Open,₹15 - ₹19 / kWh,4,4,0,0,Available,CCS-2 (30 kW DC); Type 2 AC (22 kW); Bharat DC-001 (15 kW),24/7 Security; EV Signs; Parking
STN-IND-0491,"Rangeet Auto, Rumtek Road",Public EV Network,Sikkim,Gangtok,"R.P. ALLEY COMPLEX, ADAMPOOL, RUMTEK ROAD, GANGTOK, EAST SIKKIM, SIKKIM, 737135",27.305524,88.585965,Dual AC/DC Fast,Fast,30,415V AC / 400V DC,24/7 Always Open,₹15 - ₹19 / kWh,4,3,1,0,Available,CCS-2 (30 kW DC); Type 2 AC (22 kW); Bharat DC-001 (15 kW),24/7 Security; ATM; EV Signs; Parking; Restroom; Shopping Mall; Wi-Fi
STN-IND-0492,"Rangeet Auto, Sevoke Road",Public EV Network,West Bengal,Siliguri,"Shop No 1 And 2, Orchid Building, Sevoke Road, Near Check Post, Near Vega Mall, Siliguri, West Bengal 734001",26.750937,88.439995,Dual AC/DC Fast,Fast,30,415V AC / 400V DC,24/7 Always Open,₹15 - ₹19 / kWh,4,1,3,0,Available,CCS-2 (30 kW DC); Type 2 AC (22 kW); Bharat DC-001 (15 kW),24/7 Security; ATM; EV Signs; Parking; Restroom; Shopping Mall; Wi-Fi
STN-IND-0493,"Tata Steel, Park Street",Public EV Network,West Bengal,Kolkata,"43, Jawaharlal Nehru Rd, Kankaria Estates, Park Street area, Kolkata, West Bengal 700071",22.547449,88.349602,Dual AC/DC Fast,Fast,30,415V AC / 400V DC,24/7 Always Open,₹15 - ₹19 / kWh,4,2,1,1,Available,CCS-2 (30 kW DC); Type 2 AC (22 kW); Bharat DC-001 (15 kW),24/7 Security; EV Signs; Parking
STN-IND-0494,"Orange Auto, Erragadda",Public EV Network,Telangana,Hyderabad,"8-3-165, Beside Gokul Theatre, Erragadda, Hyderabad u00e2u0080u0093 500018",17.454398,78.434575,Dual AC/DC Fast,Fast,30,415V AC / 400V DC,24/7 Always Open,₹15 - ₹19 / kWh,4,2,2,0,Available,CCS-2 (30 kW DC); Type 2 AC (22 kW); Bharat DC-001 (15 kW),24/7 Security; EV Signs; Parking
STN-IND-0495,"Orange Auto, Karkhana",Public EV Network,Telangana,Hyderabad,"Plot No 54, Gayatri Westend Kakaguda, Karkhana, Secunderabad - 500015",17.45848,78.5,Dual AC/DC Fast,Fast,30,415V AC / 400V DC,24/7 Always Open,₹15 - ₹19 / kWh,4,4,0,0,Available,CCS-2 (30 kW DC); Type 2 AC (22 kW); Bharat DC-001 (15 kW),24/7 Security; EV Signs; Parking
STN-IND-0496,"Orange Auto, Hafeezpet",Public EV Network,Telangana,Hyderabad,"16ABC, Mini Industrial estate, Hafeezpet, Hyderabad, Telangana 500049",17.490308,78.354536,Dual AC/DC Fast,Fast,30,415V AC / 400V DC,24/7 Always Open,₹15 - ₹19 / kWh,4,3,1,0,Available,CCS-2 (30 kW DC); Type 2 AC (22 kW); Bharat DC-001 (15 kW),24/7 Security; EV Signs; Parking
STN-IND-0497,"KRAFT AUTO, Bokaro Industrial Area",Public EV Network,Jharkhand,Bokaro,"Plot no.- II/A 88, Phase - II,Bokaro Industrial Area,Bokaro - Jharkhand 827014",23.66473,86.073024,Dual AC/DC Fast,Fast,30,415V AC / 400V DC,24/7 Always Open,₹15 - ₹19 / kWh,4,1,3,0,Available,CCS-2 (30 kW DC); Type 2 AC (22 kW); Bharat DC-001 (15 kW),24/7 Security; EV Signs; Parking
STN-IND-0498,"Lexus Motors, New Town",Public EV Network,West Bengal,Kolkata,"Plot No IID/13, Major Arterial Road (North Extension, 14, Rajarhat Rd, AA II, Newtown, Kolkata, West Bengal 700156",22.620585,88.461154,Dual AC/DC Fast,Fast,30,415V AC / 400V DC,24/7 Always Open,₹15 - ₹19 / kWh,4,2,1,1,Available,CCS-2 (30 kW DC); Type 2 AC (22 kW); Bharat DC-001 (15 kW),24/7 Security; EV Signs; Parking
STN-IND-0499,"IOCL Drive-In, Belgachia",IOCL Green,West Bengal,Kolkata,"Khudiram Bose Road (Guchia Rd), Dutta Bagan, Belgachia, Kolkata, West Bengal 700037",22.607396,88.392281,Dual AC/DC Fast,Fast,30,415V AC / 400V DC,24/7 Always Open,₹15 - ₹19 / kWh,4,2,2,0,Available,CCS-2 (30 kW DC); Type 2 AC (22 kW); Bharat DC-001 (15 kW),24/7 Security; Air Pump; Convenience Store; EV Signs; Parking; Restroom
STN-IND-0500,"Four Points By Sheraton, Tonk Road",Public EV Network,Rajasthan,Jaipur,"No. 1, City Square, Vasundhara Colony, Tonk Road, Jaipur, Rajasthan, 302016",26.864372,75.79577,Dual AC/DC Fast,Fast,30,415V AC / 400V DC,24/7 Always Open,₹15 - ₹19 / kWh,4,4,0,0,Available,CCS-2 (30 kW DC); Type 2 AC (22 kW); Bharat DC-001 (15 kW),24/7 Security; ATM; EV Signs; Parking; Restroom; Shopping Mall; Wi-Fi
STN-IND-0501,"Four Points By Sheraton Hotel, Nagar Road",Public EV Network,Maharashtra,Pune,"5th Milestone, Nagar Road, Pune - 411014",18.562826,73.922392,Dual AC/DC Fast,Fast,30,415V AC / 400V DC,24/7 Always Open,₹15 - ₹19 / kWh,4,3,1,0,Available,CCS-2 (30 kW DC); Type 2 AC (22 kW); Bharat DC-001 (15 kW),24/7 Security; Dining / Cafe; EV Signs; Parking; Restroom
STN-IND-0502,"Fairfield by Marriott,Gachibowli",Public EV Network,Telangana,Hyderabad,"Road No. 2, Financial District, Gachibowli, Hyderabad, Telangana - 500032",17.423858,78.347334,Dual AC/DC Fast,Fast,30,415V AC / 400V DC,24/7 Always Open,₹15 - ₹19 / kWh,4,1,3,0,Available,CCS-2 (30 kW DC); Type 2 AC (22 kW); Bharat DC-001 (15 kW),24/7 Security; EV Signs; Parking
STN-IND-0503,"Fairfield by Marriott, Mahindra World City",Public EV Network,Tamil Nadu,Chennai,"Near Main Entrance, Mahindra World City, Chennai - 603002",12.730596,80.00463,Dual AC/DC Fast,Fast,30,415V AC / 400V DC,24/7 Always Open,₹15 - ₹19 / kWh,4,2,1,1,Available,CCS-2 (30 kW DC); Type 2 AC (22 kW); Bharat DC-001 (15 kW),24/7 Security; EV Signs; Parking
STN-IND-0504,"Four Points by Sheraton, Chennai OMR",Public EV Network,Tamil Nadu,Chennai,"Survey No 169, Plot 1B and 1A, Rajiv Gandhi Salai, Kumaran Nagar, Sholinganallur, Chennai-600119,Four Points 1, Semmancheri, Chennai, Tamil Nadu 600119",12.875613,80.227372,Dual AC/DC Fast,Fast,30,415V AC / 400V DC,24/7 Always Open,₹15 - ₹19 / kWh,4,2,2,0,Available,CCS-2 (30 kW DC); Type 2 AC (22 kW); Bharat DC-001 (15 kW),24/7 Security; EV Signs; Parking
STN-IND-0505,"Fairfield by Marriott, Ashram Rd",Public EV Network,Gujarat,Ahmedabad,"Ashram Rd, Satyawadi Society, Usmanpura, Ahmedabad, Gujarat 380013",23.052279,72.571088,Dual AC/DC Fast,Fast,30,415V AC / 400V DC,24/7 Always Open,₹15 - ₹19 / kWh,4,4,0,0,Available,CCS-2 (30 kW DC); Type 2 AC (22 kW); Bharat DC-001 (15 kW),24/7 Security; EV Signs; Parking
STN-IND-0506,"IOCL - Ruchika Service Station, Mayur Vihar",IOCL Green,Delhi,New Delhi,"KONDLI GHARAOLI,  MAYUR VIHAR PH-III NEW DELHI-110096",28.603499,77.335422,Dual AC/DC Fast,Fast,30,415V AC / 400V DC,24/7 Always Open,₹15 - ₹19 / kWh,4,3,1,0,Available,CCS-2 (30 kW DC); Type 2 AC (22 kW); Bharat DC-001 (15 kW),24/7 Security; Air Pump; Convenience Store; EV Signs; Parking; Restroom
STN-IND-0507,"Sagar Motors, Dilshad Garden",Public EV Network,Delhi,New Delhi,"No ZB/43 487 & ZB, 44 487, Dilshad Garden, New Delhi, Delhi 110095",28.676246,77.31768,Dual AC/DC Fast,Fast,30,415V AC / 400V DC,24/7 Always Open,₹15 - ₹19 / kWh,4,1,3,0,Available,CCS-2 (30 kW DC); Type 2 AC (22 kW); Bharat DC-001 (15 kW),24/7 Security; EV Signs; Parking
STN-IND-0508,"IOCL Laxmi Narayan Petroleum, Changodar",IOCL Green,Gujarat,Changodar,"National Highway 8A, Changodar, Gujarat 382210",22.937814,72.455668,Dual AC/DC Fast,Fast,30,415V AC / 400V DC,24/7 Always Open,₹15 - ₹19 / kWh,4,2,1,1,Available,CCS-2 (30 kW DC); Type 2 AC (22 kW); Bharat DC-001 (15 kW),24/7 Security; Air Pump; Convenience Store; EV Signs; Parking; Restroom
STN-IND-0509,"IOCL Om Petroleum, Kamod",IOCL Green,Gujarat,Kamod,"Kamod, Gujarat 382427",22.924744,72.543496,Dual AC/DC Fast,Fast,30,415V AC / 400V DC,24/7 Always Open,₹15 - ₹19 / kWh,4,2,2,0,Available,CCS-2 (30 kW DC); Type 2 AC (22 kW); Bharat DC-001 (15 kW),24/7 Security; Air Pump; Convenience Store; EV Signs; Parking; Restroom
STN-IND-0510,"IOCL Omkar Petroleum, Subhanpura",IOCL Green,Gujarat,Vadodara,"High Tension Rd, Subhanpura, Vadodara, Gujarat 390023",22.321699,73.154986,Dual AC/DC Fast,Fast,30,415V AC / 400V DC,24/7 Always Open,₹15 - ₹19 / kWh,4,4,0,0,Available,CCS-2 (30 kW DC); Type 2 AC (22 kW); Bharat DC-001 (15 kW),24/7 Security; Air Pump; Convenience Store; EV Signs; Parking; Restroom
STN-IND-0511,"Lexican Motors, Matigara",Public EV Network,West Bengal,Siliguri,"Reliance Industrial Consortium Ltd. NH 31 Baniakhari, Kusumnagar Landmark, beside Barsana Hotel, Matigara, Siliguri, West Bengal 734010",26.729623,88.373903,Dual AC/DC Fast,Fast,30,415V AC / 400V DC,24/7 Always Open,₹15 - ₹19 / kWh,4,3,1,0,Available,CCS-2 (30 kW DC); Type 2 AC (22 kW); Bharat DC-001 (15 kW),24/7 Security; Dining / Cafe; EV Signs; Parking; Restroom
STN-IND-0512,"IOCL Shanthi Social Services, Singanallur",IOCL Green,Tamil Nadu,Coimbatore,"128, 2247, Trichy Rd, Krishnapuram Medu, Singanallur, Tamil Nadu 641005",11.002692,77.038708,Dual AC/DC Fast,Fast,30,415V AC / 400V DC,24/7 Always Open,₹15 - ₹19 / kWh,4,1,3,0,Available,CCS-2 (30 kW DC); Type 2 AC (22 kW); Bharat DC-001 (15 kW),24/7 Security; Air Pump; Convenience Store; EV Signs; Parking; Restroom
STN-IND-0513,"Hotel Mamalla Heritage, Fisherman Colony",Public EV Network,Tamil Nadu,Mahabalipuram,"104 east raja street, Mahabalipuram, Tamil Nadu 603104",12.618604,80.194006,Dual AC/DC Fast,Fast,30,415V AC / 400V DC,09:00 AM - 11:00 PM,₹15 - ₹19 / kWh,4,2,1,1,Available,CCS-2 (30 kW DC); Type 2 AC (22 kW); Bharat DC-001 (15 kW),ATM; Dining / Cafe; EV Signs; Parking; Restroom; Shopping Mall; Wi-Fi
STN-IND-0514,"Motel Mamalla, SH 49",Public EV Network,Tamil Nadu,Mahabalipuram,"Motel Mamalla No.77, East Coast Road, SH 49, Mahabalipuram, Tamil Nadu 603104",12.632514,80.195839,Dual AC/DC Fast,Fast,30,415V AC / 400V DC,09:00 AM - 11:00 PM,₹15 - ₹19 / kWh,4,2,2,0,Available,CCS-2 (30 kW DC); Type 2 AC (22 kW); Bharat DC-001 (15 kW),ATM; EV Signs; Parking; Restroom; Shopping Mall; Wi-Fi
STN-IND-0515,"Pumpkin Tales, Alwarpet",Public EV Network,Tamil Nadu,Chennai,"37, 20, Bheemanna Garden St, Alwarpet, Chennai, Tamil Nadu 600018",13.033655,80.255285,Dual AC/DC Fast,Fast,30,415V AC / 400V DC,24/7 Always Open,₹15 - ₹19 / kWh,4,4,0,0,Available,CCS-2 (30 kW DC); Type 2 AC (22 kW); Bharat DC-001 (15 kW),24/7 Security; Air Pump; Convenience Store; EV Signs; Parking; Restroom
STN-IND-0516,"Mahati Industries limited, Shankar Sheth Road",Public EV Network,Maharashtra,Pune,"32/33, Shankar Sheth Road, B/H S T Workshop, Shankar Sheth Road, Pune, Maharashtra-411037",18.499558,73.868564,Dual AC/DC Fast,Fast,30,415V AC / 400V DC,24/7 Always Open,₹15 - ₹19 / kWh,4,3,1,0,Available,CCS-2 (30 kW DC); Type 2 AC (22 kW); Bharat DC-001 (15 kW),24/7 Security; EV Signs; Parking
STN-IND-0517,"Blue Moon Highway Restaurant, Bangalore-Hyderabad Highway",Public EV Network,Andhra Pradesh,Anantapuram,"NH 44; Bangalore - Hyderabad  highway, 116/1B, Midthuru, Peddavaduguru, Anantapuram, Andhra Pradesh 515405",15.02395,77.620628,Dual AC/DC Fast,Fast,30,415V AC / 400V DC,09:00 AM - 11:00 PM,₹15 - ₹19 / kWh,4,1,3,0,Available,CCS-2 (30 kW DC); Type 2 AC (22 kW); Bharat DC-001 (15 kW),Dining / Cafe; EV Signs; Parking; Restroom
STN-IND-0518,"Dion Automotives, Ankuli Bye Pass Road",Public EV Network,Odisha,Berhampur,"Ankuli Bye Pass Road, Berhampur, Ganjam Dist ODISHA 760010",19.298988,84.831762,Dual AC/DC Fast,Fast,30,415V AC / 400V DC,24/7 Always Open,₹15 - ₹19 / kWh,4,2,1,1,Available,CCS-2 (30 kW DC); Type 2 AC (22 kW); Bharat DC-001 (15 kW),24/7 Security; EV Signs; Parking
STN-IND-0519,"Shyam Automotive, AB Road",Public EV Network,Madhya Pradesh,Indore,"A B Road, Before Emerald Heights School, Indore, Madhya Pradesh 453331",22.65203,75.821321,Dual AC/DC Fast,Fast,30,415V AC / 400V DC,24/7 Always Open,₹15 - ₹19 / kWh,4,2,2,0,Available,CCS-2 (30 kW DC); Type 2 AC (22 kW); Bharat DC-001 (15 kW),24/7 Security; EV Signs; Parking
STN-IND-0520,"IOCL - Trishul Service Station, Pimpri-Chinchwad",IOCL Green,Maharashtra,Pune,"T-163, MIDC Bhosari, Pune, MIDC, Bhosari, Pimpri-Chinchwad, Piune-411026",18.620957,73.829984,Dual AC/DC Fast,Fast,30,415V AC / 400V DC,24/7 Always Open,₹15 - ₹19 / kWh,4,4,0,0,Available,CCS-2 (30 kW DC); Type 2 AC (22 kW); Bharat DC-001 (15 kW),24/7 Security; Air Pump; Convenience Store; EV Signs; Parking; Restroom
STN-IND-0521,"Aavas Hotels & Resorts, NH 16 Velampalli",Public EV Network,Andhra Pradesh,Ongole,"NH 16, Vijayawada - Nellore Hwy, Vellampalli (Maddipadu) Ongole,  Andhra Pradesh u00e2u0080u0093 523211",15.638298,80.016753,Dual AC/DC Fast,Fast,30,415V AC / 400V DC,24/7 Always Open,₹15 - ₹19 / kWh,4,3,1,0,Available,CCS-2 (30 kW DC); Type 2 AC (22 kW); Bharat DC-001 (15 kW),24/7 Security; Dining / Cafe; EV Signs; Parking; Restroom
STN-IND-0522,"Bahubali Motors, Transport Nagar",Public EV Network,Chhattisgarh,Raipur,"Mumbai - Kolkata Hwy, Beside M.P Dhaba, Transport Nagar, Tatibandh, Raipur, Chhattisgarh 492099",21.25679,81.559444,Dual AC/DC Fast,Fast,30,415V AC / 400V DC,24/7 Always Open,₹15 - ₹19 / kWh,4,1,3,0,Available,CCS-2 (30 kW DC); Type 2 AC (22 kW); Bharat DC-001 (15 kW),24/7 Security; Dining / Cafe; EV Signs; Parking; Restroom
STN-IND-0523,"Malik Cars, Old Bowenpally",Public EV Network,Telangana,Secunderabad,"Adj Service Road Sri Sai Enclave, Old Bowenpally, Secunderabad, Telangana 500011",17.478362,78.473772,Dual AC/DC Fast,Fast,30,415V AC / 400V DC,24/7 Always Open,₹15 - ₹19 / kWh,4,2,1,1,Available,CCS-2 (30 kW DC); Type 2 AC (22 kW); Bharat DC-001 (15 kW),24/7 Security; EV Signs; Parking
STN-IND-0524,"Sairam Automobiles, Krishna Nagar",Public EV Network,Chhattisgarh,Bhilai,"Sairam auto G. E Road, Krishna Nagar, Supela, Bhilai, Chhattisgarh 490023",21.216539,81.401487,Dual AC/DC Fast,Fast,30,415V AC / 400V DC,24/7 Always Open,₹15 - ₹19 / kWh,4,2,2,0,Available,CCS-2 (30 kW DC); Type 2 AC (22 kW); Bharat DC-001 (15 kW),24/7 Security; EV Signs; Parking
STN-IND-0525,"Sairam Automobiles, Light Industrial Area",Public EV Network,Chhattisgarh,Khursipar,"Zone III, Light Industrial Area, Khursipar, Chhattisgarh 490011",21.206036,81.341861,Dual AC/DC Fast,Fast,30,415V AC / 400V DC,24/7 Always Open,₹15 - ₹19 / kWh,4,4,0,0,Available,CCS-2 (30 kW DC); Type 2 AC (22 kW); Bharat DC-001 (15 kW),24/7 Security; EV Signs; Parking
STN-IND-0526,"Shankar Motors, Prem Nagar",Public EV Network,Bihar,Bhagalpur,"Ground Floor, Sabour Rd, near Engineering College, Prem Nagar, Bhagalpur, Bihar 812002",25.252209,87.045029,Dual AC/DC Fast,Fast,30,415V AC / 400V DC,24/7 Always Open,₹15 - ₹19 / kWh,4,3,1,0,Available,CCS-2 (30 kW DC); Type 2 AC (22 kW); Bharat DC-001 (15 kW),24/7 Security; EV Signs; Parking
STN-IND-0527,"IOCL - NAVABHARAGAVA FILLING STATION, Vijayawada - Hyderabad Hwy",IOCL Green,Andhra Pradesh,Vijayawada,"Vijayawada - Hyderabad Hwy, Ibrahimpatnam, Andhra Pradesh 521456",16.581264,80.526349,Dual AC/DC Fast,Fast,30,415V AC / 400V DC,24/7 Always Open,₹15 - ₹19 / kWh,4,1,3,0,Available,CCS-2 (30 kW DC); Type 2 AC (22 kW); Bharat DC-001 (15 kW),24/7 Security; Air Pump; Convenience Store; EV Signs; Parking; Restroom
STN-IND-0528,"Pacific Mall, Tagore Garden",Public EV Network,Delhi,New Delhi,"Najafgarh Rd, Tagore Garden, Tilak Nagar, New Delhi, Delhi 110018",28.642219,77.105891,Dual AC/DC Fast,Fast,30,415V AC / 400V DC,09:00 AM - 11:00 PM,₹15 - ₹19 / kWh,4,2,1,1,Available,CCS-2 (30 kW DC); Type 2 AC (22 kW); Bharat DC-001 (15 kW),ATM; EV Signs; Parking; Restroom; Shopping Mall; Wi-Fi
STN-IND-0529,"Pacific Mall, Netaji Subash Palace",Public EV Network,Delhi,New Delhi,"Pitam Pura, New Delhi, Delhi 110034",28.693341,77.153132,Dual AC/DC Fast,Fast,30,415V AC / 400V DC,09:00 AM - 11:00 PM,₹15 - ₹19 / kWh,4,2,2,0,Available,CCS-2 (30 kW DC); Type 2 AC (22 kW); Bharat DC-001 (15 kW),ATM; EV Signs; Parking; Restroom; Shopping Mall; Wi-Fi
STN-IND-0530,"Pacific Mall,  Dwarka",Public EV Network,Delhi,New Delhi,"Dwarka sector 21 metro station, PACIFIC MALL, Sector 22 Rd, Sector 21, Dwarka, New Delhi, Delhi 110077",28.55122,77.056702,Dual AC/DC Fast,Fast,30,415V AC / 400V DC,09:00 AM - 11:00 PM,₹15 - ₹19 / kWh,4,4,0,0,Available,CCS-2 (30 kW DC); Type 2 AC (22 kW); Bharat DC-001 (15 kW),ATM; EV Signs; Parking; Restroom; Shopping Mall; Wi-Fi
STN-IND-0531,"Pacific Mall, Sahibabad",Public EV Network,Uttar Pradesh,Ghaziabad,"Plot Alpha, Sahibabad Industrial Area Site 4, Sahibabad, Ghaziabad, Uttar Pradesh 201010",28.646181,77.320789,Dual AC/DC Fast,Fast,30,415V AC / 400V DC,09:00 AM - 11:00 PM,₹15 - ₹19 / kWh,4,3,1,0,Available,CCS-2 (30 kW DC); Type 2 AC (22 kW); Bharat DC-001 (15 kW),ATM; EV Signs; Parking; Restroom; Shopping Mall; Wi-Fi
STN-IND-0532,"Pacific Mall, Rajpur Road",Public EV Network,Uttarakhand,Dehradun,"Pacific mall, Rajpur Rd, Jakhan, Dehradun, Uttarakhand 248001",30.36626,78.070528,Dual AC/DC Fast,Fast,30,415V AC / 400V DC,09:00 AM - 11:00 PM,₹15 - ₹19 / kWh,4,1,3,0,Available,CCS-2 (30 kW DC); Type 2 AC (22 kW); Bharat DC-001 (15 kW),ATM; EV Signs; Parking; Restroom; Shopping Mall; Wi-Fi
STN-IND-0533,"Tristar Auto Agencies, RK Beach Junction",Public EV Network,Andhra Pradesh,Vizag,"Beside Kali Matha Mandhir, RK Beach Junction, Visakhapatnam-530002",17.712413,83.318481,Dual AC/DC Fast,Fast,30,415V AC / 400V DC,24/7 Always Open,₹15 - ₹19 / kWh,4,2,1,1,Available,CCS-2 (30 kW DC); Type 2 AC (22 kW); Bharat DC-001 (15 kW),24/7 Security; EV Signs; Parking
STN-IND-0534,"Zostel, Dandeghar",Public EV Network,Maharashtra,Panchgani,"Panchgani, Wai, Main Road, Dandeghar, Maharashtra 412805",17.933526,73.815857,Dual AC/DC Fast,Fast,30,415V AC / 400V DC,24/7 Always Open,₹15 - ₹19 / kWh,4,2,2,0,Available,CCS-2 (30 kW DC); Type 2 AC (22 kW); Bharat DC-001 (15 kW),24/7 Security; EV Signs; Parking
STN-IND-0535,"Rama Automobiles, Patilwada",Public EV Network,Maharashtra,Pune,"Ground Floor Pune Nasik Highway, Manchar, Shevawadi, behind Morde Food Product Company, Patilwada, Pune, Maharashtra 410503",18.991327,73.94278,Dual AC/DC Fast,Fast,30,415V AC / 400V DC,24/7 Always Open,₹15 - ₹19 / kWh,4,4,0,0,Available,CCS-2 (30 kW DC); Type 2 AC (22 kW); Bharat DC-001 (15 kW),24/7 Security; Dining / Cafe; EV Signs; Parking; Restroom
STN-IND-0536,"Hotel Temple View, Sai Nagar",Public EV Network,Maharashtra,Shirdi,"Sai Murali Complex, Manmad Rd, opp. Sai Temple Nagar, Sai Nagar, Shirdi, Maharashtra 423109",19.765035,74.475459,Dual AC/DC Fast,Fast,30,415V AC / 400V DC,24/7 Always Open,₹15 - ₹19 / kWh,4,3,1,0,Available,CCS-2 (30 kW DC); Type 2 AC (22 kW); Bharat DC-001 (15 kW),24/7 Security; ATM; Dining / Cafe; EV Signs; Parking; Restroom; Shopping Mall; Wi-Fi
STN-IND-0537,"Gramps Auto, Bampada",Public EV Network,Odisha,Balasore,"NH 16 (Old NH 5), Bampada, Balasore. State: ODISHA, Pin: 756056",21.497869,86.88961,Dual AC/DC Fast,Fast,30,415V AC / 400V DC,24/7 Always Open,₹15 - ₹19 / kWh,4,1,3,0,Available,CCS-2 (30 kW DC); Type 2 AC (22 kW); Bharat DC-001 (15 kW),24/7 Security; EV Signs; Parking
STN-IND-0538,"Jagdalpur Motors, Geedam Road",Public EV Network,Chhattisgarh,Jagdalpur,"Geedam Rd, Pandripan, Chhattisgarh 492099",19.06578,81.963596,Dual AC/DC Fast,Fast,30,415V AC / 400V DC,24/7 Always Open,₹15 - ₹19 / kWh,4,2,1,1,Available,CCS-2 (30 kW DC); Type 2 AC (22 kW); Bharat DC-001 (15 kW),24/7 Security; EV Signs; Parking
STN-IND-0539,"Pragati Trading, NH 37",Public EV Network,Assam,Jorhat,"NH37, Jorhat, Assam 785006",26.747049,94.168072,Dual AC/DC Fast,Fast,30,415V AC / 400V DC,24/7 Always Open,₹15 - ₹19 / kWh,4,2,2,0,Available,CCS-2 (30 kW DC); Type 2 AC (22 kW); Bharat DC-001 (15 kW),24/7 Security; EV Signs; Parking
STN-IND-0540,"Yaksh The Art People, Delhi-Jaipur Highway",Public EV Network,Rajasthan,Sayri,"Yaksh, The Art People, Delhi-Jaipur Highway, Syari, Rajasthan 303002",27.159085,75.960384,Dual AC/DC Fast,Fast,30,415V AC / 400V DC,24/7 Always Open,₹15 - ₹19 / kWh,4,4,0,0,Available,CCS-2 (30 kW DC); Type 2 AC (22 kW); Bharat DC-001 (15 kW),24/7 Security; EV Signs; Parking
STN-IND-0541,"Oberoi Mall, Goregaon",Public EV Network,Maharashtra,Mumbai,"Western Express Hwy, Yashodham, Goregaon, Mumbai, Maharashtra 400063",19.173761,72.860017,Dual AC/DC Fast,Fast,30,415V AC / 400V DC,09:00 AM - 11:00 PM,₹15 - ₹19 / kWh,4,3,1,0,Available,CCS-2 (30 kW DC); Type 2 AC (22 kW); Bharat DC-001 (15 kW),ATM; EV Signs; Parking; Restroom; Shopping Mall; Wi-Fi
STN-IND-0542,"Parin Motors, NH8 Gondal Highway",Public EV Network,Gujarat,Rajkot,"149, Plot No 2, Survey No, NH 8B, Gondal Highway, near Parin Furniture, Rajkot, Gujarat 360004",22.225264,70.801197,Dual AC/DC Fast,Fast,30,415V AC / 400V DC,24/7 Always Open,₹15 - ₹19 / kWh,4,1,3,0,Available,CCS-2 (30 kW DC); Type 2 AC (22 kW); Bharat DC-001 (15 kW),24/7 Security; EV Signs; Parking
STN-IND-0543,"IOCL RO u00e2u0080u0093 Basanti Hwy, Bayarmari",IOCL Green,West Bengal,Bayamari,"Plot 392&393 Mouza, Bayarmari, Nazat Dist. North 24 Paraganas - West Bengal 743442",22.43805,88.763395,Dual AC/DC Fast,Fast,30,415V AC / 400V DC,24/7 Always Open,₹15 - ₹19 / kWh,4,2,1,1,Available,CCS-2 (30 kW DC); Type 2 AC (22 kW); Bharat DC-001 (15 kW),24/7 Security; Air Pump; Convenience Store; EV Signs; Parking; Restroom
STN-IND-0544,"Ashutosh Motors, near NHPC Godown",HPCL Energy,Assam,Nagaon,"Biroh Bebejia Sensowa, near NHPC Godown, Nagaon, Assam 782002",26.312331,92.640186,Dual AC/DC Fast,Fast,30,415V AC / 400V DC,24/7 Always Open,₹15 - ₹19 / kWh,4,2,2,0,Available,CCS-2 (30 kW DC); Type 2 AC (22 kW); Bharat DC-001 (15 kW),24/7 Security; Air Pump; Convenience Store; EV Signs; Parking; Restroom
STN-IND-0545,"Daspalla Hotels, Jubilee Hills",Public EV Network,Telangana,Hyderabad,"Daspalla Hotels u00e2u0080u0093 (Jublee Hill Resorts Pvt Ltd)- Rd Number 37, CBI Colony, Jubilee Hills, Hyderabad, Telangana 500033",17.43683,78.398326,Dual AC/DC Fast,Fast,30,415V AC / 400V DC,24/7 Always Open,₹15 - ₹19 / kWh,4,4,0,0,Available,CCS-2 (30 kW DC); Type 2 AC (22 kW); Bharat DC-001 (15 kW),24/7 Security; Dining / Cafe; EV Signs; Parking; Restroom
STN-IND-0546,"Hotel Greenland Towers, NH 6 & 16",Public EV Network,West Bengal,Rupnarayanpur,"NH 6&16, Industrial Area, Rupnarayanpur, West Bengal 721301",22.380721,87.365968,Dual AC/DC Fast,Fast,30,415V AC / 400V DC,24/7 Always Open,₹15 - ₹19 / kWh,4,3,1,0,Available,CCS-2 (30 kW DC); Type 2 AC (22 kW); Bharat DC-001 (15 kW),24/7 Security; ATM; Dining / Cafe; EV Signs; Parking; Restroom; Shopping Mall; Wi-Fi
STN-IND-0547,"Trupti Enterprises, Bhagabanpur Industrial Area",Public EV Network,Odisha,Bhubaneswar,"IDCO, Plot No 16, 17, 32&33 Bhagabanpur Industrial Area, Bhubaneswar, Odisha 751019",20.238165,85.756643,Dual AC/DC Fast,Fast,30,415V AC / 400V DC,24/7 Always Open,₹15 - ₹19 / kWh,4,1,3,0,Available,CCS-2 (30 kW DC); Type 2 AC (22 kW); Bharat DC-001 (15 kW),24/7 Security; EV Signs; Parking
STN-IND-0548,"Trimurti Petroleum, Panvel",Public EV Network,Maharashtra,Navi Mumbai,"GUT NO.151/2, VILLAGE - AJIVALI, TALUKA - PANVEL, RAIGAD, AJIVALI, 410216",18.956319,73.162651,Dual AC/DC Fast,Fast,30,415V AC / 400V DC,24/7 Always Open,₹15 - ₹19 / kWh,4,2,1,1,Available,CCS-2 (30 kW DC); Type 2 AC (22 kW); Bharat DC-001 (15 kW),24/7 Security; Air Pump; Convenience Store; EV Signs; Parking; Restroom
STN-IND-0549,"HP Service Center, Sola",HPCL Energy,Gujarat,Ahmedabad,"F.P. No 232/1, Solaroad, Ahmedabad 380061",23.06339,72.531762,Dual AC/DC Fast,Fast,30,415V AC / 400V DC,24/7 Always Open,₹15 - ₹19 / kWh,4,2,2,0,Available,CCS-2 (30 kW DC); Type 2 AC (22 kW); Bharat DC-001 (15 kW),24/7 Security; Air Pump; Convenience Store; EV Signs; Parking; Restroom
STN-IND-0550,"HP Autocare , Bodakdev",HPCL Energy,Gujarat,Ahmedabad,"JUDGES BUNGALOW ROAD, T VILLAGE : BODAKDEV , CITY : AHMEDABAD 380054",23.03322,72.513753,Dual AC/DC Fast,Fast,30,415V AC / 400V DC,24/7 Always Open,₹15 - ₹19 / kWh,4,4,0,0,Available,CCS-2 (30 kW DC); Type 2 AC (22 kW); Bharat DC-001 (15 kW),24/7 Security; Air Pump; Convenience Store; EV Signs; Parking; Restroom
STN-IND-0551,"Daisy Motors, TML - CV, Hisar",Public EV Network,Haryana,Hisar,"Daisy Motors, 12th KM Stone, Delhi-Hisar Bypass, Road, Hisar - 125001",29.125962,75.802782,Dual AC/DC Fast,Fast,30,415V AC / 400V DC,24/7 Always Open,₹15 - ₹19 / kWh,4,3,1,0,Available,CCS-2 (30 kW DC); Type 2 AC (22 kW); Bharat DC-001 (15 kW),24/7 Security; EV Signs; Parking
STN-IND-0552,"Shree Balaji Autowheels, Moradabad",Public EV Network,Uttar Pradesh,Moradabad,"Ground Floor, Delhi Rd, opposite Circuit House, Majhola, Moradabad, Uttar Pradesh 244001",28.828917,78.732843,Dual AC/DC Fast,Fast,30,415V AC / 400V DC,24/7 Always Open,₹15 - ₹19 / kWh,4,1,3,0,Available,CCS-2 (30 kW DC); Type 2 AC (22 kW); Bharat DC-001 (15 kW),24/7 Security; EV Signs; Parking
STN-IND-0553,"IOCL - Tikri Gas, Delhi",IOCL Green,Delhi,New Delhi,"Rohtak Road, Block C, Tyagi Vihar, Ghevra, Delhi, 110072",28.686885,76.984929,Dual AC/DC Fast,Fast,30,415V AC / 400V DC,24/7 Always Open,₹15 - ₹19 / kWh,4,2,1,1,Available,CCS-2 (30 kW DC); Type 2 AC (22 kW); Bharat DC-001 (15 kW),24/7 Security; Air Pump; Convenience Store; EV Signs; Parking; Restroom
STN-IND-0554,"Manickbag automobiles, Udyambag",Public EV Network,Karnataka,Belgaum,"No 691, Bemciel Industrial Estate Khanapur Road, NH4 A, Udyambag, next to Bemco, Belagavi, Karnataka 590008",15.819167,74.493774,Dual AC/DC Fast,Fast,30,415V AC / 400V DC,24/7 Always Open,₹15 - ₹19 / kWh,4,2,2,0,Available,CCS-2 (30 kW DC); Type 2 AC (22 kW); Bharat DC-001 (15 kW),24/7 Security; EV Signs; Parking
STN-IND-0555,"Manickbag automobiles, Vidya Nagar",Public EV Network,Karnataka,Hubballi,"VIDYA NAGAR, DIST : Hubli, Karnataka 580031",15.369541,75.119095,Dual AC/DC Fast,Fast,30,415V AC / 400V DC,24/7 Always Open,₹15 - ₹19 / kWh,4,4,0,0,Available,CCS-2 (30 kW DC); Type 2 AC (22 kW); Bharat DC-001 (15 kW),24/7 Security; EV Signs; Parking
STN-IND-0556,"Sonaee Veg Family Restaurant, Pune-Solapur Highway",Public EV Network,Maharashtra,Uruli Kanchan,"National Highway 65 Yavat, Uruli Kanchan, Maharashtra 412202",18.487405,74.146125,Dual AC/DC Fast,Fast,30,415V AC / 400V DC,09:00 AM - 11:00 PM,₹15 - ₹19 / kWh,4,3,1,0,Available,CCS-2 (30 kW DC); Type 2 AC (22 kW); Bharat DC-001 (15 kW),Dining / Cafe; EV Signs; Parking; Restroom
STN-IND-0557,"IOCL - Hemkund, Pasonda",IOCL Green,Uttar Pradesh,Ghaziabad,"Khasra No 1746/2,Village u00e2u0080u0093 Pasonda,Tehsil- Sadar,Dist u00e2u0080u0093 Ghaziabad-201005",28.676565,77.341822,Dual AC/DC Fast,Fast,30,415V AC / 400V DC,24/7 Always Open,₹15 - ₹19 / kWh,4,1,3,0,Available,CCS-2 (30 kW DC); Type 2 AC (22 kW); Bharat DC-001 (15 kW),24/7 Security; Air Pump; Convenience Store; EV Signs; Parking; Restroom
STN-IND-0558,IOCL Risal Petro Delhi,IOCL Green,Delhi,New Delhi,"Burari Rd, opposite Sta Tpt Authority, Laldora, Jharoda, Jharoda Majra Burari, New Delhi, Delhi 110084",28.732426,77.198625,Dual AC/DC Fast,Fast,30,415V AC / 400V DC,24/7 Always Open,₹15 - ₹19 / kWh,4,2,1,1,Available,CCS-2 (30 kW DC); Type 2 AC (22 kW); Bharat DC-001 (15 kW),24/7 Security; Air Pump; Convenience Store; EV Signs; Parking; Restroom
STN-IND-0559,IOCL Paul Motors Delhi,IOCL Green,Delhi,New Delhi,"Main Road, Sat Guru Ram Singh Rd, MS Block, Block F, Mayapuri Industrial Area Phase II, Mayapuri, New Delhi, Delhi 110064",28.619867,77.113982,Dual AC/DC Fast,Fast,30,415V AC / 400V DC,24/7 Always Open,₹15 - ₹19 / kWh,4,2,2,0,Available,CCS-2 (30 kW DC); Type 2 AC (22 kW); Bharat DC-001 (15 kW),24/7 Security; Air Pump; Convenience Store; EV Signs; Parking; Restroom
STN-IND-0560,"Yash Motors, Chittorgarh",Public EV Network,Rajasthan,Chittorgarh,"Meera smiriti sansthan gram ochari, nimbahera Road, Ochari,  Chittorgarh, Rajasthan 312001",24.827665,74.627293,Dual AC/DC Fast,Fast,30,415V AC / 400V DC,24/7 Always Open,₹15 - ₹19 / kWh,4,4,0,0,Available,CCS-2 (30 kW DC); Type 2 AC (22 kW); Bharat DC-001 (15 kW),24/7 Security; EV Signs; Parking
STN-IND-0561,"Kaveri Auto Garage, Seelapadi",Public EV Network,Tamil Nadu,Dindigul,"478/1A2, Trichy Bypass, Seelapadi, Dindigul, Tamil Nadu, 624005",10.381127,77.996814,Dual AC/DC Fast,Fast,30,415V AC / 400V DC,24/7 Always Open,₹15 - ₹19 / kWh,4,3,1,0,Available,CCS-2 (30 kW DC); Type 2 AC (22 kW); Bharat DC-001 (15 kW),24/7 Security; EV Signs; Parking
STN-IND-0562,"Kaveri Auto Garage, Paravai Bit 1 village",Public EV Network,Tamil Nadu,Madurai,"New Survey No 146/2C,148/1A,149/1B2A, Paravai Bit 1 village, Madurai, 625402",9.964233,78.065011,Dual AC/DC Fast,Fast,30,415V AC / 400V DC,24/7 Always Open,₹15 - ₹19 / kWh,4,1,3,0,Available,CCS-2 (30 kW DC); Type 2 AC (22 kW); Bharat DC-001 (15 kW),24/7 Security; EV Signs; Parking
STN-IND-0563,"Key Motors, Bannerghatta Road",Public EV Network,Karnataka,Bengaluru,"#215/15, Arakere Gate, Bannerghatta Main Rd, Bengaluru, Karnataka 560076",12.889141,77.597289,Dual AC/DC Fast,Fast,30,415V AC / 400V DC,24/7 Always Open,₹15 - ₹19 / kWh,4,2,1,1,Available,CCS-2 (30 kW DC); Type 2 AC (22 kW); Bharat DC-001 (15 kW),24/7 Security; EV Signs; Parking
STN-IND-0564,"The Grand Legacy, Panchgani-Mahabaleshwar Road",Public EV Network,Maharashtra,Mahabaleshwar,"Panchgani-Mahabaleshwar Road, Post. Met-Gutad, behind Saj Resort by Club Mahindra, Mahabaleshwar, Maharashtra 412806",17.926558,73.695866,Dual AC/DC Fast,Fast,30,415V AC / 400V DC,24/7 Always Open,₹15 - ₹19 / kWh,4,2,2,0,Available,CCS-2 (30 kW DC); Type 2 AC (22 kW); Bharat DC-001 (15 kW),24/7 Security; Dining / Cafe; EV Signs; Parking; Restroom
STN-IND-0565,"Highway Grand World, Chennai-Tirupati Highway NH 716",Public EV Network,Andhra Pradesh,Tirupati,"Chennai - Thiruttani - Renigunta Hwy, NH716 - Veerakaverirajupuram, Andhra Pradesh, Nagari, Andhra Pradesh 517590",13.293609,79.581709,Dual AC/DC Fast,Fast,30,415V AC / 400V DC,24/7 Always Open,₹15 - ₹19 / kWh,4,4,0,0,Available,CCS-2 (30 kW DC); Type 2 AC (22 kW); Bharat DC-001 (15 kW),24/7 Security; EV Signs; Parking
STN-IND-0566,"Hotel Sapthagiri Holiday Resorts,Tirupati u00e2u0080u0093 Bangalore  Highway",Public EV Network,Andhra Pradesh,Chittoor,"NH140, Tirupati u00e2u0080u0093 Bangalore  Highway, Sy No: 1201&1189, B G Mittor Village, Tanepalli, Puthalapattu Mandal, Chittoor, Andhra Pradesh - 517127",13.374121,79.092103,Dual AC/DC Fast,Fast,30,415V AC / 400V DC,24/7 Always Open,₹15 - ₹19 / kWh,4,3,1,0,Available,CCS-2 (30 kW DC); Type 2 AC (22 kW); Bharat DC-001 (15 kW),24/7 Security; Dining / Cafe; EV Signs; Parking; Restroom
STN-IND-0567,"Hotel Sapthagiri Holiday Resorts,Tirupati u00e2u0080u0093 Bangalore  Highway",Public EV Network,Andhra Pradesh,Gadanki,"NH140, Gadanki, Andhra Pradesh - 517112",13.479944,79.18979,Dual AC/DC Fast,Fast,30,415V AC / 400V DC,24/7 Always Open,₹15 - ₹19 / kWh,4,1,3,0,Available,CCS-2 (30 kW DC); Type 2 AC (22 kW); Bharat DC-001 (15 kW),24/7 Security; Dining / Cafe; EV Signs; Parking; Restroom
STN-IND-0568,"Hotel Artland, Old Digha Purba",Public EV Network,West Bengal,Digha,"Old digha purba, Digha Barrister Colony Rd, beside seahawk, West Bengal 721428",21.624423,87.528599,Dual AC/DC Fast,Fast,30,415V AC / 400V DC,24/7 Always Open,₹15 - ₹19 / kWh,4,2,1,1,Available,CCS-2 (30 kW DC); Type 2 AC (22 kW); Bharat DC-001 (15 kW),24/7 Security; Dining / Cafe; EV Signs; Parking; Restroom
STN-IND-0569,"IOCL Sree Devi Prasad Services, Naamavaram",IOCL Green,Andhra Pradesh,Naamavaram,"Naamavaram, Andhra Pradesh 531126",17.37368,82.586259,Dual AC/DC Fast,Fast,30,415V AC / 400V DC,24/7 Always Open,₹15 - ₹19 / kWh,4,2,2,0,Available,CCS-2 (30 kW DC); Type 2 AC (22 kW); Bharat DC-001 (15 kW),24/7 Security; Air Pump; Convenience Store; EV Signs; Parking; Restroom
STN-IND-0570,"Lankeswari Motors, Hatpada",Public EV Network,Odisha,Jeypore,"Plot No 576, 577 & 580 Hatpada, Jeypore, Odisha 764001",18.858098,82.589987,Dual AC/DC Fast,Fast,30,415V AC / 400V DC,24/7 Always Open,₹15 - ₹19 / kWh,4,4,0,0,Available,CCS-2 (30 kW DC); Type 2 AC (22 kW); Bharat DC-001 (15 kW),24/7 Security; EV Signs; Parking
STN-IND-0571,"Nandi Food Plaza, Nalagam palli",Public EV Network,Andhra Pradesh,Chittoor,"NH 69 - 174 Nalagampalli Chittoor-Bangalore Highway Close to Bangarupalem, Village, Nalagam palli, Andhra Pradesh 517416",13.203592,78.941566,Dual AC/DC Fast,Fast,30,415V AC / 400V DC,24/7 Always Open,₹15 - ₹19 / kWh,4,3,1,0,Available,CCS-2 (30 kW DC); Type 2 AC (22 kW); Bharat DC-001 (15 kW),24/7 Security; Dining / Cafe; EV Signs; Parking; Restroom
STN-IND-0572,"River Bay Resorts, Gautami Ghat",Public EV Network,Andhra Pradesh,Rajahmundry,"Hotel River Bay Resort, 5-1-36 to 43 Gautami Ghat, Rajahmundry-533101",16.99212,81.773577,Dual AC/DC Fast,Fast,30,415V AC / 400V DC,24/7 Always Open,₹15 - ₹19 / kWh,4,1,3,0,Available,CCS-2 (30 kW DC); Type 2 AC (22 kW); Bharat DC-001 (15 kW),24/7 Security; Dining / Cafe; EV Signs; Parking; Restroom
STN-IND-0573,"Hotel Vivanta, Patrapada",Public EV Network,Odisha,Bhubaneswar,"IDCO Plot No1/A,Bhagbanpur Industrial Estate, DN Square, Patrapada, Bhubhaneswar -751019",20.240856,86.758382,Dual AC/DC Fast,Fast,30,415V AC / 400V DC,24/7 Always Open,₹15 - ₹19 / kWh,4,2,1,1,Available,CCS-2 (30 kW DC); Type 2 AC (22 kW); Bharat DC-001 (15 kW),24/7 Security; ATM; Dining / Cafe; EV Signs; Parking; Restroom; Shopping Mall; Wi-Fi
STN-IND-0574,"Morya Transport Terminus, MIDC Bhosari",Public EV Network,Maharashtra,Pune,Plot no BGP 109 Village MIDC Bhosari Taluka Haveli Pune 411026,18.621396,73.838437,Dual AC/DC Fast,Fast,30,415V AC / 400V DC,24/7 Always Open,₹15 - ₹19 / kWh,4,2,2,0,Available,CCS-2 (30 kW DC); Type 2 AC (22 kW); Bharat DC-001 (15 kW),24/7 Security; EV Signs; Parking
STN-IND-0575,"DN Group Corporate Office, Nayapalli",Public EV Network,Odisha,Bhubaneswar,"VIP-15, VIP Colony, IRC Village, Nayapalli, Bhubaneswar, Odisha 751015",20.296189,85.804045,Dual AC/DC Fast,Fast,30,415V AC / 400V DC,24/7 Always Open,₹15 - ₹19 / kWh,4,4,0,0,Available,CCS-2 (30 kW DC); Type 2 AC (22 kW); Bharat DC-001 (15 kW),24/7 Security; EV Signs; Parking
STN-IND-0576,"GUGNANI AUTOCARS, Mancheswar Industrial Estate",Public EV Network,Odisha,Bhubaneswar,"PLOT NO.-S, 3/48, Block C, Sector A, Mancheswar Industrial Estate, Bhubaneswar, Odisha 751010",20.306665,85.852819,Dual AC/DC Fast,Fast,30,415V AC / 400V DC,24/7 Always Open,₹15 - ₹19 / kWh,4,3,1,0,Available,CCS-2 (30 kW DC); Type 2 AC (22 kW); Bharat DC-001 (15 kW),24/7 Security; EV Signs; Parking
STN-IND-0577,"GUGNANI TYRES, Nayapalli",Public EV Network,Odisha,Bhubaneswar,"uco bank, 1294, CRP - DAV Rd, Nilakantha Nagar, Nayapalli, Bhubaneswar, Odisha 751012",20.285484,85.809325,Dual AC/DC Fast,Fast,30,415V AC / 400V DC,24/7 Always Open,₹15 - ₹19 / kWh,4,1,3,0,Available,CCS-2 (30 kW DC); Type 2 AC (22 kW); Bharat DC-001 (15 kW),24/7 Security; EV Signs; Parking
STN-IND-0578,"DN Regalia Mall, Patrapada",Public EV Network,Odisha,Bhubaneswar,"IDCO Plot No1/A, Bhagbanpur Industrial Estate, DN Square, Patrapada, Bhubhaneswar 751001",20.240903,85.758056,Dual AC/DC Fast,Fast,30,415V AC / 400V DC,09:00 AM - 11:00 PM,₹15 - ₹19 / kWh,4,2,1,1,Available,CCS-2 (30 kW DC); Type 2 AC (22 kW); Bharat DC-001 (15 kW),ATM; EV Signs; Parking; Restroom; Shopping Mall; Wi-Fi
STN-IND-0579,"Trupti Automotives, Mohammed Jamalpur",Public EV Network,Odisha,Keonjhar,"Keonjhar - Ghatgaon - Panikoili Rd, Mohammed Jamalpur, Odisha 755015",20.918732,86.216983,Dual AC/DC Fast,Fast,30,415V AC / 400V DC,24/7 Always Open,₹15 - ₹19 / kWh,4,2,2,0,Available,CCS-2 (30 kW DC); Type 2 AC (22 kW); Bharat DC-001 (15 kW),24/7 Security; EV Signs; Parking
STN-IND-0580,"Trupti Automotives, Angul",Public EV Network,Odisha,Angul,"NH 55, TELCO CHOWK, NUAHATA, Banarpal, Angul, Odisha 759128",20.831756,85.24166,Dual AC/DC Fast,Fast,30,415V AC / 400V DC,24/7 Always Open,₹15 - ₹19 / kWh,4,4,0,0,Available,CCS-2 (30 kW DC); Type 2 AC (22 kW); Bharat DC-001 (15 kW),24/7 Security; EV Signs; Parking
STN-IND-0581,"Sarawgi Motors, Saukuchi",Public EV Network,Assam,Guwahati,"Sarusajai Stadium Garalia NH 37, Basistha, Saukuchi, near National Games Stadium, Assam 781040",26.111877,91.759799,Dual AC/DC Fast,Fast,30,415V AC / 400V DC,24/7 Always Open,₹15 - ₹19 / kWh,4,3,1,0,Available,CCS-2 (30 kW DC); Type 2 AC (22 kW); Bharat DC-001 (15 kW),24/7 Security; EV Signs; Parking
STN-IND-0582,"Umaid Lake Resort, Kalakho",Public EV Network,Rajasthan,Dausa,"Karuna Enterprises kalakho (Umaid Lake Palaceu00c2u00a0 Village post Kalakho, NH 21 District Dausa, Rajasthan-303304",26.912864,76.466964,Dual AC/DC Fast,Fast,30,415V AC / 400V DC,24/7 Always Open,₹15 - ₹19 / kWh,4,1,3,0,Available,CCS-2 (30 kW DC); Type 2 AC (22 kW); Bharat DC-001 (15 kW),24/7 Security; Dining / Cafe; EV Signs; Parking; Restroom
STN-IND-0583,"Rajshree Resort, Saladwas",Public EV Network,Rajasthan,Jaipur,"KHASRA NO.131/1 AND 132/1, VILLAGE SALADWAS, CHANDWAJI, N.H.8 TEHSIL AMER, JAIPUR, Rajasthan - 303113",27.237725,75.948598,Dual AC/DC Fast,Fast,30,415V AC / 400V DC,24/7 Always Open,₹15 - ₹19 / kWh,4,2,1,1,Available,CCS-2 (30 kW DC); Type 2 AC (22 kW); Bharat DC-001 (15 kW),24/7 Security; Dining / Cafe; EV Signs; Parking; Restroom
STN-IND-0584,"Bravia Hotel, Vaishali Nagar",Public EV Network,Rajasthan,Ajmer,"Bravia Hotel, Vaishali Nagar, near Urban Haat, Rajasthan 305004",26.487745,74.629316,Dual AC/DC Fast,Fast,30,415V AC / 400V DC,24/7 Always Open,₹15 - ₹19 / kWh,4,2,2,0,Available,CCS-2 (30 kW DC); Type 2 AC (22 kW); Bharat DC-001 (15 kW),24/7 Security; Dining / Cafe; EV Signs; Parking; Restroom
STN-IND-0585,"Dusk View Resort, near Bisalpur Dam",Public EV Network,Rajasthan,Beesalpur,"Dusk View Resort Near Fishing Landing Center 1 km from Bisalpur Dam Towards Toda Rai Singh, Beesalpur, Rajasthan 304804",25.936068,75.458672,Dual AC/DC Fast,Fast,30,415V AC / 400V DC,24/7 Always Open,₹15 - ₹19 / kWh,4,4,0,0,Available,CCS-2 (30 kW DC); Type 2 AC (22 kW); Bharat DC-001 (15 kW),24/7 Security; Dining / Cafe; EV Signs; Parking; Restroom
STN-IND-0586,"Hotel Shemron, Neemrana",Public EV Network,Rajasthan,Shahjahanpur,"Hotel Shemron, NH-8 Shahjahanpur, Neemrana, Shahjahanpur, Rajasthan 301706",28.008848,76.463978,Dual AC/DC Fast,Fast,30,415V AC / 400V DC,24/7 Always Open,₹15 - ₹19 / kWh,4,3,1,0,Available,CCS-2 (30 kW DC); Type 2 AC (22 kW); Bharat DC-001 (15 kW),24/7 Security; Dining / Cafe; EV Signs; Parking; Restroom
STN-IND-0587,"Dakshin Motors, NH - 4",Public EV Network,Karnataka,Hiriyur,"NH-4 , Pattrehalli adivala village, Hiriyur- 577598",13.924115,76.640008,Dual AC/DC Fast,Fast,30,415V AC / 400V DC,24/7 Always Open,₹15 - ₹19 / kWh,4,1,3,0,Available,CCS-2 (30 kW DC); Type 2 AC (22 kW); Bharat DC-001 (15 kW),24/7 Security; EV Signs; Parking
STN-IND-0588,"IOCL - KOORAPATI SERVICE STATION, Tirupati",IOCL Green,Andhra Pradesh,Tirupati,"TIRUPATI URBAN AND MANDAL Air bye-pass road. Tirupati, Chittoor Dist ANDHRA PRADESH",13.62071,79.382815,Dual AC/DC Fast,Fast,30,415V AC / 400V DC,24/7 Always Open,₹15 - ₹19 / kWh,4,2,1,1,Available,CCS-2 (30 kW DC); Type 2 AC (22 kW); Bharat DC-001 (15 kW),24/7 Security; Air Pump; Convenience Store; EV Signs; Parking; Restroom
STN-IND-0589,"IOCL - Sai Krupa Filling Station, SH 26",IOCL Green,Andhra Pradesh,Anantapur,"SH 26, Vajrakarur to Guntakal Road SURVEY No.401-AIu00e2u0080u008b, Anantapur Dist. ANDHRA PRADESH,515722",15.146297,77.377456,Dual AC/DC Fast,Fast,30,415V AC / 400V DC,24/7 Always Open,₹15 - ₹19 / kWh,4,2,2,0,Available,CCS-2 (30 kW DC); Type 2 AC (22 kW); Bharat DC-001 (15 kW),24/7 Security; Air Pump; Convenience Store; EV Signs; Parking; Restroom
STN-IND-0590,"IOCL - PIONEER AUTO SERVICE, Bagdogara",IOCL Green,West Bengal,Darjeeling,BAGDOGRA PO: BAGDOGRA DT: DARJEELING; West Bengal PIN: 734422,26.700603,88.329352,Dual AC/DC Fast,Fast,30,415V AC / 400V DC,24/7 Always Open,₹15 - ₹19 / kWh,4,4,0,0,Available,CCS-2 (30 kW DC); Type 2 AC (22 kW); Bharat DC-001 (15 kW),24/7 Security; Air Pump; Convenience Store; EV Signs; Parking; Restroom
STN-IND-0591,"Goyal Coal Sizing, Pendridih",Public EV Network,Chhattisgarh,Bilaspur,"Village: Sara Pendridih Seepat, Bilaspur By-Pass, Chhattisgarh 495330",22.013661,82.048799,Dual AC/DC Fast,Fast,30,415V AC / 400V DC,24/7 Always Open,₹15 - ₹19 / kWh,4,3,1,0,Available,CCS-2 (30 kW DC); Type 2 AC (22 kW); Bharat DC-001 (15 kW),24/7 Security; EV Signs; Parking
STN-IND-0592,"Mr. Lalit Jenau00e2u0080u0098s Site, Panikoili",Public EV Network,Rajasthan,Jajpur,"Beside Prasanta Filling Station(BPCL), Plot 1632, Mouza, Baliposi, PO: Baliposi, PS: Sathipur, Panikoili District, Jajpur 755025",20.923831,86.249428,Dual AC/DC Fast,Fast,30,415V AC / 400V DC,24/7 Always Open,₹15 - ₹19 / kWh,4,1,3,0,Available,CCS-2 (30 kW DC); Type 2 AC (22 kW); Bharat DC-001 (15 kW),24/7 Security; Air Pump; Convenience Store; EV Signs; Parking; Restroom
STN-IND-0593,"Prince Guest House & Restaurant, Transport Nagar",Public EV Network,Chhattisgarh,Raipur,"In front of Parking No 6 Transport Nagar, Rawa bata, Raipur, Chhattisgarh 492003",21.319443,81.637297,Dual AC/DC Fast,Fast,30,415V AC / 400V DC,09:00 AM - 11:00 PM,₹15 - ₹19 / kWh,4,2,1,1,Available,CCS-2 (30 kW DC); Type 2 AC (22 kW); Bharat DC-001 (15 kW),Dining / Cafe; EV Signs; Parking; Restroom
STN-IND-0594,"Sasya Auto Cars, Bellari X Roads - NH 44",Public EV Network,Andhra Pradesh,Kurnool,"Renault Showroom, 45/142-70-5-B, NH44 Near APSP 2nd Battallion, Bellari X Roads, Kurnool, Andhra Pradesh 518003",15.830566,78.017989,Dual AC/DC Fast,Fast,30,415V AC / 400V DC,24/7 Always Open,₹15 - ₹19 / kWh,4,2,2,0,Available,CCS-2 (30 kW DC); Type 2 AC (22 kW); Bharat DC-001 (15 kW),24/7 Security; EV Signs; Parking
STN-IND-0595,"Sasya Automotives, Near EENADU Office - NH 44",Public EV Network,Andhra Pradesh,Kurnool,"Isuzu Showroom, Survey No-131-1 & 133-1A NH44 Near EENADU Office, Kurnool, Andhra Pradesh 518003",15.849864,78.0045,Dual AC/DC Fast,Fast,30,415V AC / 400V DC,24/7 Always Open,₹15 - ₹19 / kWh,4,4,0,0,Available,CCS-2 (30 kW DC); Type 2 AC (22 kW); Bharat DC-001 (15 kW),24/7 Security; EV Signs; Parking
STN-IND-0596,"HPCL - Badarpur Service Station, Gazipur",HPCL Energy,Uttar Pradesh,New Delhi,"Integrated Freight Complex, Mayur Vihar Phase III, Gharoli, Delhi, Uttar Pradesh 110096",28.619702,77.341184,Dual AC/DC Fast,Fast,30,415V AC / 400V DC,24/7 Always Open,₹15 - ₹19 / kWh,4,3,1,0,Available,CCS-2 (30 kW DC); Type 2 AC (22 kW); Bharat DC-001 (15 kW),24/7 Security; ATM; Air Pump; Convenience Store; EV Signs; Parking; Restroom; Shopping Mall; Wi-Fi
STN-IND-0597,"Sree Gokulam Motors, Kattuppakkam",Public EV Network,Tamil Nadu,Chennai,"no 2/232, Mount ponamalle road,Swaminatha nagar, Pushpa Nagar, Kattupakkam, Chennai - 600056",13.041725,80.125821,Dual AC/DC Fast,Fast,30,415V AC / 400V DC,24/7 Always Open,₹15 - ₹19 / kWh,4,1,3,0,Available,CCS-2 (30 kW DC); Type 2 AC (22 kW); Bharat DC-001 (15 kW),24/7 Security; ATM; Air Pump; Convenience Store; EV Signs; Parking; Restroom; Shopping Mall; Wi-Fi
STN-IND-0598,"Malayalam Vehicles, Aluva",Public EV Network,Kerala,Aluva,"Building No 18/615/1, 615/2 Sy No 176/2, 176/3, Aluva West, near Pulichode Signal, Kerala 683101",10.099967,76.347684,Dual AC/DC Fast,Fast,30,415V AC / 400V DC,24/7 Always Open,₹15 - ₹19 / kWh,4,2,1,1,Available,CCS-2 (30 kW DC); Type 2 AC (22 kW); Bharat DC-001 (15 kW),24/7 Security; EV Signs; Parking
STN-IND-0599,"Malayalam Vehicles, Vytila",Public EV Network,Kerala,Kochi,"Sharon Tower, No 52/3171, 3172, opposite Salafi Masjid, Vyttila, Ernakulam, Kerala 682019",9.964434,76.318496,Dual AC/DC Fast,Fast,30,415V AC / 400V DC,24/7 Always Open,₹15 - ₹19 / kWh,4,2,2,0,Available,CCS-2 (30 kW DC); Type 2 AC (22 kW); Bharat DC-001 (15 kW),24/7 Security; ATM; EV Signs; Parking; Restroom; Shopping Mall; Wi-Fi
STN-IND-0600,"Taj Hotels Chikmagalur, KM Road",Public EV Network,Karnataka,Chikmagalur,"KM Road - Jyothi Nagar post, Chikmagalur- 577102",13.336628,75.817878,Dual AC/DC Fast,Fast,30,415V AC / 400V DC,24/7 Always Open,₹15 - ₹19 / kWh,4,4,0,0,Available,CCS-2 (30 kW DC); Type 2 AC (22 kW); Bharat DC-001 (15 kW),24/7 Security; Dining / Cafe; EV Signs; Parking; Restroom
STN-IND-0601,"PNR Function Hall, Chennai-Ballary Highway",Public EV Network,Andhra Pradesh,Proddatur,"D No 7/3109 Sy No 622, Beside IOCL petrol pump, Korrapadu Road, Andhrakesari Nagar, Proddatur Municipality, Andhra Pradesh 516360",14.752992,78.555077,Dual AC/DC Fast,Fast,30,415V AC / 400V DC,24/7 Always Open,₹15 - ₹19 / kWh,4,3,1,0,Available,CCS-2 (30 kW DC); Type 2 AC (22 kW); Bharat DC-001 (15 kW),24/7 Security; Air Pump; Convenience Store; EV Signs; Parking; Restroom
STN-IND-0602,"DLF - The Crest, Sec 43",Public EV Network,Haryana,Gurugram,"DLF Phase 5, Sector 43, Gurugram, Haryana 122002",28.44382,77.111725,Dual AC/DC Fast,Fast,30,415V AC / 400V DC,24/7 Always Open,₹15 - ₹19 / kWh,4,1,3,0,Available,CCS-2 (30 kW DC); Type 2 AC (22 kW); Bharat DC-001 (15 kW),24/7 Security; EV Signs; Parking
STN-IND-0603,"The Gateway Hotel, Ambad",Public EV Network,Maharashtra,Nashik,"Ambad, Nashik, Maharashtra-422010",19.959452,73.759105,Dual AC/DC Fast,Fast,30,415V AC / 400V DC,24/7 Always Open,₹15 - ₹19 / kWh,4,2,1,1,Available,CCS-2 (30 kW DC); Type 2 AC (22 kW); Bharat DC-001 (15 kW),24/7 Security; Dining / Cafe; EV Signs; Parking; Restroom
STN-IND-0604,"AB Infra Limited, old MIDC",Public EV Network,Maharashtra,Latur,"Plot No- F-54, old MIDC, Latur- 413531",18.415983,76.53563,Dual AC/DC Fast,Fast,30,415V AC / 400V DC,24/7 Always Open,₹15 - ₹19 / kWh,4,2,2,0,Available,CCS-2 (30 kW DC); Type 2 AC (22 kW); Bharat DC-001 (15 kW),24/7 Security; EV Signs; Parking
STN-IND-0605,"Hansa Motors, Buttibori",Public EV Network,Maharashtra,Nagpur,"NH 07, Plot no-X-273, Near Rajnayan Petrol Pump, Buttibori, Nagpur-441122",20.928621,79.001812,Dual AC/DC Fast,Fast,30,415V AC / 400V DC,24/7 Always Open,₹15 - ₹19 / kWh,4,4,0,0,Available,CCS-2 (30 kW DC); Type 2 AC (22 kW); Bharat DC-001 (15 kW),24/7 Security; Air Pump; Convenience Store; EV Signs; Parking; Restroom
STN-IND-0606,IOCL - Tyagi Brothers Service Station,IOCL Green,Uttar Pradesh,Ghaziabad,"IOCL on Ghaziabad bulandshahar Road, Stone No 26. 850 Vill Chhapraula Distt GB Nagar",28.619548,77.483818,Dual AC/DC Fast,Fast,30,415V AC / 400V DC,24/7 Always Open,₹15 - ₹19 / kWh,4,3,1,0,Available,CCS-2 (30 kW DC); Type 2 AC (22 kW); Bharat DC-001 (15 kW),24/7 Security; Air Pump; Convenience Store; EV Signs; Parking; Restroom
STN-IND-0607,IOCL - Vibhor S Station,IOCL Green,Uttar Pradesh,Ghaziabad,IOCL on Ghaziabad - Hapur  Road (NH-24) At Mauza Garhmukhteshwar Near KM Stone No. 87 Dist Ghaziabad (UP),28.771212,78.097685,Dual AC/DC Fast,Fast,30,415V AC / 400V DC,24/7 Always Open,₹15 - ₹19 / kWh,4,1,3,0,Available,CCS-2 (30 kW DC); Type 2 AC (22 kW); Bharat DC-001 (15 kW),24/7 Security; Air Pump; Convenience Store; EV Signs; Parking; Restroom
STN-IND-0608,IOCL - AAUI Service Station,IOCL Green,Delhi,New Delhi,IOCL at Plot No 1 I P Estate Ring Road New Delhi,28.617966,77.248789,Dual AC/DC Fast,Fast,30,415V AC / 400V DC,24/7 Always Open,₹15 - ₹19 / kWh,4,2,1,1,Available,CCS-2 (30 kW DC); Type 2 AC (22 kW); Bharat DC-001 (15 kW),24/7 Security; Air Pump; Convenience Store; EV Signs; Parking; Restroom
STN-IND-0609,IOCL - Agarwal  Service Station,IOCL Green,Uttar Pradesh,Muzaffarnagar,"IOCL on Khatauli Near KM Stone NO 15.5  On NH -58 Meerut/ Delhi  Muzzaffarnagar Road, Khasra No 1745/0752, Dist Muzaffarnagar, State UP",29.411835,77.700672,Dual AC/DC Fast,Fast,30,415V AC / 400V DC,24/7 Always Open,₹15 - ₹19 / kWh,4,2,2,0,Available,CCS-2 (30 kW DC); Type 2 AC (22 kW); Bharat DC-001 (15 kW),24/7 Security; Air Pump; Convenience Store; EV Signs; Parking; Restroom
STN-IND-0610,"Hotel Suba International, Andheri East",Public EV Network,Maharashtra,Mumbai,"Saharu00c2u00a0 Road, Near Cigarret Factory, Chakala, Andheri East Mumbai 400099",19.106317,72.860322,Dual AC/DC Fast,Fast,30,415V AC / 400V DC,24/7 Always Open,₹15 - ₹19 / kWh,4,4,0,0,Available,CCS-2 (30 kW DC); Type 2 AC (22 kW); Bharat DC-001 (15 kW),24/7 Security; Dining / Cafe; EV Signs; Parking; Restroom
STN-IND-0611,"Hotel Suba Galaxy, Andheri East",Public EV Network,Maharashtra,Mumbai,"NS Phadake Marg, Opp Teli galli,Near Eastern expres Highway, Andheri East Mumbai 400069u00c2u00a0",19.114241,72.851877,Dual AC/DC Fast,Fast,30,415V AC / 400V DC,24/7 Always Open,₹15 - ₹19 / kWh,4,3,1,0,Available,CCS-2 (30 kW DC); Type 2 AC (22 kW); Bharat DC-001 (15 kW),24/7 Security; Dining / Cafe; EV Signs; Parking; Restroom
STN-IND-0612,"Hotel Suba Palace, Fort",Public EV Network,Maharashtra,Mumbai,"Apppllo Bunder Road, Near Gate way of India, fortu00c2u00a0 Mumbai 400039",18.924121,72.832815,Dual AC/DC Fast,Fast,30,415V AC / 400V DC,24/7 Always Open,₹15 - ₹19 / kWh,4,1,3,0,Available,CCS-2 (30 kW DC); Type 2 AC (22 kW); Bharat DC-001 (15 kW),24/7 Security; Dining / Cafe; EV Signs; Parking; Restroom
STN-IND-0613,"Hotel Suba Grand, Dahej",Public EV Network,Gujarat,Bharuch,"jolva village , dahej, bharuch ,State u00e2u0080u0093 24 Gujarat 392135",21.716411,72.656298,Dual AC/DC Fast,Fast,30,415V AC / 400V DC,24/7 Always Open,₹15 - ₹19 / kWh,4,2,1,1,Available,CCS-2 (30 kW DC); Type 2 AC (22 kW); Bharat DC-001 (15 kW),24/7 Security; Dining / Cafe; EV Signs; Parking; Restroom
STN-IND-0614,"Hotel Suba Elite, Fatehganj Main Road",Public EV Network,Gujarat,Vadodara,"near Parsi Agiyari , Fatehganj Main Road, Vadodara u00e2u0080u0093 390 002 Gujarat 390002",22.320583,73.188378,Dual AC/DC Fast,Fast,30,415V AC / 400V DC,24/7 Always Open,₹15 - ₹19 / kWh,4,2,2,0,Available,CCS-2 (30 kW DC); Type 2 AC (22 kW); Bharat DC-001 (15 kW),24/7 Security; Dining / Cafe; EV Signs; Parking; Restroom
STN-IND-0615,"Click Hotel, Rane Nagar",Public EV Network,Maharashtra,Nashik,"904, Mumbai - Agra National Hwy, opposite Orchid International, Rane Nagar, Nashik, Maharashtra 422009, India",19.962547,73.765296,Dual AC/DC Fast,Fast,30,415V AC / 400V DC,24/7 Always Open,₹15 - ₹19 / kWh,4,4,0,0,Available,CCS-2 (30 kW DC); Type 2 AC (22 kW); Bharat DC-001 (15 kW),24/7 Security; Dining / Cafe; EV Signs; Parking; Restroom
STN-IND-0616,"Click Hotel, Raja Park",Public EV Network,Rajasthan,Jaipur,"Udai Marg, Raja Park, Jaipur, Rajasthan 302007",26.892351,75.825707,Dual AC/DC Fast,Fast,30,415V AC / 400V DC,24/7 Always Open,₹15 - ₹19 / kWh,4,3,1,0,Available,CCS-2 (30 kW DC); Type 2 AC (22 kW); Bharat DC-001 (15 kW),24/7 Security; Dining / Cafe; EV Signs; Parking; Restroom
STN-IND-0617,"Click Hotel, Cidco",Public EV Network,Maharashtra,Aurangabad,"Phulambri - Sillod Rd, Hudco, Yadav Nagar, N 11, Cidco, Aurangabad, Maharashtra 431003",19.911613,75.348291,Dual AC/DC Fast,Fast,30,415V AC / 400V DC,24/7 Always Open,₹15 - ₹19 / kWh,4,1,3,0,Available,CCS-2 (30 kW DC); Type 2 AC (22 kW); Bharat DC-001 (15 kW),24/7 Security; Dining / Cafe; EV Signs; Parking; Restroom
STN-IND-0618,"Click Hotel, Junagadh",Public EV Network,Gujarat,Junagadh,"Near Railway Station,Junagadh, Gujratu00c2u00a0u00c2u00a0 362001",21.52841,70.458458,Dual AC/DC Fast,Fast,30,415V AC / 400V DC,24/7 Always Open,₹15 - ₹19 / kWh,4,2,1,1,Available,CCS-2 (30 kW DC); Type 2 AC (22 kW); Bharat DC-001 (15 kW),24/7 Security; Dining / Cafe; EV Signs; Parking; Restroom
STN-IND-0619,"Click Hotel, Bhuj",Public EV Network,Gujarat,Bhuj,"opp. Bhuj railway compound,Bhuj, Gujarat 370001",23.265533,69.678673,Dual AC/DC Fast,Fast,30,415V AC / 400V DC,24/7 Always Open,₹15 - ₹19 / kWh,4,2,2,0,Available,CCS-2 (30 kW DC); Type 2 AC (22 kW); Bharat DC-001 (15 kW),24/7 Security; Dining / Cafe; EV Signs; Parking; Restroom
STN-IND-0620,"Devarana, Delhi-Dehradun Highway",Public EV Network,Uttar Pradesh,Muzaffarnagar,"Devrana, Delhi Dehradun Highway NH58, Muzaffarnagar, UP 251203",29.331318,77.721274,Dual AC/DC Fast,Fast,30,415V AC / 400V DC,24/7 Always Open,₹15 - ₹19 / kWh,4,4,0,0,Available,CCS-2 (30 kW DC); Type 2 AC (22 kW); Bharat DC-001 (15 kW),24/7 Security; EV Signs; Parking
STN-IND-0621,"Roshan Motors, Shahpura",HPCL Energy,Rajasthan,Shahpura,"Roshan Motors, NH-8 Neelka, district, Shahpura, Rajasthan, Pin-303119",27.491462,76.053008,Dual AC/DC Fast,Fast,30,415V AC / 400V DC,24/7 Always Open,₹15 - ₹19 / kWh,4,3,1,0,Available,CCS-2 (30 kW DC); Type 2 AC (22 kW); Bharat DC-001 (15 kW),24/7 Security; Air Pump; Convenience Store; EV Signs; Parking; Restroom
STN-IND-0622,"Gardenia SPA & Resort, Sec 11",Public EV Network,Uttarakhand,Haridwar,Plot No 1 Sector 11 SIDCUL Haridwar Uttarakhand -249403,29.951239,78.075913,Dual AC/DC Fast,Fast,30,415V AC / 400V DC,24/7 Always Open,₹15 - ₹19 / kWh,4,1,3,0,Available,CCS-2 (30 kW DC); Type 2 AC (22 kW); Bharat DC-001 (15 kW),24/7 Security; Dining / Cafe; EV Signs; Parking; Restroom
STN-IND-0623,"Hotel Flora, Shivalik Nagar",Public EV Network,Uttarakhand,Haridwar,"M3, M4  Shivalik Nagar Haridwar Uttarakhand -249403",29.927688,78.064868,Dual AC/DC Fast,Fast,30,415V AC / 400V DC,24/7 Always Open,₹15 - ₹19 / kWh,4,2,1,1,Available,CCS-2 (30 kW DC); Type 2 AC (22 kW); Bharat DC-001 (15 kW),24/7 Security; Dining / Cafe; EV Signs; Parking; Restroom
STN-IND-0624,"Misty Mountain Teyla, Peermade",Public EV Network,Kerala,Kuttikkanam,"HXJC+526, Peermade, Kuttikkanam, Kerala 685531",9.58028,76.970186,Dual AC/DC Fast,Fast,30,415V AC / 400V DC,24/7 Always Open,₹15 - ₹19 / kWh,4,2,2,0,Available,CCS-2 (30 kW DC); Type 2 AC (22 kW); Bharat DC-001 (15 kW),24/7 Security; EV Signs; Parking
STN-IND-0625,"Click Collection, Sindhi Camp",Public EV Network,Rajasthan,Jaipur,"Plot No 1, 2, opposite Polovictory Cinema, Sindhi Camp, Jaipur, Rajasthan 302001",26.920617,75.797517,Dual AC/DC Fast,Fast,30,415V AC / 400V DC,24/7 Always Open,₹15 - ₹19 / kWh,4,4,0,0,Available,CCS-2 (30 kW DC); Type 2 AC (22 kW); Bharat DC-001 (15 kW),24/7 Security; EV Signs; Parking
STN-IND-0626,"Sree Venkateswara Motors, Dasnapur",Public EV Network,Telangana,Adilabad,"Plot No 8, Survey no - 21/4, industrial area, Dasnapur, Adilabad u00e2u0080u0093 504001",19.656025,78.52951,Dual AC/DC Fast,Fast,30,415V AC / 400V DC,24/7 Always Open,₹15 - ₹19 / kWh,4,3,1,0,Available,CCS-2 (30 kW DC); Type 2 AC (22 kW); Bharat DC-001 (15 kW),24/7 Security; EV Signs; Parking
STN-IND-0627,Volltic DCS06,Public EV Network,Karnataka,Bengaluru,"GF, 11F Salarpuria GR Tech Park, Khatha No 69/3, Mahadevapura CMC Ground-8 &10 FL, Whitefield Road, Bengaluru, Karnataka 560066",12.984523,77.743239,DC Fast Charger,Superfast,50,400V - 800V DC,24/7 Always Open,₹18 - ₹22 / kWh,4,1,3,0,Available,CCS-2 (60 kW DC); CHAdeMO (50 kW DC); Bharat DC-001 (15 kW),24/7 Security; EV Signs; Parking
STN-IND-0628,Volltic DCS01,Public EV Network,Karnataka,Bengaluru,"infosys limited, Konappana Agrahara, Electronic City, Bengaluru, Karnataka 560100",12.851903,77.666622,DC Fast Charger,Superfast,50,400V - 800V DC,24/7 Always Open,₹18 - ₹22 / kWh,4,2,1,1,Available,CCS-2 (60 kW DC); CHAdeMO (50 kW DC); Bharat DC-001 (15 kW),24/7 Security; EV Signs; Parking
STN-IND-0629,Volltic DCS012,Public EV Network,Karnataka,Bengaluru,"Tesco Campus Rd, Nallurhalli, Whitefield, Bengaluru, Karnataka 560066",12.977202,77.729745,DC Fast Charger,Superfast,50,400V - 800V DC,24/7 Always Open,₹18 - ₹22 / kWh,4,2,2,0,Available,CCS-2 (60 kW DC); CHAdeMO (50 kW DC); Bharat DC-001 (15 kW),24/7 Security; EV Signs; Parking
STN-IND-0630,Volltic DCS015,Public EV Network,Karnataka,Bengaluru,"E-Zone Club, No, 23/24, Outer Ring Rd, Chinnapannahalli, Marathahalli, Bengaluru, Karnataka 560037",12.963651,77.702959,DC Fast Charger,Superfast,50,400V - 800V DC,24/7 Always Open,₹18 - ₹22 / kWh,4,4,0,0,Available,CCS-2 (60 kW DC); CHAdeMO (50 kW DC); Bharat DC-001 (15 kW),24/7 Security; EV Signs; Parking
STN-IND-0631,Volltic DCS017,Public EV Network,Karnataka,Bengaluru,"117 & 118, Divyasree Technopark Main Rd, EPIP Zone, Whitefield, Bengaluru, Karnataka 560066",12.969869,77.725217,DC Fast Charger,Superfast,50,400V - 800V DC,24/7 Always Open,₹18 - ₹22 / kWh,4,3,1,0,Available,CCS-2 (60 kW DC); CHAdeMO (50 kW DC); Bharat DC-001 (15 kW),24/7 Security; EV Signs; Parking
STN-IND-0632,Volltic DCS02,Public EV Network,Karnataka,Bengaluru,"Prestige Tech Park, 8th Floor, Etamin Block, Marathahalli - Sarjapur Outer Ring Rd, 2, Kadubeesanahalli, Bengaluru, Karnataka 560103",12.943409,77.690415,DC Fast Charger,Superfast,50,400V - 800V DC,24/7 Always Open,₹18 - ₹22 / kWh,4,1,3,0,Available,CCS-2 (60 kW DC); CHAdeMO (50 kW DC); Bharat DC-001 (15 kW),24/7 Security; EV Signs; Parking
STN-IND-0633,Volltic DCS09,Public EV Network,Karnataka,Bengaluru,"Embassy Golf Links Business Park, Challaghatta, Bengaluru, Karnataka 560071",12.947248,77.644712,DC Fast Charger,Superfast,50,400V - 800V DC,24/7 Always Open,₹18 - ₹22 / kWh,4,2,1,1,Available,CCS-2 (60 kW DC); CHAdeMO (50 kW DC); Bharat DC-001 (15 kW),24/7 Security; EV Signs; Parking
STN-IND-0634,Volltic DCS018,Public EV Network,Karnataka,Bellary,"Siri enterprises,Post Box No. 9, District Bellary, Toranagallu, Karnataka 583275",15.184466,76.662762,DC Fast Charger,Superfast,50,400V - 800V DC,24/7 Always Open,₹18 - ₹22 / kWh,4,2,2,0,Available,CCS-2 (60 kW DC); CHAdeMO (50 kW DC); Bharat DC-001 (15 kW),24/7 Security; EV Signs; Parking
STN-IND-0635,Volltic DCS03,Public EV Network,Haryana,Gurugram,"Baba mallah plot, near lakshya tent house, village wazirabad, sector 52, gurgaon, haryana",28.255472,77.05044,DC Fast Charger,Superfast,50,400V - 800V DC,24/7 Always Open,₹18 - ₹22 / kWh,4,4,0,0,Available,CCS-2 (60 kW DC); CHAdeMO (50 kW DC); Bharat DC-001 (15 kW),24/7 Security; ATM; EV Signs; Parking; Restroom; Shopping Mall; Wi-Fi
STN-IND-0636,Volltic PCS01,Public EV Network,Haryana,Gurugram,"285, Baharampur Naya Marg, Baharampur Naya, Sector 61, Gurugram, Haryana 122011",28.405015,77.092667,DC Fast Charger,Superfast,50,400V - 800V DC,24/7 Always Open,₹18 - ₹22 / kWh,4,3,1,0,Available,CCS-2 (60 kW DC); CHAdeMO (50 kW DC); Bharat DC-001 (15 kW),24/7 Security; EV Signs; Parking
STN-IND-0637,Volltic DCS04,Public EV Network,Haryana,Gurugram,"Vatika City, Block W, sector 49, gurgaon, Haryana",28.405964,77.045096,DC Fast Charger,Superfast,50,400V - 800V DC,24/7 Always Open,₹18 - ₹22 / kWh,4,1,3,0,Available,CCS-2 (60 kW DC); CHAdeMO (50 kW DC); Bharat DC-001 (15 kW),24/7 Security; EV Signs; Parking
STN-IND-0638,Volltic DCS05,Public EV Network,Haryana,Gurugram,"Building no. 9, Candor TechSpace, IT/ITES SEZ, Tikri, Sector 48, Gurugram, Haryana 122018",28.424877,77.031013,DC Fast Charger,Superfast,50,400V - 800V DC,24/7 Always Open,₹18 - ₹22 / kWh,4,2,1,1,Available,CCS-2 (60 kW DC); CHAdeMO (50 kW DC); Bharat DC-001 (15 kW),24/7 Security; EV Signs; Parking
STN-IND-0639,Volltic DCS011,Public EV Network,Haryana,Gurugram,"Institutional Area, Sector 32, Gurugram, Haryana 122018",28.445883,77.040601,DC Fast Charger,Superfast,50,400V - 800V DC,24/7 Always Open,₹18 - ₹22 / kWh,4,2,2,0,Available,CCS-2 (60 kW DC); CHAdeMO (50 kW DC); Bharat DC-001 (15 kW),24/7 Security; EV Signs; Parking
STN-IND-0640,Volltic HR001,Public EV Network,Haryana,Gurugram,"Plot No u0096 283, Sector u0096 7, IMT Manesar, Gurugram, Haryana 122050",28.374808,76.910542,DC Fast Charger,Superfast,50,400V - 800V DC,24/7 Always Open,₹18 - ₹22 / kWh,4,4,0,0,Available,CCS-2 (60 kW DC); CHAdeMO (50 kW DC); Bharat DC-001 (15 kW),24/7 Security; EV Signs; Parking
STN-IND-0641,Volltic DCS016,Public EV Network,Telangana,Hyderabad,"Waverock, Virtusa Polaris, Financial District, Nanakaramguda, Telangana 500032",17.418164,78.346651,DC Fast Charger,Superfast,50,400V - 800V DC,24/7 Always Open,₹18 - ₹22 / kWh,4,3,1,0,Available,CCS-2 (60 kW DC); CHAdeMO (50 kW DC); Bharat DC-001 (15 kW),24/7 Security; EV Signs; Parking
STN-IND-0642,Volltic PCS03,Public EV Network,Maharashtra,Indore,"Paschim vidyut vitran co Ltd, GPH compound, Indore, Pologround,madhya pradesh",22.737782,75.861283,DC Fast Charger,Superfast,50,400V - 800V DC,24/7 Always Open,₹18 - ₹22 / kWh,4,1,3,0,Available,CCS-2 (60 kW DC); CHAdeMO (50 kW DC); Bharat DC-001 (15 kW),24/7 Security; EV Signs; Parking
STN-IND-0643,Volltic PCS04,Public EV Network,Maharashtra,Mumbai,"Gala No14 A, KBM compound, military road, raje shivaji nagar, marol, andheri east, 400072",19.120125,72.887248,DC Fast Charger,Superfast,50,400V - 800V DC,24/7 Always Open,₹18 - ₹22 / kWh,4,2,1,1,Available,CCS-2 (60 kW DC); CHAdeMO (50 kW DC); Bharat DC-001 (15 kW),24/7 Security; EV Signs; Parking
STN-IND-0644,Volltic DCS08,Public EV Network,Delhi,New Delhi,"Golden Ikon Fleet Management, Iffco chowk delhi",28.523608,77.083215,DC Fast Charger,Superfast,50,400V - 800V DC,24/7 Always Open,₹18 - ₹22 / kWh,4,2,2,0,Available,CCS-2 (60 kW DC); CHAdeMO (50 kW DC); Bharat DC-001 (15 kW),24/7 Security; EV Signs; Parking
STN-IND-0645,Volltic DCS014,Public EV Network,Uttar Pradesh,Noida,"139,140 Noida special economic zone, A block, Phase 2, Noida, Uttar pradesh",28.544983,77.39461,DC Fast Charger,Superfast,50,400V - 800V DC,24/7 Always Open,₹18 - ₹22 / kWh,4,4,0,0,Available,CCS-2 (60 kW DC); CHAdeMO (50 kW DC); Bharat DC-001 (15 kW),24/7 Security; EV Signs; Parking
STN-IND-0646,Volltic UJ001,Public EV Network,Madhya Pradesh,Ujjain,"8 Ghatkarpar Marg, above Mayank Traders, Madhav Nagar, Ujjain, Madhya Pradesh 456001",23.179326,75.784377,DC Fast Charger,Superfast,50,400V - 800V DC,24/7 Always Open,₹18 - ₹22 / kWh,4,3,1,0,Available,CCS-2 (60 kW DC); CHAdeMO (50 kW DC); Bharat DC-001 (15 kW),24/7 Security; EV Signs; Parking
STN-IND-0647,BYPL Patparganj,Public EV Network,Delhi,New Delhi,"Near Swati Apartment, Mother Dairy Marg, I.P.Extension, Mandawali, New Delhi, Delhi 110092",28.630531,77.292698,DC Fast Charger,Superfast,50,400V - 800V DC,24/7 Always Open,₹18 - ₹22 / kWh,4,1,3,0,Available,CCS-2 (60 kW DC); CHAdeMO (50 kW DC); Bharat DC-001 (15 kW),24/7 Security; EV Signs; Parking
STN-IND-0648,DLF Gateway Charging Station,Public EV Network,Haryana,Gurugram,"IndusInd Metro Station, DLF Cyber City, DLF Phase 2, Sector 24, Gurugram, Haryana 122022",28.49808,77.091169,DC Fast Charger,Superfast,50,400V - 800V DC,24/7 Always Open,₹18 - ₹22 / kWh,4,2,1,1,Available,CCS-2 (60 kW DC); CHAdeMO (50 kW DC); Bharat DC-001 (15 kW),24/7 Security; EV Signs; Parking
STN-IND-0649,Shree Siddhi Vinayak Indian Oil Petrol Pump,IOCL Green,Gujarat,Ahmedabad,"Shree Siddhi Vinayak Indian Oil Petroleum Judges Bangla, Satya Marg, Bodakdev, Ahmedabad, Gujrat",23.044304,72.517677,DC Fast Charger,Superfast,50,400V - 800V DC,24/7 Always Open,₹18 - ₹22 / kWh,4,2,2,0,Available,CCS-2 (60 kW DC); CHAdeMO (50 kW DC); Bharat DC-001 (15 kW),24/7 Security; Air Pump; Convenience Store; EV Signs; Parking; Restroom
STN-IND-0650,COCO Vejalpur Ahmedabad,Public EV Network,Gujarat,Ahmedabad,"Next to Sachin Towers, shyamal Cross Roads, Anand nagar Cross Roads, Ahmedabad, Gujrat",23.013039,72.524216,DC Fast Charger,Superfast,50,400V - 800V DC,24/7 Always Open,₹18 - ₹22 / kWh,4,4,0,0,Available,CCS-2 (60 kW DC); CHAdeMO (50 kW DC); Bharat DC-001 (15 kW),24/7 Security; ATM; EV Signs; Parking; Restroom; Shopping Mall; Wi-Fi
STN-IND-0651,EESL yelahanka,Public EV Network,Karnataka,Bengaluru,"Singanayakanahalli, Bangalore, State Highway 9, Yelahanka Rd, Yelahanka, Karnataka 560064",13.152806,77.56897,DC Fast Charger,Superfast,50,400V - 800V DC,24/7 Always Open,₹18 - ₹22 / kWh,4,3,1,0,Available,CCS-2 (60 kW DC); CHAdeMO (50 kW DC); Bharat DC-001 (15 kW),24/7 Security; EV Signs; Parking
STN-IND-0652,BESCOM HSR Layout,Public EV Network,Karnataka,Bengaluru,"HSR Layout Bengaluru, Karnataka - 560001",12.911365,77.648946,DC Fast Charger,Superfast,50,400V - 800V DC,24/7 Always Open,₹18 - ₹22 / kWh,4,1,3,0,Available,CCS-2 (60 kW DC); CHAdeMO (50 kW DC); Bharat DC-001 (15 kW),24/7 Security; EV Signs; Parking
STN-IND-0653,BESCOM BTM Layout,Public EV Network,Karnataka,Bengaluru,"BTM Layout Bengaluru, Karnataka - 560001",12.916948,77.610212,DC Fast Charger,Superfast,50,400V - 800V DC,24/7 Always Open,₹18 - ₹22 / kWh,4,2,1,1,Available,CCS-2 (60 kW DC); CHAdeMO (50 kW DC); Bharat DC-001 (15 kW),24/7 Security; EV Signs; Parking
STN-IND-0654,BESCOM Murugeshpalya,HPCL Energy,Karnataka,Bengaluru,"Murugeshpalya Bengaluru, Karnataka - 560001",12.959032,77.663556,DC Fast Charger,Superfast,50,400V - 800V DC,24/7 Always Open,₹18 - ₹22 / kWh,4,2,2,0,Available,CCS-2 (60 kW DC); CHAdeMO (50 kW DC); Bharat DC-001 (15 kW),24/7 Security; Air Pump; Convenience Store; EV Signs; Parking; Restroom
STN-IND-0655,BESCOM Indiranagar,Public EV Network,Karnataka,Bengaluru,"Bengaluru, Karnataka 560001",12.964421,77.644132,DC Fast Charger,Superfast,50,400V - 800V DC,24/7 Always Open,₹18 - ₹22 / kWh,4,4,0,0,Available,CCS-2 (60 kW DC); CHAdeMO (50 kW DC); Bharat DC-001 (15 kW),24/7 Security; EV Signs; Parking
STN-IND-0656,BESCOM Katriguppe,Public EV Network,Karnataka,Bengaluru,"Katriguppe, Bengaluru, Karnataka - 560001",12.926063,77.547841,DC Fast Charger,Superfast,50,400V - 800V DC,24/7 Always Open,₹18 - ₹22 / kWh,4,3,1,0,Available,CCS-2 (60 kW DC); CHAdeMO (50 kW DC); Bharat DC-001 (15 kW),24/7 Security; EV Signs; Parking
STN-IND-0657,BESCOM Byatarayanapura,Public EV Network,Karnataka,Bengaluru,"Byatarayanapura, Bengaluru, Karnataka - 560001",12.949808,77.540762,DC Fast Charger,Superfast,50,400V - 800V DC,24/7 Always Open,₹18 - ₹22 / kWh,4,1,3,0,Available,CCS-2 (60 kW DC); CHAdeMO (50 kW DC); Bharat DC-001 (15 kW),24/7 Security; EV Signs; Parking
STN-IND-0658,BESCOM Corporate Office,Public EV Network,Karnataka,Bengaluru,"Nunegundlapalli, Ambedkar Veedhi, Bengaluru, Karnataka 560001",12.976107,77.58824,DC Fast Charger,Superfast,50,400V - 800V DC,24/7 Always Open,₹18 - ₹22 / kWh,4,2,1,1,Available,CCS-2 (60 kW DC); CHAdeMO (50 kW DC); Bharat DC-001 (15 kW),24/7 Security; EV Signs; Parking
STN-IND-0659,BESCOM Mahadevpura,Public EV Network,Karnataka,Bengaluru,"Mahadevpura, Bengaluru, Karnataka - 560001",12.994702,77.700205,DC Fast Charger,Superfast,50,400V - 800V DC,24/7 Always Open,₹18 - ₹22 / kWh,4,2,2,0,Available,CCS-2 (60 kW DC); CHAdeMO (50 kW DC); Bharat DC-001 (15 kW),24/7 Security; EV Signs; Parking
STN-IND-0660,BESCOM Banaswadi,Public EV Network,Karnataka,Bengaluru,"Banaswadi, Bengaluru, Karnataka - 560001",13.020233,77.640923,DC Fast Charger,Superfast,50,400V - 800V DC,24/7 Always Open,₹18 - ₹22 / kWh,4,4,0,0,Available,CCS-2 (60 kW DC); CHAdeMO (50 kW DC); Bharat DC-001 (15 kW),24/7 Security; EV Signs; Parking
STN-IND-0661,Jai Hanuman Indian Oil Petrol Pump,IOCL Green,Karnataka,Bengaluru,"Jai Hanuman Service Station, Indian Oil Petrol Pump, No 82/1, Nagawara Main Road, Nagawara",13.04139,77.62059,DC Fast Charger,Superfast,50,400V - 800V DC,24/7 Always Open,₹18 - ₹22 / kWh,4,3,1,0,Available,CCS-2 (60 kW DC); CHAdeMO (50 kW DC); Bharat DC-001 (15 kW),24/7 Security; Air Pump; Convenience Store; EV Signs; Parking; Restroom
STN-IND-0662,BESCOM Mathikere,Public EV Network,Karnataka,Bengaluru,"Mathikere  Bengaluru, Karnataka - 560001",13.037895,77.55769,DC Fast Charger,Superfast,50,400V - 800V DC,24/7 Always Open,₹18 - ₹22 / kWh,4,1,3,0,Available,CCS-2 (60 kW DC); CHAdeMO (50 kW DC); Bharat DC-001 (15 kW),24/7 Security; EV Signs; Parking
STN-IND-0663,BESCOM Yalhanka,Public EV Network,Karnataka,Bengaluru,"Yalhanka Bengaluru, Karnataka - 560001",13.095602,77.594068,DC Fast Charger,Superfast,50,400V - 800V DC,24/7 Always Open,₹18 - ₹22 / kWh,4,2,1,1,Available,CCS-2 (60 kW DC); CHAdeMO (50 kW DC); Bharat DC-001 (15 kW),24/7 Security; EV Signs; Parking
STN-IND-0664,Fuel Zone -Indian Oil Petrol Pump,IOCL Green,Karnataka,Bengaluru,"Fuel Zone RO, Bharti Nagar, Hunasamaranahalli, Bengalurum Karnataka - 560045",13.14069,77.617988,DC Fast Charger,Superfast,50,400V - 800V DC,24/7 Always Open,₹18 - ₹22 / kWh,4,2,2,0,Available,CCS-2 (60 kW DC); CHAdeMO (50 kW DC); Bharat DC-001 (15 kW),24/7 Security; Air Pump; Convenience Store; EV Signs; Parking; Restroom
STN-IND-0665,IOCL AB Enterprises,IOCL Green,Tamil Nadu,Chennai,"Old Mahabalipuram Rd, Semmancheri, Chennai, Tamil Nadu 600119",12.87627,80.227094,DC Fast Charger,Superfast,50,400V - 800V DC,24/7 Always Open,₹18 - ₹22 / kWh,4,4,0,0,Available,CCS-2 (60 kW DC); CHAdeMO (50 kW DC); Bharat DC-001 (15 kW),24/7 Security; Air Pump; Convenience Store; EV Signs; Parking; Restroom
STN-IND-0666,IOCL Ms Immanuel Agencies,IOCL Green,Tamil Nadu,Chennai,"1, Kamarajar Salai, K P Nagar, Ramapuram, Chennai, Tamil Nadu 600089",13.033017,80.184313,DC Fast Charger,Superfast,50,400V - 800V DC,24/7 Always Open,₹18 - ₹22 / kWh,4,3,1,0,Available,CCS-2 (60 kW DC); CHAdeMO (50 kW DC); Bharat DC-001 (15 kW),24/7 Security; Air Pump; Convenience Store; EV Signs; Parking; Restroom
STN-IND-0667,IOCL Ms SRI SAI Balaji Agencies,IOCL Green,Tamil Nadu,Chennai,"Ayyavoo Colony, Nelson Manickam Rd, Aminjikarai, Collectorate Colony, Balavinayagar Nagar, Chennai, Tamil Nadu 600029",13.075144,80.219847,DC Fast Charger,Superfast,50,400V - 800V DC,24/7 Always Open,₹18 - ₹22 / kWh,4,1,3,0,Available,CCS-2 (60 kW DC); CHAdeMO (50 kW DC); Bharat DC-001 (15 kW),24/7 Security; Air Pump; Convenience Store; EV Signs; Parking; Restroom
STN-IND-0668,EESL Chennai Metrol Alandur Station,Public EV Network,Tamil Nadu,Chennai,"Alandur, Metro Car Parking Chennai, Tamil Nadu 600016",13.004445,80.201613,DC Fast Charger,Superfast,50,400V - 800V DC,24/7 Always Open,₹18 - ₹22 / kWh,4,2,1,1,Available,CCS-2 (60 kW DC); CHAdeMO (50 kW DC); Bharat DC-001 (15 kW),24/7 Security; EV Signs; Parking
STN-IND-0669,EESL Saidapet Metro,Public EV Network,Tamil Nadu,Chennai,"C/20-C/19, NH 45, Todd Hunter Nagar, Nandanam, Chennai, Tamil Nadu 600015",13.024506,80.228846,DC Fast Charger,Superfast,50,400V - 800V DC,24/7 Always Open,₹18 - ₹22 / kWh,4,2,2,0,Available,CCS-2 (60 kW DC); CHAdeMO (50 kW DC); Bharat DC-001 (15 kW),24/7 Security; EV Signs; Parking
STN-IND-0670,EESL Chennai Metro Nandanam station,Public EV Network,Tamil Nadu,Chennai,"Anna Salai, CIT Nagar West, CIT Nagar, Chennai, Tamil Nadu 600035",13.03153,80.23997,DC Fast Charger,Superfast,50,400V - 800V DC,24/7 Always Open,₹18 - ₹22 / kWh,4,4,0,0,Available,CCS-2 (60 kW DC); CHAdeMO (50 kW DC); Bharat DC-001 (15 kW),24/7 Security; EV Signs; Parking
STN-IND-0671,EESL Koyambedu,Public EV Network,Tamil Nadu,Chennai,"Koyambedu, Chennai, Tamil Nadu 600107",13.073768,80.194931,DC Fast Charger,Superfast,50,400V - 800V DC,24/7 Always Open,₹18 - ₹22 / kWh,4,3,1,0,Available,CCS-2 (60 kW DC); CHAdeMO (50 kW DC); Bharat DC-001 (15 kW),24/7 Security; EV Signs; Parking
STN-IND-0672,EESL Thirumangalam Metro,Public EV Network,Tamil Nadu,Chennai,"2nd Ave, L Block, Kurinji Colony, Anna Nagar, Chennai, Tamil Nadu 600040",13.085493,80.201606,DC Fast Charger,Superfast,50,400V - 800V DC,24/7 Always Open,₹18 - ₹22 / kWh,4,1,3,0,Available,CCS-2 (60 kW DC); CHAdeMO (50 kW DC); Bharat DC-001 (15 kW),24/7 Security; EV Signs; Parking
STN-IND-0673,EESL Anna Nagar East station,Public EV Network,Tamil Nadu,Chennai,"A Block, Annanagar East, Chennai, Tamil Nadu 600102",13.084781,80.21972,DC Fast Charger,Superfast,50,400V - 800V DC,24/7 Always Open,₹18 - ₹22 / kWh,4,2,1,1,Available,CCS-2 (60 kW DC); CHAdeMO (50 kW DC); Bharat DC-001 (15 kW),24/7 Security; EV Signs; Parking
STN-IND-0674,EESL Chennai Egmore Metro,Public EV Network,Tamil Nadu,Chennai,"Egmore, Chennai, Tamil Nadu 600008",13.079367,80.261464,DC Fast Charger,Superfast,50,400V - 800V DC,24/7 Always Open,₹18 - ₹22 / kWh,4,2,2,0,Available,CCS-2 (60 kW DC); CHAdeMO (50 kW DC); Bharat DC-001 (15 kW),24/7 Security; EV Signs; Parking
STN-IND-0675,EESL High Court station,Public EV Network,Tamil Nadu,Chennai,"Esplanade Rd, Parrys, George Town, Chennai, Tamil Nadu 600104",13.08738,80.28517,DC Fast Charger,Superfast,50,400V - 800V DC,24/7 Always Open,₹18 - ₹22 / kWh,4,4,0,0,Available,CCS-2 (60 kW DC); CHAdeMO (50 kW DC); Bharat DC-001 (15 kW),24/7 Security; EV Signs; Parking
STN-IND-0676,EESL SDA Market,Public EV Network,Delhi,New Delhi,"Unnamed Road, Block C 5, Hauz Khas Enclave, Hauz Khas, New Delhi, Delhi 110016",28.548734,77.19658,DC Fast Charger,Superfast,50,400V - 800V DC,09:00 AM - 11:00 PM,₹18 - ₹22 / kWh,4,3,1,0,Available,CCS-2 (60 kW DC); CHAdeMO (50 kW DC); Bharat DC-001 (15 kW),EV Signs; Parking
STN-IND-0677,EESL R block GK1,Public EV Network,Delhi,New Delhi,"Hansraj Gupta Rd, Greater Kailash I, Greater Kailash, New Delhi, Delhi 110048",28.551559,77.244699,DC Fast Charger,Superfast,50,400V - 800V DC,24/7 Always Open,₹18 - ₹22 / kWh,4,1,3,0,Available,CCS-2 (60 kW DC); CHAdeMO (50 kW DC); Bharat DC-001 (15 kW),24/7 Security; EV Signs; Parking
STN-IND-0678,KSEBL Palarivattom,Public EV Network,Kerala,Ernakulam,"Executive Enginer, Electrical Division, Ernakulam",10.019219,76.304595,DC Fast Charger,Superfast,50,400V - 800V DC,24/7 Always Open,₹18 - ₹22 / kWh,4,2,1,1,Available,CCS-2 (60 kW DC); CHAdeMO (50 kW DC); Bharat DC-001 (15 kW),24/7 Security; EV Signs; Parking
STN-IND-0679,Mahindra first choice,Public EV Network,Haryana,Gurugram,"PLOT NO-21,SECTOR-61, near HBR CHOWK, Gurugram, Haryana 122005",28.420616,77.105373,DC Fast Charger,Superfast,50,400V - 800V DC,24/7 Always Open,₹18 - ₹22 / kWh,4,2,2,0,Available,CCS-2 (60 kW DC); CHAdeMO (50 kW DC); Bharat DC-001 (15 kW),24/7 Security; EV Signs; Parking
STN-IND-0680,HAREDA EESL Panchkula,Public EV Network,Haryana,Panchkula,"Akshay Urja Bhawan, Plot No-1, Sector 17, Opp Agarwal Bhavan, Panchkula, Haryana 134109",30.768629,76.853816,DC Fast Charger,Superfast,50,400V - 800V DC,24/7 Always Open,₹18 - ₹22 / kWh,4,4,0,0,Available,CCS-2 (60 kW DC); CHAdeMO (50 kW DC); Bharat DC-001 (15 kW),24/7 Security; EV Signs; Parking
STN-IND-0681,Nagole Metro staff Parking,Public EV Network,Telangana,Hyderabad,"Inner Ring Rd, Opp. Uppal RTO office, Uppal Main Road, Hyderabad",17.391095,78.558504,DC Fast Charger,Superfast,50,400V - 800V DC,24/7 Always Open,₹18 - ₹22 / kWh,4,3,1,0,Available,CCS-2 (60 kW DC); CHAdeMO (50 kW DC); Bharat DC-001 (15 kW),24/7 Security; EV Signs; Parking
STN-IND-0682,Punjagutta Next Galleria Mall Parking,Public EV Network,Telangana,Hyderabad,"Level B1, Next Galleria Mall, Puynjagutta, Hyderabad, Telangana 5600082",17.428624,78.450418,DC Fast Charger,Superfast,50,400V - 800V DC,09:00 AM - 11:00 PM,₹18 - ₹22 / kWh,4,1,3,0,Available,CCS-2 (60 kW DC); CHAdeMO (50 kW DC); Bharat DC-001 (15 kW),ATM; EV Signs; Parking; Restroom; Shopping Mall; Wi-Fi
STN-IND-0683,Hitech City Next Galleria Mall Parking,Public EV Network,Telangana,Hyderabad,"Level B1, Hitech City Next Galleria Mall, Puynjagutta, Hyderabad, Telangana 5600082",17.447984,78.384328,DC Fast Charger,Superfast,50,400V - 800V DC,09:00 AM - 11:00 PM,₹18 - ₹22 / kWh,4,2,1,1,Available,CCS-2 (60 kW DC); CHAdeMO (50 kW DC); Bharat DC-001 (15 kW),ATM; EV Signs; Parking; Restroom; Shopping Mall; Wi-Fi
STN-IND-0684,Miyapur Metro Parking,Public EV Network,Telangana,Hyderabad,"Nadigada Tanda, Miyapur, Hyderabad, Telangana - 500049",17.496994,78.371947,DC Fast Charger,Superfast,50,400V - 800V DC,24/7 Always Open,₹18 - ₹22 / kWh,4,2,2,0,Available,CCS-2 (60 kW DC); CHAdeMO (50 kW DC); Bharat DC-001 (15 kW),24/7 Security; EV Signs; Parking
STN-IND-0685,ChargeNest Bank of Baroda,Public EV Network,Jharkhand,Jamshedpur,"Bank of Baroda Parking Site, Jamshedpur",22.7941,86.1838,DC Fast Charger,Superfast,50,400V - 800V DC,24/7 Always Open,₹18 - ₹22 / kWh,4,4,0,0,Available,CCS-2 (60 kW DC); CHAdeMO (50 kW DC); Bharat DC-001 (15 kW),24/7 Security; EV Signs; Parking
STN-IND-0686,TSUISL N Town Substation,Public EV Network,Jharkhand,Jamshedpur,"N Town Substation, Jamshedpur",22.822753,86.181774,DC Fast Charger,Superfast,50,400V - 800V DC,24/7 Always Open,₹18 - ₹22 / kWh,4,3,1,0,Available,CCS-2 (60 kW DC); CHAdeMO (50 kW DC); Bharat DC-001 (15 kW),24/7 Security; EV Signs; Parking
STN-IND-0687,ANERT-EESL Ernakulam Kerala,Public EV Network,Kerala,Kochi,"Shanmugham Road, Ernakulam, Marine Drive, Kochi, Kerala 682031",9.977005,76.277803,DC Fast Charger,Superfast,50,400V - 800V DC,24/7 Always Open,₹18 - ₹22 / kWh,4,1,3,0,Available,CCS-2 (60 kW DC); CHAdeMO (50 kW DC); Bharat DC-001 (15 kW),24/7 Security; EV Signs; Parking
STN-IND-0688,Masstech Controls Pvt Ltd,Public EV Network,West Bengal,Kolkata,"Indian Oil Bhavan 2, Gariahat Road, Jodhpur Park, Kolkata, West Bengal - 700068",22.509557,88.366721,DC Fast Charger,Superfast,50,400V - 800V DC,24/7 Always Open,₹18 - ₹22 / kWh,4,2,1,1,Available,CCS-2 (60 kW DC); CHAdeMO (50 kW DC); Bharat DC-001 (15 kW),24/7 Security; Air Pump; Convenience Store; EV Signs; Parking; Restroom
STN-IND-0689,EESL Shapoorji Bus Terminus Newtown,Public EV Network,West Bengal,Kolkata,"Action Area III, Newtown, New Town, West Bengal 700135",22.569798,88.517227,DC Fast Charger,Superfast,50,400V - 800V DC,24/7 Always Open,₹18 - ₹22 / kWh,4,2,2,0,Available,CCS-2 (60 kW DC); CHAdeMO (50 kW DC); Bharat DC-001 (15 kW),24/7 Security; EV Signs; Parking
STN-IND-0690,EESL Tata Memorial Cancer Hospital,Public EV Network,West Bengal,Kolkata,"14, MAR(E-W), DH Block(Newtown), Action Area I, Newtown, Kolkata, West Bengal 700160",22.577246,88.479664,DC Fast Charger,Superfast,50,400V - 800V DC,24/7 Always Open,₹18 - ₹22 / kWh,4,4,0,0,Available,CCS-2 (60 kW DC); CHAdeMO (50 kW DC); Bharat DC-001 (15 kW),24/7 Security; EV Signs; Parking
STN-IND-0691,EESL Axis Mall,Public EV Network,West Bengal,Kolkata,"CF Block(Newtown), Action Area I, Newtown, New Town, West Bengal 700156",22.578928,88.460505,DC Fast Charger,Superfast,50,400V - 800V DC,09:00 AM - 11:00 PM,₹18 - ₹22 / kWh,4,3,1,0,Available,CCS-2 (60 kW DC); CHAdeMO (50 kW DC); Bharat DC-001 (15 kW),ATM; EV Signs; Parking; Restroom; Shopping Mall; Wi-Fi
STN-IND-0692,EESL New Town,Public EV Network,West Bengal,Kolkata,"Near Tank, No 3, Street Number 24, Action Area 1A, Newtown, West Bengal 700156",22.578859,88.453007,DC Fast Charger,Superfast,50,400V - 800V DC,24/7 Always Open,₹18 - ₹22 / kWh,4,1,3,0,Available,CCS-2 (60 kW DC); CHAdeMO (50 kW DC); Bharat DC-001 (15 kW),24/7 Security; EV Signs; Parking
STN-IND-0693,EESL Business Club New Town,Public EV Network,West Bengal,Kolkata,"AE Block(Newtown), Newtown, New Town, West Bengal 700059",22.585582,88.456438,DC Fast Charger,Superfast,50,400V - 800V DC,24/7 Always Open,₹18 - ₹22 / kWh,4,2,1,1,Available,CCS-2 (60 kW DC); CHAdeMO (50 kW DC); Bharat DC-001 (15 kW),24/7 Security; EV Signs; Parking
STN-IND-0694,EESL ECO Park Gate no 1 New Town,Public EV Network,West Bengal,Kolkata,"Major Arterial Road(South-East, Biswa Bangla Sarani, AA II, Newtown, Kolkata, West Bengal 700156",22.603154,88.467154,DC Fast Charger,Superfast,50,400V - 800V DC,24/7 Always Open,₹18 - ₹22 / kWh,4,2,2,0,Available,CCS-2 (60 kW DC); CHAdeMO (50 kW DC); Bharat DC-001 (15 kW),24/7 Security; EV Signs; Parking
STN-IND-0695,EESL Gate no 6 Eco Park New Town,Public EV Network,West Bengal,Kolkata,"Ghuni Rd, AA II, Deshbandhu Nagar, Newtown, New Town, West Bengal 700156",22.607625,88.463414,DC Fast Charger,Superfast,50,400V - 800V DC,24/7 Always Open,₹18 - ₹22 / kWh,4,4,0,0,Available,CCS-2 (60 kW DC); CHAdeMO (50 kW DC); Bharat DC-001 (15 kW),24/7 Security; EV Signs; Parking
STN-IND-0696,EESL Gate no 4 Eco Park New Town,Public EV Network,West Bengal,Kolkata,"Jatragachhi, Deshbandhu Nagar, Rekjuani, New Town, West Bengal 700157",22.610752,88.466722,DC Fast Charger,Superfast,50,400V - 800V DC,24/7 Always Open,₹18 - ₹22 / kWh,4,3,1,0,Available,CCS-2 (60 kW DC); CHAdeMO (50 kW DC); Bharat DC-001 (15 kW),24/7 Security; EV Signs; Parking
STN-IND-0697,"EESL Adhoc New Central , HPCL, New town",HPCL Energy,West Bengal,Kolkata,"Akhankha ho petrol pump, Newtown, Kolkata, West Bengal 700056",22.618221,88.466509,DC Fast Charger,Superfast,50,400V - 800V DC,24/7 Always Open,₹18 - ₹22 / kWh,4,1,3,0,Available,CCS-2 (60 kW DC); CHAdeMO (50 kW DC); Bharat DC-001 (15 kW),24/7 Security; Air Pump; Convenience Store; EV Signs; Parking; Restroom
STN-IND-0698,KSEB electrical section Olayil,Public EV Network,Kerala,Kollam,"Salem - Kochi Hwy, Olayil, High School Jun, Kollam, Kerala 691009",8.892999,76.579392,DC Fast Charger,Superfast,50,400V - 800V DC,24/7 Always Open,₹18 - ₹22 / kWh,4,2,1,1,Available,CCS-2 (60 kW DC); CHAdeMO (50 kW DC); Bharat DC-001 (15 kW),24/7 Security; EV Signs; Parking
STN-IND-0699,Vijay Securities,Public EV Network,Maharashtra,Mumbai,"35, Chandivali, Off, Saki Vihar Rd, Andheri (E, Mumbai, 400072",19.105143,72.886901,DC Fast Charger,Superfast,50,400V - 800V DC,24/7 Always Open,₹18 - ₹22 / kWh,4,2,2,0,Available,CCS-2 (60 kW DC); CHAdeMO (50 kW DC); Bharat DC-001 (15 kW),24/7 Security; EV Signs; Parking
STN-IND-0700,Masstech controls Pvt ltd,Public EV Network,Maharashtra,Mumbai,"2/7 Meghal Industrial Estate, Devidayal Road, Mulund West, Mumbai, Maharashtra 400080",19.176746,72.945748,DC Fast Charger,Superfast,50,400V - 800V DC,24/7 Always Open,₹18 - ₹22 / kWh,4,4,0,0,Available,CCS-2 (60 kW DC); CHAdeMO (50 kW DC); Bharat DC-001 (15 kW),24/7 Security; EV Signs; Parking
STN-IND-0701,EESL Nagpur,Public EV Network,Maharashtra,Nagpur,"Nagpur Songaon, Maharashtra, Songaon Nagpur India - 440019",21.087013,79.063623,DC Fast Charger,Superfast,50,400V - 800V DC,24/7 Always Open,₹18 - ₹22 / kWh,4,3,1,0,Available,CCS-2 (60 kW DC); CHAdeMO (50 kW DC); Bharat DC-001 (15 kW),24/7 Security; EV Signs; Parking
STN-IND-0702,KSEB Nemom,Public EV Network,Kerala,Nemom,"Karamana to Nagercoil Main Road, Nemom, Kerala 695020",8.453972,77.00415,DC Fast Charger,Superfast,50,400V - 800V DC,24/7 Always Open,₹18 - ₹22 / kWh,4,1,3,0,Available,CCS-2 (60 kW DC); CHAdeMO (50 kW DC); Bharat DC-001 (15 kW),24/7 Security; EV Signs; Parking
STN-IND-0703,PTC  IGI Airport,Public EV Network,Delhi,New Delhi,"GI Airport, T3 Road, Indira Gandhi International Airport, New Delhi, Delhi - 110037",28.548518,77.104357,DC Fast Charger,Superfast,50,400V - 800V DC,24/7 Always Open,₹18 - ₹22 / kWh,4,2,1,1,Available,CCS-2 (60 kW DC); CHAdeMO (50 kW DC); Bharat DC-001 (15 kW),24/7 Security; EV Signs; Parking
STN-IND-0704,Atul Automobile Vasant Kunj,Public EV Network,Delhi,New Delhi,"Vasant Kunj Mall Road, Pocket 5, Sector C, Vasant Kunj, New Delhi, Delhi 110070",28.522907,77.156682,DC Fast Charger,Superfast,50,400V - 800V DC,24/7 Always Open,₹18 - ₹22 / kWh,4,2,2,0,Available,CCS-2 (60 kW DC); CHAdeMO (50 kW DC); Bharat DC-001 (15 kW),24/7 Security; ATM; EV Signs; Parking; Restroom; Shopping Mall; Wi-Fi
STN-IND-0705,EV Plugin Charge Vasant Square Mall,Public EV Network,Delhi,New Delhi,"Vasant Kunj Marg, Pocket 5, Sector B, Vasant Kunj, New Delhi, Delhi 110070",28.52544,77.1559,DC Fast Charger,Superfast,50,400V - 800V DC,09:00 AM - 11:00 PM,₹18 - ₹22 / kWh,4,4,0,0,Available,CCS-2 (60 kW DC); CHAdeMO (50 kW DC); Bharat DC-001 (15 kW),ATM; EV Signs; Parking; Restroom; Shopping Mall; Wi-Fi
STN-IND-0706,EESL Malviya Nagar Delhi,Public EV Network,Delhi,New Delhi,"Guru Gobind Singh Marg, Old Market, Block C, Malviya Nagar, New Delhi, Delhi 110017",28.536467,77.211451,DC Fast Charger,Superfast,50,400V - 800V DC,24/7 Always Open,₹18 - ₹22 / kWh,4,3,1,0,Available,CCS-2 (60 kW DC); CHAdeMO (50 kW DC); Bharat DC-001 (15 kW),24/7 Security; EV Signs; Parking
STN-IND-0707,EESL PVR Priya Delhi,Public EV Network,Delhi,New Delhi,"61, Community Center, Basant Nagar, Basant Lok, Vasant Vihar, New Delhi, Delhi 110027",28.557737,77.157944,DC Fast Charger,Superfast,50,400V - 800V DC,24/7 Always Open,₹18 - ₹22 / kWh,4,1,3,0,Available,CCS-2 (60 kW DC); CHAdeMO (50 kW DC); Bharat DC-001 (15 kW),24/7 Security; EV Signs; Parking
STN-IND-0708,BRPL Nehru Place,Public EV Network,Delhi,New Delhi,"BSES Bhawan, near Kalkaji Mandir metro station, Nehru Place, New Delhi, Delhi 110019",28.549542,77.25457,AC Standard / Type 2,Standard,22,230V Single-Phase / 415V 3-Phase,24/7 Always Open,₹11 - ₹14 / kWh,2,1,0,1,Available,Type 2 AC (7.4 kW); IEC 60309 AC (3.3 kW),24/7 Security; EV Signs; Parking
STN-IND-0709,EESL Aurbindo Market Place,Public EV Network,Delhi,New Delhi,"Block C 2, Bhim Nagri, Hauz Khas, New Delhi, Delhi 110016",28.551779,77.203317,AC Standard / Type 2,Standard,22,230V Single-Phase / 415V 3-Phase,09:00 AM - 11:00 PM,₹11 - ₹14 / kWh,2,1,1,0,Available,Type 2 AC (7.4 kW); IEC 60309 AC (3.3 kW),EV Signs; Parking
STN-IND-0710,EESL Safderjung Enclave,Public EV Network,Delhi,New Delhi,"Block B6, Humayunpur, Safdarjung Enclave, New Delhi, Delhi 110016",28.559172,77.196485,DC Fast Charger,Superfast,50,400V - 800V DC,24/7 Always Open,₹18 - ₹22 / kWh,4,4,0,0,Available,CCS-2 (60 kW DC); CHAdeMO (50 kW DC); Bharat DC-001 (15 kW),24/7 Security; EV Signs; Parking
STN-IND-0711,EESL N Block GK1,Public EV Network,Delhi,New Delhi,"N Block, Greater Kailash I, Greater Kailash, New Delhi, Delhi 110048",28.555605,77.233711,DC Fast Charger,Superfast,50,400V - 800V DC,24/7 Always Open,₹18 - ₹22 / kWh,4,3,1,0,Available,CCS-2 (60 kW DC); CHAdeMO (50 kW DC); Bharat DC-001 (15 kW),24/7 Security; EV Signs; Parking
STN-IND-0712,NDSE Grid BRPL,Public EV Network,Delhi,New Delhi,"South Extension, Block E, South Extension II, New Delhi, Delhi 110049",28.868831,77.143762,DC Fast Charger,Superfast,50,400V - 800V DC,24/7 Always Open,₹18 - ₹22 / kWh,4,1,3,0,Available,CCS-2 (60 kW DC); CHAdeMO (50 kW DC); Bharat DC-001 (15 kW),24/7 Security; EV Signs; Parking
STN-IND-0713,EESL Dilli Haat,Public EV Network,Delhi,New Delhi,"NDMC Parking, Dilli Haat, West Kidwai Nagar, New Delhi - 110023",28.573576,77.207152,DC Fast Charger,Superfast,50,400V - 800V DC,24/7 Always Open,₹18 - ₹22 / kWh,4,2,1,1,Available,CCS-2 (60 kW DC); CHAdeMO (50 kW DC); Bharat DC-001 (15 kW),24/7 Security; EV Signs; Parking
STN-IND-0714,EESL Sarojini Nagar Market,Public EV Network,Delhi,New Delhi,"Lal. Sai Hanuman mandir, Sarojini Nagar Market, Sarojini Nagar, New Delhi, Delhi 110023",28.577298,77.196909,DC Fast Charger,Superfast,50,400V - 800V DC,09:00 AM - 11:00 PM,₹18 - ₹22 / kWh,4,2,2,0,Available,CCS-2 (60 kW DC); CHAdeMO (50 kW DC); Bharat DC-001 (15 kW),EV Signs; Parking
STN-IND-0715,EESL Laxmi Bai Market,Public EV Network,Delhi,New Delhi,"26B, Sri Aurobindo Marg, Aviation Colony, INA Colony, New Delhi, Delhi 110003",28.577623,77.203899,DC Fast Charger,Superfast,50,400V - 800V DC,09:00 AM - 11:00 PM,₹18 - ₹22 / kWh,4,4,0,0,Available,CCS-2 (60 kW DC); CHAdeMO (50 kW DC); Bharat DC-001 (15 kW),EV Signs; Parking
STN-IND-0716,Indraprastha Gas Limited Shantipath,Public EV Network,Delhi,New Delhi,"Shantipath Road, Shantipath, near Rail Museum, Moti Bagh, New Delhi, Delhi 110021",28.582674,77.17948,DC Fast Charger,Superfast,50,400V - 800V DC,24/7 Always Open,₹18 - ₹22 / kWh,4,3,1,0,Available,CCS-2 (60 kW DC); CHAdeMO (50 kW DC); Bharat DC-001 (15 kW),24/7 Security; EV Signs; Parking
STN-IND-0717,EESL Charak Palika Hospital,Public EV Network,Delhi,New Delhi,"F 203, Moti Bagh 1, Block F, North West Moti Bagh, New Delhi, Delhi 110021",28.587043,77.177677,DC Fast Charger,Superfast,50,400V - 800V DC,24/7 Always Open,₹18 - ₹22 / kWh,4,1,3,0,Available,CCS-2 (60 kW DC); CHAdeMO (50 kW DC); Bharat DC-001 (15 kW),24/7 Security; EV Signs; Parking
STN-IND-0718,EESL Yashwant Place Market,Public EV Network,Delhi,New Delhi,"Yashwant Place, Satya Marg, Chanakyapuri, New Delhi, Delhi 110021",28.585565,77.191323,AC Standard / Type 2,Standard,22,230V Single-Phase / 415V 3-Phase,09:00 AM - 11:00 PM,₹11 - ₹14 / kWh,2,1,0,1,Available,Type 2 AC (7.4 kW); IEC 60309 AC (3.3 kW),EV Signs; Parking
STN-IND-0719,EESL PSOI Club,Public EV Network,Delhi,New Delhi,"PSOI Club Chanakyapuri, New Delhi, Delhi 110021",28.586645,77.193608,DC Fast Charger,Superfast,50,400V - 800V DC,24/7 Always Open,₹18 - ₹22 / kWh,4,2,2,0,Available,CCS-2 (60 kW DC); CHAdeMO (50 kW DC); Bharat DC-001 (15 kW),24/7 Security; EV Signs; Parking
STN-IND-0720,EESL Khanna Market 1,Public EV Network,Delhi,New Delhi,"NDMC Parking, Opposite Goel Opticals, Khanna Market, Aliganj, Lodhi Colony, New Delhi -110003",28.580532,77.221048,DC Fast Charger,Superfast,50,400V - 800V DC,09:00 AM - 11:00 PM,₹18 - ₹22 / kWh,4,4,0,0,Available,CCS-2 (60 kW DC); CHAdeMO (50 kW DC); Bharat DC-001 (15 kW),EV Signs; Parking
STN-IND-0721,EESL Palika Maternity Hospital,Public EV Network,Delhi,New Delhi,"Palika Maternity Hospital, block 11, Lodhi Colony, Near Khanna Market, New Delhi - 110003",28.583518,77.222057,DC Fast Charger,Superfast,50,400V - 800V DC,24/7 Always Open,₹18 - ₹22 / kWh,4,3,1,0,Available,CCS-2 (60 kW DC); CHAdeMO (50 kW DC); Bharat DC-001 (15 kW),24/7 Security; EV Signs; Parking
STN-IND-0722,EESL Khanna Market 2,Public EV Network,Delhi,New Delhi,"NDMC Parking, Opposite Dory Pharmacy, Khanna Market, Aliganj Lodhi colony, New Delhi - 110003",28.584365,77.22054,DC Fast Charger,Superfast,50,400V - 800V DC,09:00 AM - 11:00 PM,₹18 - ₹22 / kWh,4,1,3,0,Available,CCS-2 (60 kW DC); CHAdeMO (50 kW DC); Bharat DC-001 (15 kW),EV Signs; Parking
STN-IND-0723,EESL Maherchand market Delhi,Public EV Network,Delhi,New Delhi,"Double story Market, Maherchand Lodhi Road , New Delhi - 110003",28.581051,77.227075,DC Fast Charger,Superfast,50,400V - 800V DC,09:00 AM - 11:00 PM,₹18 - ₹22 / kWh,4,2,1,1,Available,CCS-2 (60 kW DC); CHAdeMO (50 kW DC); Bharat DC-001 (15 kW),EV Signs; Parking
STN-IND-0724,EESL Jor Bagh Market,Public EV Network,Delhi,New Delhi,"NMDC Parking, Outside RWA Park, Jor Bagh Market, Jor Bagh Colony Road, New Delhi - 110003",28.588117,77.217564,DC Fast Charger,Superfast,50,400V - 800V DC,09:00 AM - 11:00 PM,₹18 - ₹22 / kWh,4,2,2,0,Available,CCS-2 (60 kW DC); CHAdeMO (50 kW DC); Bharat DC-001 (15 kW),EV Signs; Parking
STN-IND-0725,EESL Lodhi Garden,Public EV Network,Delhi,New Delhi,"NMDC Parking, Gate no 1, Lodhi Gardens, Lodhi Estate, Lodhi Road New Delhi - 110003",28.590402,77.220192,DC Fast Charger,Superfast,50,400V - 800V DC,24/7 Always Open,₹18 - ₹22 / kWh,4,4,0,0,Available,CCS-2 (60 kW DC); CHAdeMO (50 kW DC); Bharat DC-001 (15 kW),24/7 Security; EV Signs; Parking
STN-IND-0726,BSES Hazrat Nizamuddin,Public EV Network,Delhi,New Delhi,"Nizamuddin Railway Station, Nizamuddin East, New Delhi -110013",28.588506,77.257024,DC Fast Charger,Superfast,50,400V - 800V DC,24/7 Always Open,₹18 - ₹22 / kWh,4,3,1,0,Available,CCS-2 (60 kW DC); CHAdeMO (50 kW DC); Bharat DC-001 (15 kW),24/7 Security; EV Signs; Parking
STN-IND-0727,EESL Malcha Marg Market,Public EV Network,Delhi,New Delhi,"NDMC Parking, Dharma Marg, block- Y, Diplomatic Enclave, Malcha Market, New Delhi - 110021",28.601809,77.186432,DC Fast Charger,Superfast,50,400V - 800V DC,09:00 AM - 11:00 PM,₹18 - ₹22 / kWh,4,1,3,0,Available,CCS-2 (60 kW DC); CHAdeMO (50 kW DC); Bharat DC-001 (15 kW),EV Signs; Parking
STN-IND-0728,EESL Khan Market,Public EV Network,Delhi,New Delhi,"NDMC Parking, Khan Market, New Delhi - 110003",28.600324,77.226883,DC Fast Charger,Superfast,50,400V - 800V DC,09:00 AM - 11:00 PM,₹18 - ₹22 / kWh,4,2,1,1,Available,CCS-2 (60 kW DC); CHAdeMO (50 kW DC); Bharat DC-001 (15 kW),EV Signs; Parking
STN-IND-0729,EESL Prithviraj Market,Public EV Network,Delhi,New Delhi,"NDMC Parking, Prithviraj Market, Prithviraj Ln, New Delhi - 110003",28.600735,77.226277,DC Fast Charger,Superfast,50,400V - 800V DC,09:00 AM - 11:00 PM,₹18 - ₹22 / kWh,4,2,2,0,Available,CCS-2 (60 kW DC); CHAdeMO (50 kW DC); Bharat DC-001 (15 kW),EV Signs; Parking
STN-IND-0730,EESL Hotel Claridges,Public EV Network,Delhi,New Delhi,"NDMC Parking, Side of Hotel Claridges, Tees January Marg, Dr. APJ Abdul Kalam Road, New Delhi -110011",28.599477,77.215583,DC Fast Charger,Superfast,50,400V - 800V DC,24/7 Always Open,₹18 - ₹22 / kWh,4,4,0,0,Available,CCS-2 (60 kW DC); CHAdeMO (50 kW DC); Bharat DC-001 (15 kW),24/7 Security; Dining / Cafe; EV Signs; Parking; Restroom
STN-IND-0731,EESL Hotel Claridges,Public EV Network,Delhi,New Delhi,"NDMC Parking, Side of Hotel Claridges, Tees January Marg, Dr. APJ Abdul Kalam Road, New Delhi -110011",28.601201,77.215975,DC Fast Charger,Superfast,50,400V - 800V DC,24/7 Always Open,₹18 - ₹22 / kWh,4,3,1,0,Available,CCS-2 (60 kW DC); CHAdeMO (50 kW DC); Bharat DC-001 (15 kW),24/7 Security; Dining / Cafe; EV Signs; Parking; Restroom
STN-IND-0732,EESL Talkatora Stadium,Public EV Network,Delhi,New Delhi,"Talkatora stadium Presidents Estate, New Delhi - 110004",28.625765,77.194891,DC Fast Charger,Superfast,50,400V - 800V DC,24/7 Always Open,₹18 - ₹22 / kWh,4,1,3,0,Available,CCS-2 (60 kW DC); CHAdeMO (50 kW DC); Bharat DC-001 (15 kW),24/7 Security; EV Signs; Parking
STN-IND-0733,EESL Talkatora Garden,Public EV Network,Delhi,New Delhi,"Rashtrapati Bhawan, President's Estate, New Delhi, Delhi 110004",28.623944,77.195099,DC Fast Charger,Superfast,50,400V - 800V DC,24/7 Always Open,₹18 - ₹22 / kWh,4,2,1,1,Available,CCS-2 (60 kW DC); CHAdeMO (50 kW DC); Bharat DC-001 (15 kW),24/7 Security; EV Signs; Parking
STN-IND-0734,EESL Press Club,Public EV Network,Delhi,New Delhi,"1, Raisina Road, Near Central Secretariat Metro, Windsor Place, New Delhi, Delhi 110001",28.617438,77.213624,DC Fast Charger,Superfast,50,400V - 800V DC,24/7 Always Open,₹18 - ₹22 / kWh,4,2,2,0,Available,CCS-2 (60 kW DC); CHAdeMO (50 kW DC); Bharat DC-001 (15 kW),24/7 Security; EV Signs; Parking
STN-IND-0735,EESL Chelmsford Club,Public EV Network,Delhi,New Delhi,"Opposite CSIR Building, Rafi Marg, Sansad Marg Area, New Delhi, Delhi 110001",28.619199,77.212529,DC Fast Charger,Superfast,50,400V - 800V DC,24/7 Always Open,₹18 - ₹22 / kWh,4,4,0,0,Available,CCS-2 (60 kW DC); CHAdeMO (50 kW DC); Bharat DC-001 (15 kW),24/7 Security; EV Signs; Parking
STN-IND-0736,EESL Akashwani Bhawan,Public EV Network,Delhi,New Delhi,"Sansad Marg, Pandit Pant Marg Area, Sansad Marg Area, New Delhi, Delhi 110001",28.622371,77.211487,DC Fast Charger,Superfast,50,400V - 800V DC,24/7 Always Open,₹18 - ₹22 / kWh,4,3,1,0,Available,CCS-2 (60 kW DC); CHAdeMO (50 kW DC); Bharat DC-001 (15 kW),24/7 Security; EV Signs; Parking
STN-IND-0737,EESL Sansad Marg,Public EV Network,Delhi,New Delhi,"NDMC Parking, Outside Standard Chartered Bank, Sardar Patel Bhawan, Sansad Marg, New Delhi - 110001",28.624637,77.214052,DC Fast Charger,Superfast,50,400V - 800V DC,24/7 Always Open,₹18 - ₹22 / kWh,4,1,3,0,Available,CCS-2 (60 kW DC); CHAdeMO (50 kW DC); Bharat DC-001 (15 kW),24/7 Security; EV Signs; Parking
STN-IND-0738,EESL Bharat Sanchar Bhawan,Public EV Network,Delhi,New Delhi,"Outside Bharat Sanchar Bhawan, Ashoke Road, Janpath, New Delhi - 110001",28.624339,77.219837,DC Fast Charger,Superfast,50,400V - 800V DC,24/7 Always Open,₹18 - ₹22 / kWh,4,2,1,1,Available,CCS-2 (60 kW DC); CHAdeMO (50 kW DC); Bharat DC-001 (15 kW),24/7 Security; EV Signs; Parking
STN-IND-0739,EESL Fab India,Public EV Network,Delhi,New Delhi,"62, Janpath Rd, Atul Grove Road, Janpath, Connaught Place, New Delhi, Delhi 110001",28.627725,77.219776,DC Fast Charger,Superfast,50,400V - 800V DC,24/7 Always Open,₹18 - ₹22 / kWh,4,2,2,0,Available,CCS-2 (60 kW DC); CHAdeMO (50 kW DC); Bharat DC-001 (15 kW),24/7 Security; EV Signs; Parking
STN-IND-0740,EESL ICICI Bank Janpath,Public EV Network,Delhi,New Delhi,"No 82, Janpath Rd, Janpath, Connaught Place, New Delhi, Delhi 110001",28.628917,77.219753,DC Fast Charger,Superfast,50,400V - 800V DC,24/7 Always Open,₹18 - ₹22 / kWh,4,4,0,0,Available,CCS-2 (60 kW DC); CHAdeMO (50 kW DC); Bharat DC-001 (15 kW),24/7 Security; EV Signs; Parking
STN-IND-0741,EESL FICCI Chowk,Public EV Network,Delhi,New Delhi,"FICCI Chowk, Todermal Road Area, Mandi House, New Delhi, Delhi 110001",28.627039,77.231896,DC Fast Charger,Superfast,50,400V - 800V DC,24/7 Always Open,₹18 - ₹22 / kWh,4,3,1,0,Available,CCS-2 (60 kW DC); CHAdeMO (50 kW DC); Bharat DC-001 (15 kW),24/7 Security; EV Signs; Parking
STN-IND-0742,EESL Jain Bhawan,Public EV Network,Delhi,New Delhi,"Jain Bhawan, 12, Shaheed Bhagat Singh Marg, Gole Market, New Delhi, Delhi 110001",28.634076,77.207433,DC Fast Charger,Superfast,50,400V - 800V DC,24/7 Always Open,₹18 - ₹22 / kWh,4,1,3,0,Available,CCS-2 (60 kW DC); CHAdeMO (50 kW DC); Bharat DC-001 (15 kW),24/7 Security; EV Signs; Parking
STN-IND-0743,EESL Barakhamba,Public EV Network,Delhi,New Delhi,"Fire Brigade Lane, Barakhamba, New Delhi, Delhi 110001",28.629818,77.225953,DC Fast Charger,Superfast,50,400V - 800V DC,24/7 Always Open,₹18 - ₹22 / kWh,4,2,1,1,Available,CCS-2 (60 kW DC); CHAdeMO (50 kW DC); Bharat DC-001 (15 kW),24/7 Security; EV Signs; Parking
STN-IND-0744,EESL Gopal Das Building,Public EV Network,Delhi,New Delhi,"New Barakhamba Rd, Connaught Lane, Barakhamba, New Delhi, Delhi 110001",28.631437,77.22344,DC Fast Charger,Superfast,50,400V - 800V DC,24/7 Always Open,₹18 - ₹22 / kWh,4,2,2,0,Available,CCS-2 (60 kW DC); CHAdeMO (50 kW DC); Bharat DC-001 (15 kW),24/7 Security; EV Signs; Parking
STN-IND-0745,EESL HP Petrol Pump,HPCL Energy,Delhi,New Delhi,"Radial Rd Number 7, Block E, Connaught Place, New Delhi, Delhi 110001",28.631959,77.222122,DC Fast Charger,Superfast,50,400V - 800V DC,24/7 Always Open,₹18 - ₹22 / kWh,4,4,0,0,Available,CCS-2 (60 kW DC); CHAdeMO (50 kW DC); Bharat DC-001 (15 kW),24/7 Security; Air Pump; Convenience Store; EV Signs; Parking; Restroom
STN-IND-0746,"EESL Block M, CP",Public EV Network,Delhi,New Delhi,"K-11, Connaught Cir, Connaught Lane, Barakhamba, New Delhi, Delhi 110001",28.633144,77.22299,DC Fast Charger,Superfast,50,400V - 800V DC,24/7 Always Open,₹18 - ₹22 / kWh,4,3,1,0,Available,CCS-2 (60 kW DC); CHAdeMO (50 kW DC); Bharat DC-001 (15 kW),24/7 Security; EV Signs; Parking
STN-IND-0747,EESL Shanker Market,Public EV Network,Delhi,New Delhi,"11, Shankar Market, Connaught Lane, Barakhamba, New Delhi, Delhi 110001",28.633827,77.223527,DC Fast Charger,Superfast,50,400V - 800V DC,09:00 AM - 11:00 PM,₹18 - ₹22 / kWh,4,1,3,0,Available,CCS-2 (60 kW DC); CHAdeMO (50 kW DC); Bharat DC-001 (15 kW),EV Signs; Parking
STN-IND-0748,EESL M Block,Public EV Network,Delhi,New Delhi,"NDMC Parking, Outside Westebd Vedi Tailors, Block M, Middle Circle, Connaught Place, New Delhi - 110001",28.633852,77.221858,DC Fast Charger,Superfast,50,400V - 800V DC,24/7 Always Open,₹18 - ₹22 / kWh,4,2,1,1,Available,CCS-2 (60 kW DC); CHAdeMO (50 kW DC); Bharat DC-001 (15 kW),24/7 Security; EV Signs; Parking
STN-IND-0749,EESL Snow White,Public EV Network,Delhi,New Delhi,"D-8, D Block, Connaught Place, New Delhi, Delhi 110001",28.634105,77.220862,DC Fast Charger,Superfast,50,400V - 800V DC,24/7 Always Open,₹18 - ₹22 / kWh,4,2,2,0,Available,CCS-2 (60 kW DC); CHAdeMO (50 kW DC); Bharat DC-001 (15 kW),24/7 Security; EV Signs; Parking
STN-IND-0750,EESL Croma,Public EV Network,Delhi,New Delhi,"Ground Floor, Odeon Cine Complex, Middle Cir, D Block, Connaught Place, New Delhi, Delhi 110001",28.634181,77.22132,DC Fast Charger,Superfast,50,400V - 800V DC,24/7 Always Open,₹18 - ₹22 / kWh,4,4,0,0,Available,CCS-2 (60 kW DC); CHAdeMO (50 kW DC); Bharat DC-001 (15 kW),24/7 Security; ATM; EV Signs; Parking; Restroom; Shopping Mall; Wi-Fi
STN-IND-0751,EESL Ferns n Petal,Public EV Network,Delhi,New Delhi,"C-17.Inner Circle Opp.Odean Cinema, Rajiv Chowk, Connaught Place, New Delhi, Delhi 110001",28.634576,77.220625,DC Fast Charger,Superfast,50,400V - 800V DC,24/7 Always Open,₹18 - ₹22 / kWh,4,3,1,0,Available,CCS-2 (60 kW DC); CHAdeMO (50 kW DC); Bharat DC-001 (15 kW),24/7 Security; EV Signs; Parking
STN-IND-0752,EESL Van Heusen,Public EV Network,Delhi,New Delhi,"Ground & Mazanine Floor, Rajiv Chowk, Block A, Connaught Place, New Delhi, Delhi 110001",28.632964,77.217962,DC Fast Charger,Superfast,50,400V - 800V DC,24/7 Always Open,₹18 - ₹22 / kWh,4,1,3,0,Available,CCS-2 (60 kW DC); CHAdeMO (50 kW DC); Bharat DC-001 (15 kW),24/7 Security; EV Signs; Parking
STN-IND-0753,EESL Block B,Public EV Network,Delhi,New Delhi,"Shop No. B-29, Inner Circle, New Delhi, Delhi 110001",28.631988,77.216944,DC Fast Charger,Superfast,50,400V - 800V DC,24/7 Always Open,₹18 - ₹22 / kWh,4,2,1,1,Available,CCS-2 (60 kW DC); CHAdeMO (50 kW DC); Bharat DC-001 (15 kW),24/7 Security; EV Signs; Parking
STN-IND-0754,EESL PVR Plaza,Public EV Network,Delhi,New Delhi,"Plaza Mall, Connaught Cir, Block H, Connaught Place, New Delhi, Delhi 110001",28.635181,77.2196,DC Fast Charger,Superfast,50,400V - 800V DC,24/7 Always Open,₹18 - ₹22 / kWh,4,2,2,0,Available,CCS-2 (60 kW DC); CHAdeMO (50 kW DC); Bharat DC-001 (15 kW),24/7 Security; ATM; EV Signs; Parking; Restroom; Shopping Mall; Wi-Fi
STN-IND-0755,EESL Block H,Public EV Network,Delhi,New Delhi,"Connaught Cir, Block H, Connaught Place, New Delhi, Delhi 110001",28.634551,77.217917,DC Fast Charger,Superfast,50,400V - 800V DC,24/7 Always Open,₹18 - ₹22 / kWh,4,4,0,0,Available,CCS-2 (60 kW DC); CHAdeMO (50 kW DC); Bharat DC-001 (15 kW),24/7 Security; EV Signs; Parking
STN-IND-0756,EESL Iqbal Bros,Public EV Network,Delhi,New Delhi,"Marina Arcade, Middle Cir, Sector 1, Block G, Connaught Place, New Delhi, Delhi 110001",28.63392,77.217402,DC Fast Charger,Superfast,50,400V - 800V DC,24/7 Always Open,₹18 - ₹22 / kWh,4,3,1,0,Available,CCS-2 (60 kW DC); CHAdeMO (50 kW DC); Bharat DC-001 (15 kW),24/7 Security; EV Signs; Parking
STN-IND-0757,EESL Block A,Public EV Network,Delhi,New Delhi,"9 A, Phelps Building, Inner Circle, Connaught Place, New Delhi, Delhi 110001",28.632599,77.218338,DC Fast Charger,Superfast,50,400V - 800V DC,24/7 Always Open,₹18 - ₹22 / kWh,4,1,3,0,Available,CCS-2 (60 kW DC); CHAdeMO (50 kW DC); Bharat DC-001 (15 kW),24/7 Security; EV Signs; Parking
STN-IND-0758,EV Plugin Charge Cross River Mall,Public EV Network,Delhi,New Delhi,"Cross River Mall, Plot No - 9B & 9C, Basement, 2, CBD Ground, Shahdara, New Delhi, Delhi 110032",28.657401,77.302194,DC Fast Charger,Superfast,50,400V - 800V DC,09:00 AM - 11:00 PM,₹18 - ₹22 / kWh,4,2,1,1,Available,CCS-2 (60 kW DC); CHAdeMO (50 kW DC); Bharat DC-001 (15 kW),ATM; EV Signs; Parking; Restroom; Shopping Mall; Wi-Fi
STN-IND-0759,EESL Adwant Chowk Noida,Public EV Network,Uttar Pradesh,Noida,"Noida-Greater Noida Expy, Sector 142, Noida, Uttar Pradesh 201305",28.4992,77.412809,DC Fast Charger,Superfast,50,400V - 800V DC,24/7 Always Open,₹18 - ₹22 / kWh,4,2,2,0,Available,CCS-2 (60 kW DC); CHAdeMO (50 kW DC); Bharat DC-001 (15 kW),24/7 Security; EV Signs; Parking
STN-IND-0760,ESSL SPCI Noida,Public EV Network,Uttar Pradesh,Noida,"Road Between sector 124 & 125 & Beside SPCI Sector Road, Noida UP - 201313",28.544704,77.327263,DC Fast Charger,Superfast,50,400V - 800V DC,24/7 Always Open,₹18 - ₹22 / kWh,4,4,0,0,Available,CCS-2 (60 kW DC); CHAdeMO (50 kW DC); Bharat DC-001 (15 kW),24/7 Security; EV Signs; Parking
STN-IND-0761,ESSL Sector 50 Market,Public EV Network,Uttar Pradesh,Noida,"B Block, Sector 50, Noida, Uttar Pradesh 201303",28.570889,77.362121,DC Fast Charger,Superfast,50,400V - 800V DC,09:00 AM - 11:00 PM,₹18 - ₹22 / kWh,4,3,1,0,Available,CCS-2 (60 kW DC); CHAdeMO (50 kW DC); Bharat DC-001 (15 kW),EV Signs; Parking
STN-IND-0762,EESL Sector 51 Noida Afinity Salon,Public EV Network,Uttar Pradesh,Noida,"Shop No 2, 1st Floor, Block B1-A, Sector 51, Above IDBI Bank, Noida, Uttar Pradesh 201301",28.577409,77.360975,DC Fast Charger,Superfast,50,400V - 800V DC,24/7 Always Open,₹18 - ₹22 / kWh,4,1,3,0,Available,CCS-2 (60 kW DC); CHAdeMO (50 kW DC); Bharat DC-001 (15 kW),24/7 Security; EV Signs; Parking
STN-IND-0763,EESL Ganga Shopping Complex Noida,Public EV Network,Uttar Pradesh,Noida,"29, Sector 50 Block, A Block Rd, A-Block, Sector 50, Noida, Uttar Pradesh 201303",28.567893,77.335267,DC Fast Charger,Superfast,50,400V - 800V DC,09:00 AM - 11:00 PM,₹18 - ₹22 / kWh,4,2,1,1,Available,CCS-2 (60 kW DC); CHAdeMO (50 kW DC); Bharat DC-001 (15 kW),ATM; EV Signs; Parking; Restroom; Shopping Mall; Wi-Fi
STN-IND-0764,EESL Kirti Mann Plaza Noida,Public EV Network,Uttar Pradesh,Noida,"16-C Indian Bank, Block E, Sector 30, Noida, Uttar Pradesh 201303",28.572996,77.34051,DC Fast Charger,Superfast,50,400V - 800V DC,24/7 Always Open,₹18 - ₹22 / kWh,4,2,2,0,Available,CCS-2 (60 kW DC); CHAdeMO (50 kW DC); Bharat DC-001 (15 kW),24/7 Security; EV Signs; Parking
STN-IND-0765,EESL RTO Office Noida,Public EV Network,Uttar Pradesh,Noida,"opposite NTPC, Block A, Sector 32, Noida, Uttar Pradesh 201301",28.587648,77.352087,DC Fast Charger,Superfast,50,400V - 800V DC,24/7 Always Open,₹18 - ₹22 / kWh,4,4,0,0,Available,CCS-2 (60 kW DC); CHAdeMO (50 kW DC); Bharat DC-001 (15 kW),24/7 Security; EV Signs; Parking
STN-IND-0766,EESL Shopprix Mall Noida,Public EV Network,Uttar Pradesh,Noida,"Maharaja Agrasen Marg, A-Block, Sector 61, Noida, Uttar Pradesh 201307",28.597175,77.364803,DC Fast Charger,Superfast,50,400V - 800V DC,09:00 AM - 11:00 PM,₹18 - ₹22 / kWh,4,3,1,0,Available,CCS-2 (60 kW DC); CHAdeMO (50 kW DC); Bharat DC-001 (15 kW),ATM; EV Signs; Parking; Restroom; Shopping Mall; Wi-Fi
STN-IND-0767,EESL Opp Sasta Sundar Hospital Sector 58 Noida,Public EV Network,Uttar Pradesh,Noida,"A 94/7, A Block, Sector 58, Noida, Uttar Pradesh 201301",28.604886,77.359584,DC Fast Charger,Superfast,50,400V - 800V DC,24/7 Always Open,₹18 - ₹22 / kWh,4,1,3,0,Available,CCS-2 (60 kW DC); CHAdeMO (50 kW DC); Bharat DC-001 (15 kW),24/7 Security; EV Signs; Parking
STN-IND-0768,EESL HCL Sector 8 Noida,Public EV Network,Uttar Pradesh,Noida,"B-26, B Block, Sector 8, Noida, Uttar Pradesh 201301",28.595051,77.330419,DC Fast Charger,Superfast,50,400V - 800V DC,24/7 Always Open,₹18 - ₹22 / kWh,4,2,1,1,Available,CCS-2 (60 kW DC); CHAdeMO (50 kW DC); Bharat DC-001 (15 kW),24/7 Security; EV Signs; Parking
STN-IND-0769,EESL Tata Advance Systems Noida,Public EV Network,Uttar Pradesh,Noida,"Near Tata Advance Systems Sector - 59, Noida , UP- 201301",28.596169,77.32663,DC Fast Charger,Superfast,50,400V - 800V DC,24/7 Always Open,₹18 - ₹22 / kWh,4,2,2,0,Available,CCS-2 (60 kW DC); CHAdeMO (50 kW DC); Bharat DC-001 (15 kW),24/7 Security; EV Signs; Parking
STN-IND-0770,EESL Jain air Travels Sector 2 Noida,Public EV Network,Uttar Pradesh,Noida,"Opp C-101 Jain Air Travels, Sector 2 , Noida",28.584865,77.315032,DC Fast Charger,Superfast,50,400V - 800V DC,24/7 Always Open,₹18 - ₹22 / kWh,4,4,0,0,Available,CCS-2 (60 kW DC); CHAdeMO (50 kW DC); Bharat DC-001 (15 kW),24/7 Security; EV Signs; Parking
STN-IND-0771,EESL Alka Cinema Noida,Public EV Network,Uttar Pradesh,Noida,"Noida Authority Parking, Sector 15, Nithari, Noida Dadri, Gautam Buddha Nagar, UP -201301",28.582607,77.312844,DC Fast Charger,Superfast,50,400V - 800V DC,24/7 Always Open,₹18 - ₹22 / kWh,4,3,1,0,Available,CCS-2 (60 kW DC); CHAdeMO (50 kW DC); Bharat DC-001 (15 kW),24/7 Security; EV Signs; Parking
STN-IND-0772,EESL Electronic City Metro Station,Public EV Network,Uttar Pradesh,Noida,"Electronic city Metro Station, Gate no 2, Sector 63, Noida UP - 201301",28.626475,77.375142,DC Fast Charger,Superfast,50,400V - 800V DC,24/7 Always Open,₹18 - ₹22 / kWh,4,1,3,0,Available,CCS-2 (60 kW DC); CHAdeMO (50 kW DC); Bharat DC-001 (15 kW),24/7 Security; EV Signs; Parking
STN-IND-0773,"EESL H- Block Market, Haldiram",Public EV Network,Uttar Pradesh,Noida,"H- Block Market, Haldiram Car Parking, Sector 63, Noida 201301",28.628191,77.375303,DC Fast Charger,Superfast,50,400V - 800V DC,09:00 AM - 11:00 PM,₹18 - ₹22 / kWh,4,2,1,1,Available,CCS-2 (60 kW DC); CHAdeMO (50 kW DC); Bharat DC-001 (15 kW),EV Signs; Parking
STN-IND-0774,EESL Prayas Bhawan Naya Raipur,Public EV Network,Chhattisgarh,Raipur,"Public Parking, Prayas Bhawan, Sec -19, Atal Nagar, Nava Raipur",21.163948,81.788547,DC Fast Charger,Superfast,50,400V - 800V DC,24/7 Always Open,₹18 - ₹22 / kWh,4,2,2,0,Available,CCS-2 (60 kW DC); CHAdeMO (50 kW DC); Bharat DC-001 (15 kW),24/7 Security; EV Signs; Parking
STN-IND-0775,Anert -EESL Sangamukham Kerala,Public EV Network,Kerala,Thiruvananthapuram,"Thiruvananthapuram, Shangumukham, Kannanthura, Thiruvananthapuram, Kerala 695008",8.481361,76.912482,DC Fast Charger,Superfast,50,400V - 800V DC,24/7 Always Open,₹18 - ₹22 / kWh,4,4,0,0,Available,CCS-2 (60 kW DC); CHAdeMO (50 kW DC); Bharat DC-001 (15 kW),24/7 Security; EV Signs; Parking
STN-IND-0776,KSEBL Viyyur,Public EV Network,Kerala,Thrissur,"Padukad, Keltron Nagar, Kolazhy, Thrissur, Kerala 680010",10.560449,76.217144,DC Fast Charger,Superfast,50,400V - 800V DC,24/7 Always Open,₹18 - ₹22 / kWh,4,3,1,0,Available,CCS-2 (60 kW DC); CHAdeMO (50 kW DC); Bharat DC-001 (15 kW),24/7 Security; EV Signs; Parking
STN-IND-0777,ANERT EESL thycaucd,Public EV Network,Kerala,Thiruvananthapuram,"State Council For Child Welfare, CV Raman Pillai Rd, Near Kerala, Housing Board, Thycaud, Thiruvananthapuram, Kerala 695014",8.492852,76.958014,DC Fast Charger,Superfast,50,400V - 800V DC,24/7 Always Open,₹18 - ₹22 / kWh,4,1,3,0,Available,CCS-2 (60 kW DC); CHAdeMO (50 kW DC); Bharat DC-001 (15 kW),24/7 Security; EV Signs; Parking
STN-IND-0778,ANERT Zivah EV charger,Public EV Network,Kerala,Thiruvananthapuram,"Vikas Bhavan P. O, Law College Rd, PMG, Thiruvananthapuram, Kerala 695033",8.508848,76.946223,DC Fast Charger,Superfast,50,400V - 800V DC,24/7 Always Open,₹18 - ₹22 / kWh,4,2,1,1,Available,CCS-2 (60 kW DC); CHAdeMO (50 kW DC); Bharat DC-001 (15 kW),24/7 Security; EV Signs; Parking
STN-IND-0779,EESL Mantralaya Naya Raipur,Public EV Network,Chhattisgarh,Raipur,"Sector 19, Kotara Bhantha, Naya Raipur, Chhattisgarh 492101",21.160122,81.795153,DC Fast Charger,Superfast,50,400V - 800V DC,24/7 Always Open,₹18 - ₹22 / kWh,4,2,2,0,Available,CCS-2 (60 kW DC); CHAdeMO (50 kW DC); Bharat DC-001 (15 kW),24/7 Security; EV Signs; Parking
STN-IND-0780,TS Transco Vidyut soudha,Public EV Network,Telangana,Hyderabad,"6-3-643, second floor, khairatabad rd, raj bhavan quarters colony, somajiguda, hyderabad,500004",17.414061,78.45778,DC Fast Charger,Superfast,50,400V - 800V DC,24/7 Always Open,₹18 - ₹22 / kWh,4,4,0,0,Available,CCS-2 (60 kW DC); CHAdeMO (50 kW DC); Bharat DC-001 (15 kW),24/7 Security; EV Signs; Parking
STN-IND-0781,TSIPARD,Public EV Network,Telangana,Hyderabad,"Telnagana state institute of rural development - Police Quaters, Rajendranagar mandal, Hyderabad, Telangana 500030",17.316945,78.402467,DC Fast Charger,Superfast,50,400V - 800V DC,24/7 Always Open,₹18 - ₹22 / kWh,4,3,1,0,Available,CCS-2 (60 kW DC); CHAdeMO (50 kW DC); Bharat DC-001 (15 kW),24/7 Security; EV Signs; Parking
STN-IND-0782,HPCL Autocare Sajgaon,HPCL Energy,Maharashtra,Lonavala,"Dahivati Tarf Boreti, Maharashtra 410203",18.793203,73.296994,DC Fast Charger,Superfast,50,400V - 800V DC,24/7 Always Open,₹18 - ₹22 / kWh,4,1,3,0,Available,CCS-2 (60 kW DC); CHAdeMO (50 kW DC); Bharat DC-001 (15 kW),24/7 Security; Air Pump; Convenience Store; EV Signs; Parking; Restroom
STN-IND-0783,Lifeon Industries,Public EV Network,Maharashtra,Navi Mumbai,"D298, TTC Industrial area, turbhe",19.068954,73.02251,DC Fast Charger,Superfast,50,400V - 800V DC,24/7 Always Open,₹18 - ₹22 / kWh,4,2,1,1,Available,CCS-2 (60 kW DC); CHAdeMO (50 kW DC); Bharat DC-001 (15 kW),24/7 Security; EV Signs; Parking
STN-IND-0784,Relux Experience Centre (ABS e-auto & Charger),Public EV Network,Tamil Nadu,Chennai,"NO: 16/8, PRV Towers, GST Road, Guindy, Chennai, Tamil Nadu - 600 032",13.007777,80.207309,DC Fast Charger,Superfast,50,400V - 800V DC,24/7 Always Open,₹18 - ₹22 / kWh,4,2,2,0,Available,CCS-2 (60 kW DC); CHAdeMO (50 kW DC); Bharat DC-001 (15 kW),24/7 Security; ATM; EV Signs; Parking; Restroom; Shopping Mall; Wi-Fi
STN-IND-0785,Hotel Aishwarya Bhavan (Safa Electric),Public EV Network,Tamil Nadu,Villupuram,"Chennai - Trichy Highway, Tindivanam, Tamil Nadu - 604001",12.240345,79.662282,DC Fast Charger,Superfast,50,400V - 800V DC,24/7 Always Open,₹18 - ₹22 / kWh,4,4,0,0,Available,CCS-2 (60 kW DC); CHAdeMO (50 kW DC); Bharat DC-001 (15 kW),24/7 Security; Dining / Cafe; EV Signs; Parking; Restroom
STN-IND-0786,Sihla Energy Sihla Energy,Public EV Network,Kerala,Malappuram,"Thrissur-Kunnakulam SH 69, Valayankulam, Kerala - 679591",10.734775,76.048544,DC Fast Charger,Superfast,50,400V - 800V DC,24/7 Always Open,₹18 - ₹22 / kWh,4,3,1,0,Available,CCS-2 (60 kW DC); CHAdeMO (50 kW DC); Bharat DC-001 (15 kW),24/7 Security; EV Signs; Parking
STN-IND-0787,Ammayii Hotel & Resorts (PKS Charging Station),Public EV Network,Tamil Nadu,Tiruvannamalai,"Old No: 80, New No: 40, Sannathi Street, Opp Karur Vysya Bank, Thiruvanamalai, Tamil Nadu - 606601",12.236394,79.089601,DC Fast Charger,Superfast,50,400V - 800V DC,24/7 Always Open,₹18 - ₹22 / kWh,4,1,3,0,Available,CCS-2 (60 kW DC); CHAdeMO (50 kW DC); Bharat DC-001 (15 kW),24/7 Security; Dining / Cafe; EV Signs; Parking; Restroom
STN-IND-0788,AARGO CSC MINTO ROAD,Public EV Network,Delhi,New Delhi,"AARGO CSC MINTO ROAD, New Delhi, Delhi, India",28.63547,77.2213,DC Fast Charger,Superfast,60,400V - 800V DC,24/7 Always Open,₹18 - ₹22 / kWh,4,2,1,1,Available,CCS-2 (60 kW DC); CHAdeMO (50 kW DC); Bharat DC-001 (15 kW),24/7 Security; EV Signs; Parking
STN-IND-0789,AARGO GOLDEN GALAXY HOTEL,Public EV Network,Haryana,Faridabad,"AARGO GOLDEN GALAXY HOTEL, Faridabad, Haryana, India",28.288075,77.295116,DC Fast Charger,Superfast,60,400V - 800V DC,24/7 Always Open,₹18 - ₹22 / kWh,4,2,2,0,Available,CCS-2 (60 kW DC); CHAdeMO (50 kW DC); Bharat DC-001 (15 kW),24/7 Security; Dining / Cafe; EV Signs; Parking; Restroom
STN-IND-0790,AARGO ASLI PAPPU DHABA,Public EV Network,Uttar Pradesh,Kosi Kalan,"AARGO ASLI PAPPU DHABA, Kosi Kalan, Uttar Pradesh, India",27.832687,77.418785,DC Fast Charger,Superfast,60,400V - 800V DC,24/7 Always Open,₹18 - ₹22 / kWh,4,4,0,0,Available,CCS-2 (60 kW DC); CHAdeMO (50 kW DC); Bharat DC-001 (15 kW),24/7 Security; Dining / Cafe; EV Signs; Parking; Restroom
STN-IND-0791,Hemank Auto Parts,Public EV Network,Maharashtra,Pune,"B-5 Electronic Estate,MIDC,Bhosari,Pune",18.621902,73.82497,DC Fast Charger,Superfast,50,400V - 800V DC,24/7 Always Open,₹18 - ₹22 / kWh,4,3,1,0,Available,CCS-2 (60 kW DC); CHAdeMO (50 kW DC); Bharat DC-001 (15 kW),24/7 Security; EV Signs; Parking
STN-IND-0792,"HPCL autocare,Sajgaon",HPCL Energy,Maharashtra,Sajgaon,"Autocare centre,COCO VIII,Mumbai-Pune express.Khalapur Toll Naka Sajgaon",18.793453,73.297219,DC Fast Charger,Superfast,50,400V - 800V DC,24/7 Always Open,₹18 - ₹22 / kWh,4,1,3,0,Available,CCS-2 (60 kW DC); CHAdeMO (50 kW DC); Bharat DC-001 (15 kW),24/7 Security; Air Pump; Convenience Store; EV Signs; Parking; Restroom
STN-IND-0793,Hotel swagat INN,Public EV Network,Gujarat,Amboli,"94, NH 48, opp. Tata Motors, Amboli, Gujarat 394150",21.301571,72.953782,DC Fast Charger,Superfast,50,400V - 800V DC,24/7 Always Open,₹18 - ₹22 / kWh,4,2,1,1,Available,CCS-2 (60 kW DC); CHAdeMO (50 kW DC); Bharat DC-001 (15 kW),24/7 Security; Dining / Cafe; EV Signs; Parking; Restroom
STN-IND-0794,MH|MUMBAI|POWAI#HIRANANDANI GARDENS,Public EV Network,Maharashtra,Mumbai,"TECHNOLOGY ST,HIRANANADANI GARDENS,SAINATH NAGAR,POWAI,MUMBAI,MAHARASHTARA 400076",19.119994,72.914104,DC Fast Charger,Superfast,60,400V - 800V DC,24/7 Always Open,₹18 - ₹22 / kWh,4,2,2,0,Available,CCS-2 (60 kW DC); CHAdeMO (50 kW DC); Bharat DC-001 (15 kW),24/7 Security; EV Signs; Parking
STN-IND-0795,MH|TALASARI|HOTEL SAHYADRI,Public EV Network,Maharashtra,Mumbai,"HOTEL SAHYADRI,TALASARI,AJMER ROAD,ACHAD,MAHARASHTRA 401606",20.221177,72.88123,DC Fast Charger,Superfast,60,400V - 800V DC,24/7 Always Open,₹18 - ₹22 / kWh,4,4,0,0,Available,CCS-2 (60 kW DC); CHAdeMO (50 kW DC); Bharat DC-001 (15 kW),24/7 Security; Dining / Cafe; EV Signs; Parking; Restroom
STN-IND-0796,"GJ|NAVSARI|NH 8,GRID ROAD",Public EV Network,Gujarat,Navsari,"HOTEL  FUN CITY(PURE VEG),NH 8,GRID ROAD,BESIDE PEEDEE ELECTRONCS,KABILPORE,NAVSARI",20.944574,72.962844,DC Fast Charger,Superfast,60,400V - 800V DC,24/7 Always Open,₹18 - ₹22 / kWh,4,3,1,0,Available,CCS-2 (60 kW DC); CHAdeMO (50 kW DC); Bharat DC-001 (15 kW),24/7 Security; Dining / Cafe; EV Signs; Parking; Restroom
STN-IND-0797,"HONEST RESTAURANT NH8,MIYAGAM,MIYAGAM KARJAN,GUJARAT",Public EV Network,Gujarat,Karjan,"opposite bharthana village, near elentic tolnaka between baroda to bharuch, NH8, miyagam, Karjan, Gujarat 391240",22.024158,73.117533,DC Fast Charger,Superfast,60,400V - 800V DC,09:00 AM - 11:00 PM,₹18 - ₹22 / kWh,4,1,3,0,Available,CCS-2 (60 kW DC); CHAdeMO (50 kW DC); Bharat DC-001 (15 kW),Dining / Cafe; EV Signs; Parking; Restroom
STN-IND-0798,BESCOM HSR LAYOUT,Public EV Network,Karnataka,Bengaluru,"HSR LAYOUT,BENGALURU,KARNATAKA 560001",12.911624,77.648997,DC Fast Charger,Superfast,50,400V - 800V DC,24/7 Always Open,₹18 - ₹22 / kWh,4,2,1,1,Available,CCS-2 (60 kW DC); CHAdeMO (50 kW DC); Bharat DC-001 (15 kW),24/7 Security; EV Signs; Parking
STN-IND-0799,BESCOM BTM LAYOUT,Public EV Network,Karnataka,Bengaluru,"u00a016th Main, 100ft Ring Road, BTM 1st stage, Opp. Advitha Petrol Bunk, Bengaluru, Karnataka 560076",12.918954,77.612476,DC Fast Charger,Superfast,50,400V - 800V DC,24/7 Always Open,₹18 - ₹22 / kWh,4,2,2,0,Available,CCS-2 (60 kW DC); CHAdeMO (50 kW DC); Bharat DC-001 (15 kW),24/7 Security; Air Pump; Convenience Store; EV Signs; Parking; Restroom
STN-IND-0800,BESCOM KATRIGUPPE,Public EV Network,Karnataka,Bengaluru,"KATRIGUPPE,BENGALURU,KARNATAKA 560001",12.93068,77.576627,DC Fast Charger,Superfast,50,400V - 800V DC,24/7 Always Open,₹18 - ₹22 / kWh,4,4,0,0,Available,CCS-2 (60 kW DC); CHAdeMO (50 kW DC); Bharat DC-001 (15 kW),24/7 Security; EV Signs; Parking
STN-IND-0801,BESCOM BYATARAYANAPURA,Public EV Network,Karnataka,Bengaluru,"BYATARAYANAPURA,BENGALURU,KARNATAKA 560001",12.949976,77.540718,DC Fast Charger,Superfast,50,400V - 800V DC,24/7 Always Open,₹18 - ₹22 / kWh,4,3,1,0,Available,CCS-2 (60 kW DC); CHAdeMO (50 kW DC); Bharat DC-001 (15 kW),24/7 Security; EV Signs; Parking
STN-IND-0802,BESCOM MURUGESHPALAYA,HPCL Energy,Karnataka,Bengaluru,"MURUGESHPALYA,ENGALURU,KARNATAKA 560001",12.958984,77.664403,DC Fast Charger,Superfast,50,400V - 800V DC,24/7 Always Open,₹18 - ₹22 / kWh,4,1,3,0,Available,CCS-2 (60 kW DC); CHAdeMO (50 kW DC); Bharat DC-001 (15 kW),24/7 Security; Air Pump; Convenience Store; EV Signs; Parking; Restroom
STN-IND-0803,BESCOM INDIRANAGAR,Public EV Network,Karnataka,Bengaluru,"HAL 2nd Stage, Kodihalli, Bengaluru, Karnataka 560008",12.964959,77.644235,DC Fast Charger,Superfast,50,400V - 800V DC,24/7 Always Open,₹18 - ₹22 / kWh,4,2,1,1,Available,CCS-2 (60 kW DC); CHAdeMO (50 kW DC); Bharat DC-001 (15 kW),24/7 Security; EV Signs; Parking
STN-IND-0804,BBMP CORPORATION OFFICE,Public EV Network,Karnataka,Bengaluru,"29, Temple Rd, M S K Nagar, Yesvantpur Industrial Suburb, Yeswanthpur, Bengaluru, Karnataka 560022",13.024254,77.536719,DC Fast Charger,Superfast,50,400V - 800V DC,24/7 Always Open,₹18 - ₹22 / kWh,4,2,2,0,Available,CCS-2 (60 kW DC); CHAdeMO (50 kW DC); Bharat DC-001 (15 kW),24/7 Security; Air Pump; Convenience Store; EV Signs; Parking; Restroom
STN-IND-0805,SHIVAJINAGAR TTMC,Public EV Network,Karnataka,Bengaluru,"Bengaluru, Karnataka 562123",13.066895,77.44431,DC Fast Charger,Superfast,50,400V - 800V DC,24/7 Always Open,₹18 - ₹22 / kWh,4,4,0,0,Available,CCS-2 (60 kW DC); CHAdeMO (50 kW DC); Bharat DC-001 (15 kW),24/7 Security; EV Signs; Parking
STN-IND-0806,BESCOM BANASWADI,Public EV Network,Karnataka,Bengaluru,"301-305, 5th D Main Rd, HRBR Layout 2nd Block, HRBR Layout, Kalyan Nagar, Bengaluru, Karnataka 560043",13.02043,77.640934,DC Fast Charger,Superfast,50,400V - 800V DC,24/7 Always Open,₹18 - ₹22 / kWh,4,3,1,0,Available,CCS-2 (60 kW DC); CHAdeMO (50 kW DC); Bharat DC-001 (15 kW),24/7 Security; EV Signs; Parking
STN-IND-0807,BESCOM MAHADEVAPURA,Public EV Network,Karnataka,Bengaluru,"ITPL Main Rd, Vigneshwar Nagar, Devasandra Industrial Estate, Krishnarajapura, Bengaluru, Karnataka 560048",12.994936,77.699245,DC Fast Charger,Superfast,50,400V - 800V DC,24/7 Always Open,₹18 - ₹22 / kWh,4,1,3,0,Available,CCS-2 (60 kW DC); CHAdeMO (50 kW DC); Bharat DC-001 (15 kW),24/7 Security; EV Signs; Parking
STN-IND-0808,BESCOM YALHANKA,Public EV Network,Karnataka,Bengaluru,"SUGAPPA LAYOUT,EAST COLONY,YELAHANKA",13.095965,77.594526,DC Fast Charger,Superfast,50,400V - 800V DC,24/7 Always Open,₹18 - ₹22 / kWh,4,2,1,1,Available,CCS-2 (60 kW DC); CHAdeMO (50 kW DC); Bharat DC-001 (15 kW),24/7 Security; EV Signs; Parking
STN-IND-0809,BESCOM JALAHALLI,Public EV Network,Karnataka,Bengaluru,"JALAHALLI O &M ,NEAR POLICE STATION,HMT GROUND,BANGALORE",13.053354,77.543227,DC Fast Charger,Superfast,50,400V - 800V DC,24/7 Always Open,₹18 - ₹22 / kWh,4,2,2,0,Available,CCS-2 (60 kW DC); CHAdeMO (50 kW DC); Bharat DC-001 (15 kW),24/7 Security; EV Signs; Parking
STN-IND-0810,BESCOM MATHIKERE,Public EV Network,Karnataka,Bengaluru,"MATHIKERE,BENGALURU,KARNATAKA 560001",13.038239,77.557751,DC Fast Charger,Superfast,50,400V - 800V DC,24/7 Always Open,₹18 - ₹22 / kWh,4,4,0,0,Available,CCS-2 (60 kW DC); CHAdeMO (50 kW DC); Bharat DC-001 (15 kW),24/7 Security; EV Signs; Parking
STN-IND-0811,BESCOM -PEENYA SRS O&M,Public EV Network,Karnataka,Bengaluru,"SRS Rd, Yeshwanthpur Suburb II Stage, Yesvanpur Surburb, Peenya, Bengaluru, Karnataka 560058",13.032111,77.527483,DC Fast Charger,Superfast,50,400V - 800V DC,24/7 Always Open,₹18 - ₹22 / kWh,4,3,1,0,Available,CCS-2 (60 kW DC); CHAdeMO (50 kW DC); Bharat DC-001 (15 kW),24/7 Security; Air Pump; Convenience Store; EV Signs; Parking; Restroom
STN-IND-0812,EESL High court station,Public EV Network,Tamil Nadu,Chennai,High Court Metro Station Chennai (CMRL),13.088249,80.285359,DC Fast Charger,Superfast,50,400V - 800V DC,24/7 Always Open,₹18 - ₹22 / kWh,4,1,3,0,Available,CCS-2 (60 kW DC); CHAdeMO (50 kW DC); Bharat DC-001 (15 kW),24/7 Security; EV Signs; Parking
STN-IND-0813,EESL Chennai Egmore metro,Public EV Network,Tamil Nadu,Chennai,"Chennai Egmore metro, Chennai (CMRL)",13.079097,80.261538,DC Fast Charger,Superfast,50,400V - 800V DC,24/7 Always Open,₹18 - ₹22 / kWh,4,2,1,1,Available,CCS-2 (60 kW DC); CHAdeMO (50 kW DC); Bharat DC-001 (15 kW),24/7 Security; EV Signs; Parking
STN-IND-0814,EESL Saidapet Metro station,Public EV Network,Tamil Nadu,Chennai,Saidapet Metro station,13.0237,80.2282,DC Fast Charger,Superfast,50,400V - 800V DC,24/7 Always Open,₹18 - ₹22 / kWh,4,2,2,0,Available,CCS-2 (60 kW DC); CHAdeMO (50 kW DC); Bharat DC-001 (15 kW),24/7 Security; EV Signs; Parking
STN-IND-0815,EESL Tirumangalam Metro station,Public EV Network,Tamil Nadu,Chennai,Tirumangalam Metro station,13.0853,80.2016,DC Fast Charger,Superfast,50,400V - 800V DC,24/7 Always Open,₹18 - ₹22 / kWh,4,4,0,0,Available,CCS-2 (60 kW DC); CHAdeMO (50 kW DC); Bharat DC-001 (15 kW),24/7 Security; EV Signs; Parking
STN-IND-0816,EESL Chelmsford Club,Public EV Network,Delhi,New Delhi,"Outside Chelmsford Club/ Opposite CSIR Building, Rafi Marg, Sansad Marg Area, New Delhi 110001",28.61826,77.21257,DC Fast Charger,Superfast,50,400V - 800V DC,24/7 Always Open,₹18 - ₹22 / kWh,4,3,1,0,Available,CCS-2 (60 kW DC); CHAdeMO (50 kW DC); Bharat DC-001 (15 kW),24/7 Security; EV Signs; Parking
STN-IND-0817,u00a0EESL Sushma Swaraj Bhawan,Public EV Network,Delhi,New Delhi,"Susma swaraj Bhawan, MEA, New Delhi",28.595833,77.180556,DC Fast Charger,Superfast,50,400V - 800V DC,24/7 Always Open,₹18 - ₹22 / kWh,4,1,3,0,Available,CCS-2 (60 kW DC); CHAdeMO (50 kW DC); Bharat DC-001 (15 kW),24/7 Security; EV Signs; Parking
STN-IND-0818,EESL Delhi Haat,Public EV Network,Delhi,New Delhi,"NMDC Parking, Dilli Haat, West Kidwai Nagar, New Delhi 110023",28.572793,77.208662,DC Fast Charger,Superfast,50,400V - 800V DC,24/7 Always Open,₹18 - ₹22 / kWh,4,2,1,1,Available,CCS-2 (60 kW DC); CHAdeMO (50 kW DC); Bharat DC-001 (15 kW),24/7 Security; EV Signs; Parking
STN-IND-0819,EESL Legislative Assembly Goa,Public EV Network,Goa,Goa,"GDA, Goa",15.510472,73.837222,DC Fast Charger,Superfast,50,400V - 800V DC,24/7 Always Open,₹18 - ₹22 / kWh,4,2,2,0,Available,CCS-2 (60 kW DC); CHAdeMO (50 kW DC); Bharat DC-001 (15 kW),24/7 Security; EV Signs; Parking
STN-IND-0820,ANERT-EESL Ernakulam Kerala,Public EV Network,Kerala,Kochi,"KTDC Tourist Reception Centre Shanmugham road, Ernakulam, Marine drive, Kochi Kerala-682031",9.977164,76.27777,DC Fast Charger,Superfast,50,400V - 800V DC,24/7 Always Open,₹18 - ₹22 / kWh,4,4,0,0,Available,CCS-2 (60 kW DC); CHAdeMO (50 kW DC); Bharat DC-001 (15 kW),24/7 Security; EV Signs; Parking
STN-IND-0821,HAREDA EESL Panchkula,Public EV Network,Haryana,Panchkula,"HAREDA, Akshay Urja Bhawan , Institutional plot No.1 Sector-17 Panchkula , 134109 Haryana",30.695929,76.834874,DC Fast Charger,Superfast,50,400V - 800V DC,24/7 Always Open,₹18 - ₹22 / kWh,4,3,1,0,Available,CCS-2 (60 kW DC); CHAdeMO (50 kW DC); Bharat DC-001 (15 kW),24/7 Security; EV Signs; Parking
STN-IND-0822,ANERT-EESL AUTOKAST Kerala,Public EV Network,Kerala,Perunnermangalam,"AUTOKAST premises, South East End adjacent to NH 66, Mararikulam North Village, Perunnermangalam, Muriyil.",9.63628,76.3352,DC Fast Charger,Superfast,50,400V - 800V DC,24/7 Always Open,₹18 - ₹22 / kWh,4,1,3,0,Available,CCS-2 (60 kW DC); CHAdeMO (50 kW DC); Bharat DC-001 (15 kW),24/7 Security; EV Signs; Parking
STN-IND-0823,ANERT-EESL Sangamukham Kerala,Public EV Network,Kerala,Thiruvanthapuram,"Sanghumukham DTPC office, Shanghumukham beach, thiruvananthapuram,Kerala- 605007",8.481159,76.912456,DC Fast Charger,Superfast,50,400V - 800V DC,24/7 Always Open,₹18 - ₹22 / kWh,4,2,1,1,Available,CCS-2 (60 kW DC); CHAdeMO (50 kW DC); Bharat DC-001 (15 kW),24/7 Security; EV Signs; Parking
STN-IND-0824,ANERT-EESL Thycaud Kerala,Public EV Network,Kerala,Thiruvanthapuram,"State Council For Child Welfare, CV Raman Pillai Rd, Near Kerala, Housing Board, Thycaud, Thiruvananthapuram, Kerala 695014",8.492775,76.957296,DC Fast Charger,Superfast,50,400V - 800V DC,24/7 Always Open,₹18 - ₹22 / kWh,4,2,2,0,Available,CCS-2 (60 kW DC); CHAdeMO (50 kW DC); Bharat DC-001 (15 kW),24/7 Security; EV Signs; Parking
STN-IND-0825,KSEB NEMOM,Public EV Network,Kerala,Thiruvananthapuram,NEYYATTINKARA,8.460016,77.004025,DC Fast Charger,Superfast,50,400V - 800V DC,24/7 Always Open,₹18 - ₹22 / kWh,4,4,0,0,Available,CCS-2 (60 kW DC); CHAdeMO (50 kW DC); Bharat DC-001 (15 kW),24/7 Security; EV Signs; Parking
STN-IND-0826,KSEBL OLAI,Public EV Network,Kerala,Thiruvananthapuram,"NH 66, T D Nagar, Olayil, High School Jun, Kollam, Kerala 691009",8.892953,76.578787,DC Fast Charger,Superfast,50,400V - 800V DC,24/7 Always Open,₹18 - ₹22 / kWh,4,3,1,0,Available,CCS-2 (60 kW DC); CHAdeMO (50 kW DC); Bharat DC-001 (15 kW),24/7 Security; EV Signs; Parking
STN-IND-0827,KSEBL PALARIVATTOM,Public EV Network,Kerala,Thiruvananthapuram,"Palarivattom - Edappally Rd, Sonia Nagar, Palarivattom, Ernakulam, Kerala 682565",10.005526,76.305045,DC Fast Charger,Superfast,50,400V - 800V DC,24/7 Always Open,₹18 - ₹22 / kWh,4,1,3,0,Available,CCS-2 (60 kW DC); CHAdeMO (50 kW DC); Bharat DC-001 (15 kW),24/7 Security; EV Signs; Parking
STN-IND-0828,KSEBL VIYYUR,Public EV Network,Kerala,Thiruvananthapuram,"H668+2VH, Padukad, Keltron Nagar, Kolazhy, Thrissur, Kerala 680010",10.560523,76.217241,DC Fast Charger,Superfast,50,400V - 800V DC,24/7 Always Open,₹18 - ₹22 / kWh,4,2,1,1,Available,CCS-2 (60 kW DC); CHAdeMO (50 kW DC); Bharat DC-001 (15 kW),24/7 Security; EV Signs; Parking
STN-IND-0829,KSEBL NALLALAM,Public EV Network,Kerala,Thiruvananthapuram,"Modern Bazar, Nallalam, Kozhikode, Kerala 673018",11.208381,75.808486,DC Fast Charger,Superfast,50,400V - 800V DC,24/7 Always Open,₹18 - ₹22 / kWh,4,2,2,0,Available,CCS-2 (60 kW DC); CHAdeMO (50 kW DC); Bharat DC-001 (15 kW),24/7 Security; EV Signs; Parking
STN-IND-0830,KSEBL CHOVVA,Public EV Network,Kerala,Thiruvananthapuram,"Kannur - Kuthuparamba Rd, Elayavoor, Kerala 670331",11.868939,75.403166,DC Fast Charger,Superfast,50,400V - 800V DC,24/7 Always Open,₹18 - ₹22 / kWh,4,4,0,0,Available,CCS-2 (60 kW DC); CHAdeMO (50 kW DC); Bharat DC-001 (15 kW),24/7 Security; EV Signs; Parking
STN-IND-0831,MG AHMEDABAD MAKARBA,Public EV Network,Gujarat,Ahmedabad,"PLOT NO 2,GROUND FLOOR,SURVEY NO 841/1 AND 2,10,SIGNATURE 1 ,NEAR OLD RAILWAY LINE,SG HIGHWAY,MAKARBA,GUJARAT 3850051 AHMEDABAD",22.996681,72.498226,DC Fast Charger,Superfast,50,400V - 800V DC,24/7 Always Open,₹18 - ₹22 / kWh,4,3,1,0,Available,CCS-2 (60 kW DC); CHAdeMO (50 kW DC); Bharat DC-001 (15 kW),24/7 Security; EV Signs; Parking
STN-IND-0832,MG BENGALURU,Public EV Network,Karnataka,Electronic City,"195/6/2,WARD NO 192,BHARATENA AGRAHARA,LAVA KUSHA NAGAR,HOSUR ROAD,KARNATAKA 560100 BENGALURU",12.865032,77.657853,DC Fast Charger,Superfast,50,400V - 800V DC,24/7 Always Open,₹18 - ₹22 / kWh,4,1,3,0,Available,CCS-2 (60 kW DC); CHAdeMO (50 kW DC); Bharat DC-001 (15 kW),24/7 Security; EV Signs; Parking
STN-IND-0833,MG GURGAON SECTOR 15,Public EV Network,Haryana,Gurugram,"32,MILESTONE,EXPERION CENTER,SECTOR 1,NH-8,HARYANA 122001 GURUGRAM",28.462298,77.048472,DC Fast Charger,Superfast,50,400V - 800V DC,24/7 Always Open,₹18 - ₹22 / kWh,4,2,1,1,Available,CCS-2 (60 kW DC); CHAdeMO (50 kW DC); Bharat DC-001 (15 kW),24/7 Security; EV Signs; Parking
STN-IND-0834,IOC MADINAGUDA,Public EV Network,Telangana,Hyderabad,"SURVEY NO 98 MIYAPUR MAIN ROAD,MADINAGUDA HAFEEZPET,TELENGANA 500050 HYDERABAD",17.494851,78.336467,DC Fast Charger,Superfast,50,400V - 800V DC,24/7 Always Open,₹18 - ₹22 / kWh,4,2,2,0,Available,CCS-2 (60 kW DC); CHAdeMO (50 kW DC); Bharat DC-001 (15 kW),24/7 Security; EV Signs; Parking
STN-IND-0835,HMR MADHAPUR,Public EV Network,Telangana,Hyderabad,"PLOT NO 735 ROAD NO 37 AND 38LEFT LANE AFTER CROMA,CBI COLONY JUBLI HILLS,HYDERABAD.TELENGANA 500033",17.435968,78.40003,DC Fast Charger,Superfast,50,400V - 800V DC,24/7 Always Open,₹18 - ₹22 / kWh,4,4,0,0,Available,CCS-2 (60 kW DC); CHAdeMO (50 kW DC); Bharat DC-001 (15 kW),24/7 Security; EV Signs; Parking
STN-IND-0836,MG HYDERABAD JUBILEE HILLS,Public EV Network,Telangana,Hyderabad,"8-2-120/86, 10A, opposite Hotel park hyatt, Rd no2, Banjara hills, hyderabad, 500033",17.523923,78.430328,DC Fast Charger,Superfast,50,400V - 800V DC,24/7 Always Open,₹18 - ₹22 / kWh,4,3,1,0,Available,CCS-2 (60 kW DC); CHAdeMO (50 kW DC); Bharat DC-001 (15 kW),24/7 Security; Dining / Cafe; EV Signs; Parking; Restroom
STN-IND-0837,HMR BEGUMPET,Public EV Network,Telangana,Hyderabad,"7-1-22/A Begumpet flyover, Leelanagar, Ameerpet, Telanagana 500016",17.438229,78.457263,DC Fast Charger,Superfast,50,400V - 800V DC,24/7 Always Open,₹18 - ₹22 / kWh,4,1,3,0,Available,CCS-2 (60 kW DC); CHAdeMO (50 kW DC); Bharat DC-001 (15 kW),24/7 Security; EV Signs; Parking
STN-IND-0838,IOC BEGUMPET,Public EV Network,Telangana,Hyderabad,"BEGUMPET,HYDERABAD,TELENGANA,INDIA,TELENGANA,500016,HYDERABAD",17.444838,78.466949,DC Fast Charger,Superfast,50,400V - 800V DC,24/7 Always Open,₹18 - ₹22 / kWh,4,2,1,1,Available,CCS-2 (60 kW DC); CHAdeMO (50 kW DC); Bharat DC-001 (15 kW),24/7 Security; EV Signs; Parking
STN-IND-0839,MG MOHALI SECTOR 82,Public EV Network,Punjab,Mohali,"MG MOHALI,PLOT NO 3,JANATA INDUSTRIAL ESTATE SECTOR 82,SAS NAGAR,MOHALI,PUNAB,PUNJAB,160082 MOHALI",30.661356,76.731482,DC Fast Charger,Superfast,50,400V - 800V DC,24/7 Always Open,₹18 - ₹22 / kWh,4,2,2,0,Available,CCS-2 (60 kW DC); CHAdeMO (50 kW DC); Bharat DC-001 (15 kW),24/7 Security; EV Signs; Parking
STN-IND-0840,MG DELHI SHIVAJI MARG,Public EV Network,Delhi,New Delhi,PLOT NO 13 SHIVAJI MARG DELHI 110015 NEW DELHI,28.66196,77.152242,DC Fast Charger,Superfast,50,400V - 800V DC,24/7 Always Open,₹18 - ₹22 / kWh,4,4,0,0,Available,CCS-2 (60 kW DC); CHAdeMO (50 kW DC); Bharat DC-001 (15 kW),24/7 Security; EV Signs; Parking
STN-IND-0841,MG DELHI LAJPAT NAGAR,Public EV Network,Delhi,New Delhi,"A-14, Ring Road, Lajpat nagar, Delhi 110024",28.564863,77.236743,DC Fast Charger,Superfast,50,400V - 800V DC,24/7 Always Open,₹18 - ₹22 / kWh,4,3,1,0,Available,CCS-2 (60 kW DC); CHAdeMO (50 kW DC); Bharat DC-001 (15 kW),24/7 Security; EV Signs; Parking
STN-IND-0842,McDonalds,Public EV Network,Maharashtra,Kolhapur,"Shop No 1C, Hissa No 1, Plot No 1/K1, next to Klin Fuel Technology, Sarnobatwadi Kolhapur Maharashtra 416004",16.686919,74.270381,DC Fast Charger,Superfast,50,400V - 800V DC,24/7 Always Open,₹18 - ₹22 / kWh,4,1,3,0,Available,CCS-2 (60 kW DC); CHAdeMO (50 kW DC); Bharat DC-001 (15 kW),24/7 Security; Air Pump; Convenience Store; EV Signs; Parking; Restroom
STN-IND-0843,Hotel Marigold,Public EV Network,Telangana,Hyderabad,"Ameerpet Rd, Leela Nagar, Begumpet, Hyderabad, Telangana 500016",17.437257,78.452294,DC Fast Charger,Superfast,50,400V - 800V DC,24/7 Always Open,₹18 - ₹22 / kWh,4,2,1,1,Available,CCS-2 (60 kW DC); CHAdeMO (50 kW DC); Bharat DC-001 (15 kW),24/7 Security; Dining / Cafe; EV Signs; Parking; Restroom
STN-IND-0844,BSES RAPID CHARGING ZONE,Public EV Network,Delhi,Patparkang,"Narwana,Patparkang road,I-P Extension",28.62145,77.293556,DC Fast Charger,Superfast,50,400V - 800V DC,24/7 Always Open,₹18 - ₹22 / kWh,4,2,2,0,Available,CCS-2 (60 kW DC); CHAdeMO (50 kW DC); Bharat DC-001 (15 kW),24/7 Security; EV Signs; Parking
STN-IND-0845,RR Charging Station (RR Charging Station),Public EV Network,Tamil Nadu,Ambur,"No: 19,IELC Complex, MC Road, Ambur, Tamil Nadu - 635802",12.779884,78.71777,DC Fast Charger,Superfast,50,400V - 800V DC,24/7 Always Open,₹18 - ₹22 / kWh,4,4,0,0,Available,CCS-2 (60 kW DC); CHAdeMO (50 kW DC); Bharat DC-001 (15 kW),24/7 Security; ATM; EV Signs; Parking; Restroom; Shopping Mall; Wi-Fi
STN-IND-0846,Hotel Sangeetha (Duriyam Charging Station),Public EV Network,Tamil Nadu,Namakkal,"NH 44, Namakkal - Karur Tollgate, Tamil Nadu - 637207",11.193623,78.104834,DC Fast Charger,Superfast,50,400V - 800V DC,24/7 Always Open,₹18 - ₹22 / kWh,4,3,1,0,Available,CCS-2 (60 kW DC); CHAdeMO (50 kW DC); Bharat DC-001 (15 kW),24/7 Security; Dining / Cafe; EV Signs; Parking; Restroom
STN-IND-0847,Hotel Temple City Lake (Inn KSN Charging Station),Public EV Network,Tamil Nadu,Madurai,"Trichy - Madurai Highway, Valaichcherippatti, Tamil Nadu - 625104",9.987081,78.241544,DC Fast Charger,Superfast,50,400V - 800V DC,24/7 Always Open,₹18 - ₹22 / kWh,4,1,3,0,Available,CCS-2 (60 kW DC); CHAdeMO (50 kW DC); Bharat DC-001 (15 kW),24/7 Security; Dining / Cafe; EV Signs; Parking; Restroom
STN-IND-0848,Alps Residency - A Bergamont Group of Hotel-,Public EV Network,Tamil Nadu,Krishnagiri,"Bangalore Bye Pass Road Near Toll Plaza, Krishnagiri, Tamil Nadu-635001",12.542503,78.201533,DC Fast Charger,Superfast,50,400V - 800V DC,24/7 Always Open,₹18 - ₹22 / kWh,4,2,1,1,Available,CCS-2 (60 kW DC); CHAdeMO (50 kW DC); Bharat DC-001 (15 kW),24/7 Security; Dining / Cafe; EV Signs; Parking; Restroom
STN-IND-0849,Sri Durga Bhavan Elite (Devika Yogaraajan Charging Station),Public EV Network,Tamil Nadu,Vellore,"Near HP Petrol Pump, Pallikonda, Tamil Nadu, 635809",12.90238,78.933867,DC Fast Charger,Superfast,50,400V - 800V DC,24/7 Always Open,₹18 - ₹22 / kWh,4,2,2,0,Available,CCS-2 (60 kW DC); CHAdeMO (50 kW DC); Bharat DC-001 (15 kW),24/7 Security; Air Pump; Convenience Store; EV Signs; Parking; Restroom
STN-IND-0850,AIMA Charging Station,Public EV Network,Kerala,Palakkad,"Naduvattam, Kringanad Rd, VIlayur",10.887677,76.189595,DC Fast Charger,Superfast,50,400V - 800V DC,24/7 Always Open,₹18 - ₹22 / kWh,4,4,0,0,Available,CCS-2 (60 kW DC); CHAdeMO (50 kW DC); Bharat DC-001 (15 kW),24/7 Security; EV Signs; Parking
STN-IND-0851,Bhimas Residency Hotel,Public EV Network,Andhra Pradesh,Tirupati,"19-3-41 Renigunta Road, near Ramanuja Circle",13.627546,79.430564,DC Fast Charger,Superfast,50,400V - 800V DC,24/7 Always Open,₹18 - ₹22 / kWh,4,3,1,0,Available,CCS-2 (60 kW DC); CHAdeMO (50 kW DC); Bharat DC-001 (15 kW),24/7 Security; Dining / Cafe; EV Signs; Parking; Restroom
STN-IND-0852,RMS Towers (Ero_G Electric Charging Station),Public EV Network,Tamil Nadu,Erode,"NH544, Kovai to Salem Road, Solipalayam,",11.301994,77.600044,DC Fast Charger,Superfast,50,400V - 800V DC,24/7 Always Open,₹18 - ₹22 / kWh,4,1,3,0,Available,CCS-2 (60 kW DC); CHAdeMO (50 kW DC); Bharat DC-001 (15 kW),24/7 Security; ATM; EV Signs; Parking; Restroom; Shopping Mall; Wi-Fi
STN-IND-0853,Hotel JAS,Public EV Network,Andhra Pradesh,Visakhapatnam,"NH45 Kagitha Village Near Vempadu Toll Gate Nakkapalli, Mandalam, Visakhapatnam",17.399573,82.681138,DC Fast Charger,Superfast,50,400V - 800V DC,24/7 Always Open,₹18 - ₹22 / kWh,4,2,1,1,Available,CCS-2 (60 kW DC); CHAdeMO (50 kW DC); Bharat DC-001 (15 kW),24/7 Security; Dining / Cafe; EV Signs; Parking; Restroom
STN-IND-0854,Unger India pvt India,Public EV Network,Haryana,Gurugram,"71, Udyog Vihar Phase 1, Udyog Vihar, Sector 19, Gurugram, Haryana 122016",28.499,77.08356,DC Fast Charger,Superfast,50,400V - 800V DC,24/7 Always Open,₹18 - ₹22 / kWh,4,2,2,0,Available,CCS-2 (60 kW DC); CHAdeMO (50 kW DC); Bharat DC-001 (15 kW),24/7 Security; EV Signs; Parking
STN-IND-0855,Paschim Vidyut Vitaran Pologround,Public EV Network,Madhya Pradesh,Ujjain,"GPH Compound, Polo Ground, Indore, Madhya Pradesh 452003",23.24006,75.78122,DC Fast Charger,Superfast,50,400V - 800V DC,24/7 Always Open,₹18 - ₹22 / kWh,4,4,0,0,Available,CCS-2 (60 kW DC); CHAdeMO (50 kW DC); Bharat DC-001 (15 kW),24/7 Security; EV Signs; Parking
STN-IND-0856,ADYAR ANANDA BHAVAN,Public EV Network,Tamil Nadu,Attur,"NH9,Thulakanoor Village,Salem District,Attur,TamilNadu",11.591985,78.627219,DC Fast Charger,Superfast,50,400V - 800V DC,24/7 Always Open,₹18 - ₹22 / kWh,4,3,1,0,Available,CCS-2 (60 kW DC); CHAdeMO (50 kW DC); Bharat DC-001 (15 kW),24/7 Security; EV Signs; Parking
STN-IND-0857,SREE ANNAPOORNA HOTEL,Public EV Network,Tamil Nadu,Avinashi,"NH544,AVINASHI BYE PASS ROAD,AVINASHI,TAMILNADU 641654",11.175093,77.263374,DC Fast Charger,Superfast,50,400V - 800V DC,24/7 Always Open,₹18 - ₹22 / kWh,4,1,3,0,Available,CCS-2 (60 kW DC); CHAdeMO (50 kW DC); Bharat DC-001 (15 kW),24/7 Security; Dining / Cafe; EV Signs; Parking; Restroom
STN-IND-0858,VR MALL WHITEFIELD,Public EV Network,Karnataka,Bengaluru,"Whitefield Main Road,Mahadevapura,Bengaluru,Karnataka 560048",12.996362,77.695802,DC Fast Charger,Superfast,60,400V - 800V DC,09:00 AM - 11:00 PM,₹18 - ₹22 / kWh,4,2,1,1,Available,CCS-2 (60 kW DC); CHAdeMO (50 kW DC); Bharat DC-001 (15 kW),ATM; EV Signs; Parking; Restroom; Shopping Mall; Wi-Fi
STN-IND-0859,THE FORUM MALL,Public EV Network,Karnataka,Bengaluru,"B1-12,Parking,Hosur road,Koramangala,Bengaluru,Karnataka 560095",12.934801,77.610918,DC Fast Charger,Superfast,50,400V - 800V DC,09:00 AM - 11:00 PM,₹18 - ₹22 / kWh,4,2,2,0,Available,CCS-2 (60 kW DC); CHAdeMO (50 kW DC); Bharat DC-001 (15 kW),ATM; EV Signs; Parking; Restroom; Shopping Mall; Wi-Fi
STN-IND-0860,Kanthari Restaurants & Banquets,Public EV Network,Kerala,Changanassery,"Bypass Road, near AKM school, Changanassery, Kerala 686101",9.455175,76.542559,DC Fast Charger,Superfast,50,400V - 800V DC,09:00 AM - 11:00 PM,₹18 - ₹22 / kWh,4,4,0,0,Available,CCS-2 (60 kW DC); CHAdeMO (50 kW DC); Bharat DC-001 (15 kW),Dining / Cafe; EV Signs; Parking; Restroom
STN-IND-0861,BROOKFIELDS MALL,Public EV Network,Tamil Nadu,Coimbatore,"Dr Krishnasamy Mudaliyar Rd, Brookefields, Sukrawar Pettai, R S Puram West, Coimbatore, Tamil Nadu 641001",11.008935,76.95954,DC Fast Charger,Superfast,50,400V - 800V DC,09:00 AM - 11:00 PM,₹18 - ₹22 / kWh,4,3,1,0,Available,CCS-2 (60 kW DC); CHAdeMO (50 kW DC); Bharat DC-001 (15 kW),ATM; EV Signs; Parking; Restroom; Shopping Mall; Wi-Fi
STN-IND-0862,HiLITE Mall,Public EV Network,Kerala,Kozhikode,"G1003, NH 66, Kozhikode Bypass, Poovangal, Kozhikode, Kerala 673014",11.248474,75.833512,DC Fast Charger,Superfast,50,400V - 800V DC,09:00 AM - 11:00 PM,₹18 - ₹22 / kWh,4,1,3,0,Available,CCS-2 (60 kW DC); CHAdeMO (50 kW DC); Bharat DC-001 (15 kW),ATM; EV Signs; Parking; Restroom; Shopping Mall; Wi-Fi
STN-IND-0863,HOTEL SURYA COMPLEX,Public EV Network,Tamil Nadu,Krishnagiri,"NH44,Bangalore Highway,Pollupalli,Krishnagiri,TamilNadu 635115",12.582141,78.157101,DC Fast Charger,Superfast,50,400V - 800V DC,09:00 AM - 11:00 PM,₹18 - ₹22 / kWh,4,2,1,1,Available,CCS-2 (60 kW DC); CHAdeMO (50 kW DC); Bharat DC-001 (15 kW),ATM; Dining / Cafe; EV Signs; Parking; Restroom; Shopping Mall; Wi-Fi
STN-IND-0864,MALL OF MYSORE,Public EV Network,Karnataka,Mysuru,"MG Road,Indira Nagar Extension,Nazarbad Mohalla,Mysuru,Karnataka 570010",12.298073,76.664021,DC Fast Charger,Superfast,50,400V - 800V DC,09:00 AM - 11:00 PM,₹18 - ₹22 / kWh,4,2,2,0,Available,CCS-2 (60 kW DC); CHAdeMO (50 kW DC); Bharat DC-001 (15 kW),ATM; EV Signs; Parking; Restroom; Shopping Mall; Wi-Fi
STN-IND-0865,SHREE SARAVANA BHAVAN,Public EV Network,Tamil Nadu,Sankagiri,"Near Sankagiri Toll Gate, NH-47 Salem-Kanyakumari Hwy, Vaikundam, Sankari, Tamil Nadu 637103",11.519342,77.935042,DC Fast Charger,Superfast,50,400V - 800V DC,24/7 Always Open,₹18 - ₹22 / kWh,4,4,0,0,Available,CCS-2 (60 kW DC); CHAdeMO (50 kW DC); Bharat DC-001 (15 kW),24/7 Security; EV Signs; Parking
STN-IND-0866,Aswins Veg Restaurant,Public EV Network,Tamil Nadu,Perambalur,"NH 45, Kalpady Road, Eraiyasamuthiram, Perambalur, Tamil Nadu 621113",11.206464,78.881241,DC Fast Charger,Superfast,50,400V - 800V DC,09:00 AM - 11:00 PM,₹18 - ₹22 / kWh,4,3,1,0,Available,CCS-2 (60 kW DC); CHAdeMO (50 kW DC); Bharat DC-001 (15 kW),Dining / Cafe; EV Signs; Parking; Restroom
STN-IND-0867,Cafu00e9 Udupi Ruchi,Public EV Network,Tamil Nadu,Ulundurpet,"102/19, Chennai Trichy NH Sengurichi, Village, Ulundurpet, Tamil Nadu 606115",11.719436,79.33646,DC Fast Charger,Superfast,50,400V - 800V DC,24/7 Always Open,₹18 - ₹22 / kWh,4,1,3,0,Available,CCS-2 (60 kW DC); CHAdeMO (50 kW DC); Bharat DC-001 (15 kW),24/7 Security; EV Signs; Parking
STN-IND-0868,Grand mall,Public EV Network,Kerala,Kochi,"Panvel - Kochi - Kanyakumari Hwy, Toll Junction, Edappally, Kochi, Kerala 682024",10.024373,76.308868,DC Fast Charger,Superfast,50,400V - 800V DC,09:00 AM - 11:00 PM,₹18 - ₹22 / kWh,4,2,1,1,Available,CCS-2 (60 kW DC); CHAdeMO (50 kW DC); Bharat DC-001 (15 kW),ATM; EV Signs; Parking; Restroom; Shopping Mall; Wi-Fi
STN-IND-0869,Hotel Kodai International,Public EV Network,Tamil Nadu,Kodaikanal,"17/328, Laws Ghat Rd, Kodaikanal, Tamil Nadu 624101",10.242809,77.498363,DC Fast Charger,Superfast,50,400V - 800V DC,24/7 Always Open,₹18 - ₹22 / kWh,4,2,2,0,Available,CCS-2 (60 kW DC); CHAdeMO (50 kW DC); Bharat DC-001 (15 kW),24/7 Security; Dining / Cafe; EV Signs; Parking; Restroom
STN-IND-0870,Hotel Kadamba,Public EV Network,Karnataka,Banglore,"Hotel Kadamba Veg, 272/2, Nice Road Junction, Bangalore, SH17, Bengaluru, Karnataka 560060",12.901963,77.468995,DC Fast Charger,Superfast,50,400V - 800V DC,24/7 Always Open,₹18 - ₹22 / kWh,4,4,0,0,Available,CCS-2 (60 kW DC); CHAdeMO (50 kW DC); Bharat DC-001 (15 kW),24/7 Security; Dining / Cafe; EV Signs; Parking; Restroom
STN-IND-0871,Annapoorna Cafe,Public EV Network,Kerala,Angamali,"69FG+56H, Karukutty, Kerala 683572",10.223043,76.375525,DC Fast Charger,Superfast,50,400V - 800V DC,09:00 AM - 11:00 PM,₹18 - ₹22 / kWh,4,3,1,0,Available,CCS-2 (60 kW DC); CHAdeMO (50 kW DC); Bharat DC-001 (15 kW),Dining / Cafe; EV Signs; Parking; Restroom
STN-IND-0872,D square Mall,Public EV Network,Tamil Nadu,Shoolagiri,"Dhiviyam Square Food Court, NH - 7 Hosur - Krishnagiri Highway, Sundagiri, Shool, Tamil Nadu 635117",12.646275,78.047011,DC Fast Charger,Superfast,50,400V - 800V DC,09:00 AM - 11:00 PM,₹18 - ₹22 / kWh,4,1,3,0,Available,CCS-2 (60 kW DC); CHAdeMO (50 kW DC); Bharat DC-001 (15 kW),ATM; Dining / Cafe; EV Signs; Parking; Restroom; Shopping Mall; Wi-Fi
STN-IND-0873,Hotel Devaragam,Public EV Network,Kerala,Guruvayur,"Outer Ring Road, Opp Railway Station, East Nada, Guruvayur, Kerala 680101",10.595513,76.044332,DC Fast Charger,Superfast,50,400V - 800V DC,24/7 Always Open,₹18 - ₹22 / kWh,4,2,1,1,Available,CCS-2 (60 kW DC); CHAdeMO (50 kW DC); Bharat DC-001 (15 kW),24/7 Security; Dining / Cafe; EV Signs; Parking; Restroom
STN-IND-0874,Gokul Oottupura NH 47 Veetarian Restaurant,Public EV Network,Kerala,Kochi,"NH bypass, near Modern Lights, Padivattom, Edappally, Ernakulam, Kerala 682024",10.011133,76.312371,DC Fast Charger,Superfast,50,400V - 800V DC,09:00 AM - 11:00 PM,₹18 - ₹22 / kWh,4,2,2,0,Available,CCS-2 (60 kW DC); CHAdeMO (50 kW DC); Bharat DC-001 (15 kW),Dining / Cafe; EV Signs; Parking; Restroom
STN-IND-0875,ADAYAR ANANDA BHAVAN,Public EV Network,Tamil Nadu,Thindivanam,"Swastiks enterpreneurs,NH45,Chennai-Trichy highway,NallathurThindivanam,Tamilnadu 604307",12.297694,79.73365,DC Fast Charger,Superfast,50,400V - 800V DC,24/7 Always Open,₹18 - ₹22 / kWh,4,4,0,0,Available,CCS-2 (60 kW DC); CHAdeMO (50 kW DC); Bharat DC-001 (15 kW),24/7 Security; EV Signs; Parking
STN-IND-0876,Adyar Ananda Bhavan I Navakkarai,Public EV Network,Tamil Nadu,Walayar,"Adyar Ananda Bhavan Restaurant, 285, Palakkad Main Rd, MahendraMedu, Navakarai, Coimbatore, Tamil Nadu 641105",10.855946,76.862531,DC Fast Charger,Superfast,50,400V - 800V DC,24/7 Always Open,₹18 - ₹22 / kWh,4,3,1,0,Available,CCS-2 (60 kW DC); CHAdeMO (50 kW DC); Bharat DC-001 (15 kW),24/7 Security; Dining / Cafe; EV Signs; Parking; Restroom
STN-IND-0877,Adyar Ananda Bhavan I Rasipuram,Public EV Network,Tamil Nadu,Rasipuram,"Adyar Ananda Bhavan Restaurant, NH44, Brindavan Garden, Salem-Madurai Rd, Athanur, Tamil Nadu 637401",11.492271,78.153577,DC Fast Charger,Superfast,50,400V - 800V DC,24/7 Always Open,₹18 - ₹22 / kWh,4,1,3,0,Available,CCS-2 (60 kW DC); CHAdeMO (50 kW DC); Bharat DC-001 (15 kW),24/7 Security; Dining / Cafe; EV Signs; Parking; Restroom
STN-IND-0878,Ganpat Grand I Palani,Public EV Network,Tamil Nadu,Palani,"Circle, 167/1, Adivaram Itteri Road Near Balaji Bhavan, Palani, Tamil Nadu 624601",10.442582,77.52039,DC Fast Charger,Superfast,50,400V - 800V DC,24/7 Always Open,₹18 - ₹22 / kWh,4,2,1,1,Available,CCS-2 (60 kW DC); CHAdeMO (50 kW DC); Bharat DC-001 (15 kW),24/7 Security; EV Signs; Parking
STN-IND-0879,Aasai Aasai Anandha Bhavan | Omalur,Public EV Network,Tamil Nadu,Omalur,"Aasai Aasai Anandha Bhavan Delight, A/C Pure Veg Restaurant, NH - 44, Bangalore, to, Salem Highway, Omalur, Tamil Nadu 636455",11.759224,78.427344,DC Fast Charger,Superfast,50,400V - 800V DC,24/7 Always Open,₹18 - ₹22 / kWh,4,2,2,0,Available,CCS-2 (60 kW DC); CHAdeMO (50 kW DC); Bharat DC-001 (15 kW),24/7 Security; Dining / Cafe; EV Signs; Parking; Restroom
STN-IND-0880,Hotel Temple City I Thirumangalam,Public EV Network,Tamil Nadu,Thirumangalam,"Hotel Temple City, NH 44, Madurai to Virudhunagar Highways Melanesaneri Sivarakottaim, Madurai, Tamil Nadu 625706",9.759039,77.979158,DC Fast Charger,Superfast,50,400V - 800V DC,24/7 Always Open,₹18 - ₹22 / kWh,4,4,0,0,Available,CCS-2 (60 kW DC); CHAdeMO (50 kW DC); Bharat DC-001 (15 kW),24/7 Security; Dining / Cafe; EV Signs; Parking; Restroom
STN-IND-0881,Hotel Paakashala I Yediyur,Public EV Network,Karnataka,Yediyur,"Paakashala @ Yediyur, Koppa Bangalore Mangalore Highway, NH75, Kunigal, Karnataka 572142",12.990221,76.881681,DC Fast Charger,Superfast,50,400V - 800V DC,24/7 Always Open,₹18 - ₹22 / kWh,4,3,1,0,Available,CCS-2 (60 kW DC); CHAdeMO (50 kW DC); Bharat DC-001 (15 kW),24/7 Security; Dining / Cafe; EV Signs; Parking; Restroom
STN-IND-0882,A S M ABDUL CADER AND CO,Public EV Network,Tamil Nadu,Chennai,"A S M ABDUL CADER AND CO, DOOR NO 355 CEMENT ROAD, ALANDUR, MEENAMBAKKAM,CHENNAI, TAMIL NADU, 600016",12.99431,80.18706,DC Fast Charger,Superfast,50,400V - 800V DC,24/7 Always Open,₹18 - ₹22 / kWh,4,1,3,0,Available,CCS-2 (60 kW DC); CHAdeMO (50 kW DC); Bharat DC-001 (15 kW),24/7 Security; EV Signs; Parking
STN-IND-0883,"BP,GHAR-MARAIMALAI NAGAR",Public EV Network,Tamil Nadu,Chengalpattu,"BP,GHAR-MARAIMALAI NAGAR, SY NO 336/6 ( PART ), NH-45, GST RO, MARAIMALAI NAGAR, CHENGALPATTU, TAMILNADU, 603209",12.78326,80.01671,DC Fast Charger,Superfast,50,400V - 800V DC,24/7 Always Open,₹18 - ₹22 / kWh,4,2,1,1,Available,CCS-2 (60 kW DC); CHAdeMO (50 kW DC); Bharat DC-001 (15 kW),24/7 Security; EV Signs; Parking
STN-IND-0884,SAKTHI MADUMALAR AGENCIES,Public EV Network,Tamil Nadu,Chengalpattu,"SAKTHI MADHUMALAR AGENCIES, NH-45 CHENNAI-TRICHY HIGHWAY, MELMARUVATHUR, CHENGALPATTU, TAMIL NADU, 603319",12.43395,79.83235,DC Fast Charger,Superfast,50,400V - 800V DC,24/7 Always Open,₹18 - ₹22 / kWh,4,2,2,0,Available,CCS-2 (60 kW DC); CHAdeMO (50 kW DC); Bharat DC-001 (15 kW),24/7 Security; EV Signs; Parking
STN-IND-0885,SRI VENNI AGENCIES,Public EV Network,Tamil Nadu,Villupuram,"Bharat Petroleum Dealers, SY NO 52/6B1 & 52/7A1, NH38, Chennai Trichy Highway, CHINNAVALAVANUR, VILLUPURAM, TN-604302",12.16381,79.61146,DC Fast Charger,Superfast,50,400V - 800V DC,24/7 Always Open,₹18 - ₹22 / kWh,4,4,0,0,Available,CCS-2 (60 kW DC); CHAdeMO (50 kW DC); Bharat DC-001 (15 kW),24/7 Security; Air Pump; Convenience Store; EV Signs; Parking; Restroom
STN-IND-0886,RAVIE AGENCIES,Public EV Network,Tamil Nadu,Villupuram,"Bharat Petroleum Dealers, SY NO 148/1, NH38, Chennai Trichy Highway, V. SALAI, VIKRAVANDI, VILLUPURAM, TN-605652",12.06382,79.54755,DC Fast Charger,Superfast,50,400V - 800V DC,24/7 Always Open,₹18 - ₹22 / kWh,4,3,1,0,Available,CCS-2 (60 kW DC); CHAdeMO (50 kW DC); Bharat DC-001 (15 kW),24/7 Security; Air Pump; Convenience Store; EV Signs; Parking; Restroom
STN-IND-0887,BP-ULUNDURPET,Public EV Network,Tamil Nadu,Kallakurichi,"Bharat Petroleum Companyu00a0Owner retail outlet, Next to Ulundurpet Toll, NH38, CHENNAI-TRICHY HIGHWAY, SENGURICHI VILLAGE, KALLAKURICHI Dt, TN-606115",11.71881,79.33575,DC Fast Charger,Superfast,50,400V - 800V DC,24/7 Always Open,₹18 - ₹22 / kWh,4,1,3,0,Available,CCS-2 (60 kW DC); CHAdeMO (50 kW DC); Bharat DC-001 (15 kW),24/7 Security; Air Pump; Convenience Store; EV Signs; Parking; Restroom
STN-IND-0888,BP-TRICHY,Public EV Network,Tamil Nadu,Trichy,"Bharat Petroleum Company owner retail outlet, S.No-489/5B, NH38, CHENNAI-TRICHY HIGHWAY, SANNAMANGALAM, Trichy, TN-621104",11.03248,78.80801,DC Fast Charger,Superfast,50,400V - 800V DC,24/7 Always Open,₹18 - ₹22 / kWh,4,2,1,1,Available,CCS-2 (60 kW DC); CHAdeMO (50 kW DC); Bharat DC-001 (15 kW),24/7 Security; Air Pump; Convenience Store; EV Signs; Parking; Restroom
STN-IND-0889,KARTHIK AGENCIES,Public EV Network,Tamil Nadu,Trichy,"Bharat Petroleum Dealers, S.No-456/6, 5B, NH38, CHENNAI-TRICHY HIGHWAY, SIRUGANUR, LALGUDI TK, Trichy, TN-621105",11.00462,78.78876,DC Fast Charger,Superfast,50,400V - 800V DC,24/7 Always Open,₹18 - ₹22 / kWh,4,2,2,0,Available,CCS-2 (60 kW DC); CHAdeMO (50 kW DC); Bharat DC-001 (15 kW),24/7 Security; Air Pump; Convenience Store; EV Signs; Parking; Restroom
STN-IND-0890,SRI RAJAN ENTERPRISES,Public EV Network,Tamil Nadu,Madurai,"Sri Rajan Enterprises, BPCL Dealers, Surakundu village, Melur - Madurai road, NH 38, Melur, Madurai 625106",10.02184,78.31352,DC Fast Charger,Superfast,50,400V - 800V DC,24/7 Always Open,₹18 - ₹22 / kWh,4,4,0,0,Available,CCS-2 (60 kW DC); CHAdeMO (50 kW DC); Bharat DC-001 (15 kW),24/7 Security; Air Pump; Convenience Store; EV Signs; Parking; Restroom
STN-IND-0891,BP-OTHAKKADAI,Public EV Network,Tamil Nadu,Madurai,"BP Othakadai, BPCL Retail Outlet, Kodikulam Village, Madurai - Melur NH 38, Madurai 625104",9.9445,78.15418,DC Fast Charger,Superfast,50,400V - 800V DC,24/7 Always Open,₹18 - ₹22 / kWh,4,3,1,0,Available,CCS-2 (60 kW DC); CHAdeMO (50 kW DC); Bharat DC-001 (15 kW),24/7 Security; Air Pump; Convenience Store; EV Signs; Parking; Restroom
STN-IND-0892,GJ | Ahmedabad | Abhinav Girls Hostel Bodakdev,Public EV Network,Gujarat,Ahmedabad,"Bodakdev, Ahmedabad, Gujarat 380054",23.058,72.5001,DC Fast Charger,Superfast,50,400V - 800V DC,24/7 Always Open,₹18 - ₹22 / kWh,4,1,3,0,Available,CCS-2 (60 kW DC); CHAdeMO (50 kW DC); Bharat DC-001 (15 kW),24/7 Security; EV Signs; Parking
STN-IND-0893,Hotel Bliss | Tirupati,Public EV Network,Andhra Pradesh,Tirupathi,"Hotel Bliss, 19-3-45, Near Ramanuja Circle, Renigunta Rd, Tirupati, Andhra Pradesh 517501",13.625373,79.432233,DC Fast Charger,Superfast,50,400V - 800V DC,24/7 Always Open,₹18 - ₹22 / kWh,4,2,1,1,Available,CCS-2 (60 kW DC); CHAdeMO (50 kW DC); Bharat DC-001 (15 kW),24/7 Security; Dining / Cafe; EV Signs; Parking; Restroom
STN-IND-0894,"Jayalakshmi Auto, Gudavalli",Public EV Network,Andhra Pradesh,Vijayawada,"Jayalakshmi Auto Enterprises Pvt Ltd, Survey no 3/142 , Gudavalli Junction, Vijayawada rural, Krishna District ,521104",16.512922,80.749757,Dual AC/DC Fast,Fast,30,415V AC / 400V DC,24/7 Always Open,₹15 - ₹19 / kWh,4,2,2,0,Available,CCS-2 (30 kW DC); Type 2 AC (22 kW); Bharat DC-001 (15 kW),24/7 Security; EV Signs; Parking
STN-IND-0895,"Garuda Food Court, Komirepalle",Public EV Network,Andhra Pradesh,Komirepalle,"NH 16 Gundugolanu, Komirepalle, Andhra Pradesh 534427",16.778579,81.221054,Dual AC/DC Fast,Fast,30,415V AC / 400V DC,24/7 Always Open,₹15 - ₹19 / kWh,4,4,0,0,Available,CCS-2 (30 kW DC); Type 2 AC (22 kW); Bharat DC-001 (15 kW),24/7 Security; Dining / Cafe; EV Signs; Parking; Restroom
STN-IND-0896,"Shiv Shanker Motors, Gajuwaka",Public EV Network,Andhra Pradesh,Vizag,"Sobha Square, Vishwaswaraya Nagar, Gajuwaka, Vishakhapatanam-530012",17.68429,83.185923,Dual AC/DC Fast,Fast,30,415V AC / 400V DC,24/7 Always Open,₹15 - ₹19 / kWh,4,3,1,0,Available,CCS-2 (30 kW DC); Type 2 AC (22 kW); Bharat DC-001 (15 kW),24/7 Security; ATM; EV Signs; Parking; Restroom; Shopping Mall; Wi-Fi
STN-IND-0897,"Shiv Shanker Motors, Kancharpalem",Public EV Network,Andhra Pradesh,Vizag,"C 24, Industrail Estate, Kancharapalem, Vishakhapatnam u00e2u0080u0093 530010",17.738719,83.26258,Dual AC/DC Fast,Fast,30,415V AC / 400V DC,24/7 Always Open,₹15 - ₹19 / kWh,4,1,3,0,Available,CCS-2 (30 kW DC); Type 2 AC (22 kW); Bharat DC-001 (15 kW),24/7 Security; EV Signs; Parking
STN-IND-0898,"Croma u00e2u0080u0093 MVR Complex, Waltair Uplands",Public EV Network,Andhra Pradesh,Vizag,"Ground & First floor, MVR # 10-1-39/B&C, Siripuram Cir, opp. Rock Park, Waltair Uplands, Visakhapatnam, Andhra Pradesh 530003",17.725417,83.315175,Dual AC/DC Fast,Fast,30,415V AC / 400V DC,09:00 AM - 11:00 PM,₹15 - ₹19 / kWh,4,2,1,1,Available,CCS-2 (30 kW DC); Type 2 AC (22 kW); Bharat DC-001 (15 kW),ATM; EV Signs; Parking; Restroom; Shopping Mall; Wi-Fi
STN-IND-0899,IOCL - TIRUMALA AGENCIES,IOCL Green,Andhra Pradesh,Peddapuram,"Sy No 164, Peddapuram Bye-Pass Village/Mandal, East Godavari-533437",17.075886,82.121731,Dual AC/DC Fast,Fast,30,415V AC / 400V DC,24/7 Always Open,₹15 - ₹19 / kWh,4,2,2,0,Available,CCS-2 (30 kW DC); Type 2 AC (22 kW); Bharat DC-001 (15 kW),24/7 Security; Air Pump; Convenience Store; EV Signs; Parking; Restroom
STN-IND-0900,"Ashutosh Motors, Lokhra",Public EV Network,Assam,Guwahati,"NH-37, Chariali, Lokhra, Guwahati, Assam 781028",26.111365,91.746149,Dual AC/DC Fast,Fast,30,415V AC / 400V DC,24/7 Always Open,₹15 - ₹19 / kWh,4,4,0,0,Available,CCS-2 (30 kW DC); Type 2 AC (22 kW); Bharat DC-001 (15 kW),24/7 Security; EV Signs; Parking
STN-IND-0901,"BHASIN VENTURES, Telibandha",Public EV Network,Chhattisgarh,Raipur,"NH-6, NEAR CHOKRA NALA, Labhandi Rd, opp. M.S. PETROL PUMP P.O, Ravigram, Telibandha, Raipur, Chhattisgarh 492006",21.237817,81.689615,Dual AC/DC Fast,Fast,30,415V AC / 400V DC,24/7 Always Open,₹15 - ₹19 / kWh,4,3,1,0,Available,CCS-2 (30 kW DC); Type 2 AC (22 kW); Bharat DC-001 (15 kW),24/7 Security; Air Pump; Convenience Store; EV Signs; Parking; Restroom
STN-IND-0902,GJ | Chikhali | Chikhli - Hotel Empire,Public EV Network,Chikhali,Gujarat,"Hotel Empire, PO- Rola, Via- Dungri, NH-8, Gujarat 396375",20.6909,72.9496,DC Fast Charger,Superfast,50,400V - 800V DC,24/7 Always Open,₹18 - ₹22 / kWh,4,1,3,0,Available,CCS-2 (60 kW DC); CHAdeMO (50 kW DC); Bharat DC-001 (15 kW),24/7 Security; Dining / Cafe; EV Signs; Parking; Restroom
STN-IND-0903,"Live Box Hyphen, Sahastradhara Road",Public EV Network,Uttarakhand,Dehradun,"LivBox Dehradun, Plot No-13,14&15, IT PARK, Sahastradhara Road, Dehradun uttrakhand 248001",30.364799,78.085353,Dual AC/DC Fast,Fast,30,415V AC / 400V DC,24/7 Always Open,₹15 - ₹19 / kWh,4,2,1,1,Available,CCS-2 (30 kW DC); Type 2 AC (22 kW); Bharat DC-001 (15 kW),24/7 Security; EV Signs; Parking
STN-IND-0904,"GO AUTO/ Treo Tata, Safdargunj",Public EV Network,Delhi Ncr,New Delhi,"A-2/14, Safdarjung Enclave, , Delhi, Delhi - 110029",28.56483,77.18891,Dual AC/DC Fast,Fast,30,415V AC / 400V DC,24/7 Always Open,₹15 - ₹19 / kWh,4,2,2,0,Available,CCS-2 (30 kW DC); Type 2 AC (22 kW); Bharat DC-001 (15 kW),24/7 Security; EV Signs; Parking
STN-IND-0905,"Autovikas, Motinagar",Public EV Network,Delhi Ncr,New Delhi,"Block B, No. 57, Rama Rd, Moti Nagar, Block B, Najafgarh Road Industrial Area, New Delhi, Delhi 110015",28.66078,77.1536,Dual AC/DC Fast,Fast,30,415V AC / 400V DC,24/7 Always Open,₹15 - ₹19 / kWh,4,4,0,0,Available,CCS-2 (30 kW DC); Type 2 AC (22 kW); Bharat DC-001 (15 kW),24/7 Security; EV Signs; Parking
STN-IND-0906,"Westside, Lajpat Nagar",Public EV Network,Delhi Ncr,New Delhi,"A-15, Alankar Cinema Building, Feroze Gandhi Marg, Lajpat Nagar III, New Delhi 110024",28.56817,77.24112,Dual AC/DC Fast,Fast,30,415V AC / 400V DC,24/7 Always Open,₹15 - ₹19 / kWh,4,3,1,0,Available,CCS-2 (30 kW DC); Type 2 AC (22 kW); Bharat DC-001 (15 kW),24/7 Security; EV Signs; Parking
STN-IND-0907,"IOCL - WELCOME MOTORS, Saket",IOCL Green,Delhi Ncr,New Delhi,SAKET DISST. CENTRE SAKET N.DELHI - 110017,28.527934,77.215635,Dual AC/DC Fast,Fast,30,415V AC / 400V DC,24/7 Always Open,₹15 - ₹19 / kWh,4,1,3,0,Available,CCS-2 (30 kW DC); Type 2 AC (22 kW); Bharat DC-001 (15 kW),24/7 Security; Air Pump; Convenience Store; EV Signs; Parking; Restroom
STN-IND-0908,"Malwa Automobiles, Rohini",Public EV Network,Delhi Ncr,New Delhi,"Showroom, No. A1, 16, Prashant Vihar Sector 14 Rohini, New Delhi - 110085",28.709289,77.135499,Dual AC/DC Fast,Fast,30,415V AC / 400V DC,24/7 Always Open,₹15 - ₹19 / kWh,4,2,1,1,Available,CCS-2 (30 kW DC); Type 2 AC (22 kW); Bharat DC-001 (15 kW),24/7 Security; EV Signs; Parking
STN-IND-0909,"IOCL - Nineteenth Hole Service Station, Dr Zakir Hussain Ro",IOCL Green,Delhi Ncr,New Delhi,"DR. ZAKIR HUSSAIN ROAD NEAR GOLF COURSEN DELHI LOCK ID NO. I 343,110003",28.60259,77.237904,Dual AC/DC Fast,Fast,30,415V AC / 400V DC,24/7 Always Open,₹15 - ₹19 / kWh,4,2,2,0,Available,CCS-2 (30 kW DC); Type 2 AC (22 kW); Bharat DC-001 (15 kW),24/7 Security; Air Pump; Convenience Store; EV Signs; Parking; Restroom
STN-IND-0910,"IOCL - Sabarwal Service Station, RK Puram",IOCL Green,Delhi Ncr,New Delhi,"Tamil Sangam Marg, Sector 5, Rama Krishna Puram, New Delhi-110022",28.564625,77.177461,Dual AC/DC Fast,Fast,30,415V AC / 400V DC,24/7 Always Open,₹15 - ₹19 / kWh,4,4,0,0,Available,CCS-2 (30 kW DC); Type 2 AC (22 kW); Bharat DC-001 (15 kW),24/7 Security; Air Pump; Convenience Store; EV Signs; Parking; Restroom
STN-IND-0911,"AIRIA MALL, Sec 68 Sohna Road",Public EV Network,Delhi Ncr,Gurugram,"Sector 68, Sohna Road, Gurgaon 122018n",28.383022,77.05228,Dual AC/DC Fast,Fast,30,415V AC / 400V DC,09:00 AM - 11:00 PM,₹15 - ₹19 / kWh,4,3,1,0,Available,CCS-2 (30 kW DC); Type 2 AC (22 kW); Bharat DC-001 (15 kW),ATM; EV Signs; Parking; Restroom; Shopping Mall; Wi-Fi
STN-IND-0912,"IOCL - Jai Sai Motors, Okhla Phase 1",IOCL Green,Delhi Ncr,New Delhi,"Okhla Phase - 1, near Hotel Crown Plaza, New Delhi, Delhi 110020",28.527674,77.273003,Dual AC/DC Fast,Fast,30,415V AC / 400V DC,24/7 Always Open,₹15 - ₹19 / kWh,4,1,3,0,Available,CCS-2 (30 kW DC); Type 2 AC (22 kW); Bharat DC-001 (15 kW),24/7 Security; Air Pump; Convenience Store; Dining / Cafe; EV Signs; Parking; Restroom
STN-IND-0913,"IOCL - COCO, Jungpura",IOCL Green,Delhi Ncr,New Delhi,"Lala Lajpat Rai Marg, Jangpura, Nizamuddin West, New Delhi- 110014",28.587135,77.241353,Dual AC/DC Fast,Fast,30,415V AC / 400V DC,24/7 Always Open,₹15 - ₹19 / kWh,4,2,1,1,Available,CCS-2 (30 kW DC); Type 2 AC (22 kW); Bharat DC-001 (15 kW),24/7 Security; Air Pump; Convenience Store; EV Signs; Parking; Restroom
STN-IND-0914,"IOCL - Irwin Petrol Pump, Connaught Place",IOCL Green,Delhi Ncr,New Delhi,"Baba Kharak Singh Marg, Connaught Place, Hanuman Road Area, Connaught Place, New Delhi, Delhi 110001",28.62932,77.21262,Dual AC/DC Fast,Fast,30,415V AC / 400V DC,24/7 Always Open,₹15 - ₹19 / kWh,4,2,2,0,Available,CCS-2 (30 kW DC); Type 2 AC (22 kW); Bharat DC-001 (15 kW),24/7 Security; Air Pump; Convenience Store; EV Signs; Parking; Restroom
STN-IND-0915,"IOCL - RK Service Station, ChanakyaPuri",IOCL Green,Delhi Ncr,New Delhi,"Vinay Marg, ChanakyaPuri, New Delhi - 110021",28.58342,77.191319,Dual AC/DC Fast,Fast,30,415V AC / 400V DC,24/7 Always Open,₹15 - ₹19 / kWh,4,4,0,0,Available,CCS-2 (30 kW DC); Type 2 AC (22 kW); Bharat DC-001 (15 kW),24/7 Security; Air Pump; Convenience Store; EV Signs; Parking; Restroom
STN-IND-0916,"IOCL - Intimate Filling Station, Soami Nagar",IOCL Green,Delhi Ncr,New Delhi,"Panchsheel Marg, Soami Nagar North, New Delhi- 110049",28.543012,77.220429,Dual AC/DC Fast,Fast,30,415V AC / 400V DC,24/7 Always Open,₹15 - ₹19 / kWh,4,3,1,0,Available,CCS-2 (30 kW DC); Type 2 AC (22 kW); Bharat DC-001 (15 kW),24/7 Security; Air Pump; Convenience Store; EV Signs; Parking; Restroom
STN-IND-0917,"True North, Mayapuri",Public EV Network,Delhi Ncr,New Delhi,"A1/1 Mayapuri, Industrial Area, Phase 1, New Delhi 110064",28.633301,77.126961,Dual AC/DC Fast,Fast,30,415V AC / 400V DC,24/7 Always Open,₹15 - ₹19 / kWh,4,1,3,0,Available,CCS-2 (30 kW DC); Type 2 AC (22 kW); Bharat DC-001 (15 kW),24/7 Security; EV Signs; Parking
STN-IND-0918,IOCL Bedi Saxena Delhi,IOCL Green,Delhi Ncr,New Delhi,"B-88-5, 86-5, Sat Guru Ram Singh Rd, Block B, Mayapuri Industrial Area Phase I, Mayapuri, New Delhi, Delhi 110064",28.627092,77.121841,Dual AC/DC Fast,Fast,30,415V AC / 400V DC,24/7 Always Open,₹15 - ₹19 / kWh,4,2,1,1,Available,CCS-2 (30 kW DC); Type 2 AC (22 kW); Bharat DC-001 (15 kW),24/7 Security; Air Pump; Convenience Store; EV Signs; Parking; Restroom
STN-IND-0919,"Vardhaman Times Plaza, Pitampura",Public EV Network,Delhi Ncr,New Delhi,"LG 1, Vardhaman Times Plaza, Plot No. 13, Saint Nagar Delhi, Pitampura, Delhi - 110034",28.687418,77.134116,Dual AC/DC Fast,Fast,30,415V AC / 400V DC,24/7 Always Open,₹15 - ₹19 / kWh,4,2,2,0,Available,CCS-2 (30 kW DC); Type 2 AC (22 kW); Bharat DC-001 (15 kW),24/7 Security; EV Signs; Parking
STN-IND-0920,"HPCL - Delhi Punjab Fuel Station, Singhu Border",HPCL Energy,Delhi Ncr,New Delhi,"15/1 Gt.karnal RD. Singhu Border, Po, Narela, Delhi, 110040",28.85588,77.1245,Dual AC/DC Fast,Fast,30,415V AC / 400V DC,24/7 Always Open,₹15 - ₹19 / kWh,4,4,0,0,Available,CCS-2 (30 kW DC); Type 2 AC (22 kW); Bharat DC-001 (15 kW),24/7 Security; Air Pump; Convenience Store; EV Signs; Parking; Restroom
STN-IND-0921,"DLF - The Camellias, Golf Course Road",Public EV Network,Delhi Ncr,Gurugram,"The Camellias, Golf Course Road , Gurgaon - 122009",28.451114,77.100126,Dual AC/DC Fast,Fast,30,415V AC / 400V DC,24/7 Always Open,₹15 - ₹19 / kWh,4,3,1,0,Available,CCS-2 (30 kW DC); Type 2 AC (22 kW); Bharat DC-001 (15 kW),24/7 Security; EV Signs; Parking
STN-IND-0922,"Ginger Hotel, Sector- 63",Public EV Network,Delhi Ncr,Noida,"Ginger Hotel Noida East East - Block-H, Sector- 63, Noida 201301",28.625741,77.375319,Dual AC/DC Fast,Fast,30,415V AC / 400V DC,24/7 Always Open,₹15 - ₹19 / kWh,4,1,3,0,Available,CCS-2 (30 kW DC); Type 2 AC (22 kW); Bharat DC-001 (15 kW),24/7 Security; Dining / Cafe; EV Signs; Parking; Restroom
STN-IND-0923,"Vatika Market Place I, Sector 84",Public EV Network,Delhi Ncr,Gurugram,"Sector 84, Gurugram, Haryana 122004",28.402213,76.969045,Dual AC/DC Fast,Fast,30,415V AC / 400V DC,09:00 AM - 11:00 PM,₹15 - ₹19 / kWh,4,2,1,1,Available,CCS-2 (30 kW DC); Type 2 AC (22 kW); Bharat DC-001 (15 kW),EV Signs; Parking
STN-IND-0924,"Vatika Market Place II, Sector 83",Public EV Network,Delhi Ncr,Gurugram,"Sector 83, Gurugram, Haryana - 122004",28.391085,76.97266,Dual AC/DC Fast,Fast,30,415V AC / 400V DC,09:00 AM - 11:00 PM,₹15 - ₹19 / kWh,4,2,2,0,Available,CCS-2 (30 kW DC); Type 2 AC (22 kW); Bharat DC-001 (15 kW),EV Signs; Parking
STN-IND-0925,"Worldmark 2, Aerocity",Public EV Network,Delhi Ncr,New Delhi,"Worldmark Aerocity, New Delhi  - 110037",28.54948,77.12137,Dual AC/DC Fast,Fast,30,415V AC / 400V DC,24/7 Always Open,₹15 - ₹19 / kWh,4,4,0,0,Available,CCS-2 (30 kW DC); Type 2 AC (22 kW); Bharat DC-001 (15 kW),24/7 Security; EV Signs; Parking
STN-IND-0926,"Worldmark 3, Aerocity",Public EV Network,Delhi Ncr,New Delhi,"Worldmark Aerocity, New Delhi  - 110037",28.551685,77.121667,Dual AC/DC Fast,Fast,30,415V AC / 400V DC,24/7 Always Open,₹15 - ₹19 / kWh,4,3,1,0,Available,CCS-2 (30 kW DC); Type 2 AC (22 kW); Bharat DC-001 (15 kW),24/7 Security; EV Signs; Parking
STN-IND-0927,"Worldmark Gurgaon, Sector 65",Public EV Network,Delhi Ncr,Gurugram,"Worldmark Gurgaon Maidawas Rd, Sector 65, Gurugram, Haryana 122001",28.397718,77.071521,Dual AC/DC Fast,Fast,30,415V AC / 400V DC,24/7 Always Open,₹15 - ₹19 / kWh,4,1,3,0,Available,CCS-2 (30 kW DC); Type 2 AC (22 kW); Bharat DC-001 (15 kW),24/7 Security; EV Signs; Parking
STN-IND-0928,"Sree Gokulam Motors, Kolancherry",Public EV Network,Ernakulam,Kochi,"NO - S-375 2-2, Block no 43, Puthupanam,puthrikka panchayat, puthen cruz PO, Ernakulam,682311",9.97685,76.457689,Dual AC/DC Fast,Fast,30,415V AC / 400V DC,24/7 Always Open,₹15 - ₹19 / kWh,4,2,1,1,Available,CCS-2 (30 kW DC); Type 2 AC (22 kW); Bharat DC-001 (15 kW),24/7 Security; EV Signs; Parking
STN-IND-0929,"Terry's Super Market, Porvorim",Public EV Network,Goa,Goa,"H.No. B 50 Bardez, Alto- Betim Porvorim, Goa 403521",15.50636,73.82488,Dual AC/DC Fast,Fast,30,415V AC / 400V DC,09:00 AM - 11:00 PM,₹15 - ₹19 / kWh,4,2,2,0,Available,CCS-2 (30 kW DC); Type 2 AC (22 kW); Bharat DC-001 (15 kW),EV Signs; Parking
STN-IND-0930,"Priority Auto lincs, Taleiga",Public EV Network,Goa,Goa,"Survey no.166/1, New Taleigao bypass road, Opp.Taleigao Community Centre. Taleiga- Goa-403002",15.469336,73.820463,Dual AC/DC Fast,Fast,30,415V AC / 400V DC,24/7 Always Open,₹15 - ₹19 / kWh,4,4,0,0,Available,CCS-2 (30 kW DC); Type 2 AC (22 kW); Bharat DC-001 (15 kW),24/7 Security; EV Signs; Parking
STN-IND-0931,"Ginger Vastrapur, Drive In Road",Public EV Network,Gujarat,Ahmedabad,"Behind Himalaya Mall, Drive In Road, Ahmedabad - 380015",23.04626,72.53069,Dual AC/DC Fast,Fast,30,415V AC / 400V DC,24/7 Always Open,₹15 - ₹19 / kWh,4,3,1,0,Available,CCS-2 (30 kW DC); Type 2 AC (22 kW); Bharat DC-001 (15 kW),24/7 Security; ATM; EV Signs; Parking; Restroom; Shopping Mall; Wi-Fi
STN-IND-0932,"Westside, Ellisbridge",Public EV Network,Gujarat,Ahmedabad,"Ground Floor, Abhijeet V, Netaji Rd Ellisbridge Opp. Mayor Bungalow, Ellisbridge, Ahmedabad, Gujarat 380006",23.02938,72.56142,Dual AC/DC Fast,Fast,30,415V AC / 400V DC,24/7 Always Open,₹15 - ₹19 / kWh,4,1,3,0,Available,CCS-2 (30 kW DC); Type 2 AC (22 kW); Bharat DC-001 (15 kW),24/7 Security; EV Signs; Parking
STN-IND-0933,"Progressive Cars, SG Highway",Public EV Network,Gujarat,Ahmedabad,"G-9, Shapath V, Beside Hotel Crowne Plaza, Near Karnavati Club , SG Highway, Ahmedabad, Gujarat  - 380015",23.014261,72.503947,Dual AC/DC Fast,Fast,30,415V AC / 400V DC,24/7 Always Open,₹15 - ₹19 / kWh,4,2,1,1,Available,CCS-2 (30 kW DC); Type 2 AC (22 kW); Bharat DC-001 (15 kW),24/7 Security; Dining / Cafe; EV Signs; Parking; Restroom
STN-IND-0934,"Riya Autolink, Ambli BRTS Bus Stand",Public EV Network,Gujarat,Ahmedabad,"Near Devkutir Bunglow, Opp Bopal Ambli BRTS Bus Stand, Iscon-Bopal Road, Ahmedabad, Gujarat - 380058",23.02558,72.47991,Dual AC/DC Fast,Fast,30,415V AC / 400V DC,24/7 Always Open,₹15 - ₹19 / kWh,4,2,2,0,Available,CCS-2 (30 kW DC); Type 2 AC (22 kW); Bharat DC-001 (15 kW),24/7 Security; EV Signs; Parking
STN-IND-0935,"Pramukh Auto, Umiya Nagar",Public EV Network,Gujarat,Surat,"Plot No. 409/27-A, Umiya Nagar Society,Near Chosath Jogni Mata Temple,Udhna Magdalla Road,Surat-394210",21.164948,72.835879,Dual AC/DC Fast,Fast,30,415V AC / 400V DC,24/7 Always Open,₹15 - ₹19 / kWh,4,4,0,0,Available,CCS-2 (30 kW DC); Type 2 AC (22 kW); Bharat DC-001 (15 kW),24/7 Security; EV Signs; Parking
STN-IND-0936,"Jai Ganesh, Kothariya",Public EV Network,Gujarat,Rajkot,"Jai Ganesh MG. Opp Krishna Park , Rajkot-Gondal Highway ,Kothariya, Rajkot-360003",22.227526,70.801092,Dual AC/DC Fast,Fast,30,415V AC / 400V DC,24/7 Always Open,₹15 - ₹19 / kWh,4,3,1,0,Available,CCS-2 (30 kW DC); Type 2 AC (22 kW); Bharat DC-001 (15 kW),24/7 Security; EV Signs; Parking
STN-IND-0937,"Shreeji Automart, Piplod",Public EV Network,Gujarat,Surat,"04 A/B, Shreeji House,Opp. Big Bazar,Dumas Road, Piplod,Surat-395002",21.159829,72.770603,Dual AC/DC Fast,Fast,30,415V AC / 400V DC,24/7 Always Open,₹15 - ₹19 / kWh,4,1,3,0,Available,CCS-2 (30 kW DC); Type 2 AC (22 kW); Bharat DC-001 (15 kW),24/7 Security; EV Signs; Parking
STN-IND-0938,"Ahmedabad One Mall, Vastrapur",Public EV Network,Gujarat,Ahmedabad,"Plot No. 216, T. P. Scheme 1, Near Vastrapur Lake, Vastrapur, Ahmedabad u00e2u0080u0093 380054",23.039752,72.531812,Dual AC/DC Fast,Fast,30,415V AC / 400V DC,09:00 AM - 11:00 PM,₹15 - ₹19 / kWh,4,2,1,1,Available,CCS-2 (30 kW DC); Type 2 AC (22 kW); Bharat DC-001 (15 kW),ATM; EV Signs; Parking; Restroom; Shopping Mall; Wi-Fi
STN-IND-0939,"IOCL - Sardar Petro Station, Bakrol",IOCL Green,Gujarat,Ahmedabad,"M/s Sardar Petrol Station, Near Toll Plaza Ring Road, Bakrol-Bardrabad, Daskroi, Ahmedabad-382433",22.935404,72.520954,Dual AC/DC Fast,Fast,30,415V AC / 400V DC,24/7 Always Open,₹15 - ₹19 / kWh,4,2,2,0,Available,CCS-2 (30 kW DC); Type 2 AC (22 kW); Bharat DC-001 (15 kW),24/7 Security; Air Pump; Convenience Store; EV Signs; Parking; Restroom
STN-IND-0940,Comfort Inn Legacy By One Earth,Public EV Network,Gujarat,Rajkot,"Comfort Inn Legacy By One Earth Panchnath Road, Limda Chowk, Rajkot Gujrat-360001",22.296705,70.799122,Dual AC/DC Fast,Fast,30,415V AC / 400V DC,24/7 Always Open,₹15 - ₹19 / kWh,4,4,0,0,Available,CCS-2 (30 kW DC); Type 2 AC (22 kW); Bharat DC-001 (15 kW),24/7 Security; EV Signs; Parking
STN-IND-0941,"Vatika City Point, Sec 25",Public EV Network,Haryana,Gurugram,"Mehrauli-Gurgaon Rd, Heritage City, Sector 25, Gurugram, Haryana 122002",28.481147,77.08312,Dual AC/DC Fast,Fast,30,415V AC / 400V DC,24/7 Always Open,₹15 - ₹19 / kWh,4,3,1,0,Available,CCS-2 (30 kW DC); Type 2 AC (22 kW); Bharat DC-001 (15 kW),24/7 Security; EV Signs; Parking
STN-IND-0942,"IOCL - Tapan Auto, NH 22",IOCL Green,Himachal Pradesh,Barog,"National Highway 22, Beside Tapan, Barog, Himachal Pradesh 173211",30.887319,77.087941,Dual AC/DC Fast,Fast,30,415V AC / 400V DC,24/7 Always Open,₹15 - ₹19 / kWh,4,1,3,0,Available,CCS-2 (30 kW DC); Type 2 AC (22 kW); Bharat DC-001 (15 kW),24/7 Security; Air Pump; Convenience Store; EV Signs; Parking; Restroom
STN-IND-0943,"Croma, Ramanthapur",Public EV Network,Telangana,Hyderabad,"Croma, Unit No. 2 & 3, Ground Floor, Plot Survey No. 46, Pragathi Nagar, Ramanthapur Main Road, Ramanthapur, Telangana, Hyderabad - 500013",17.499345,78.541866,Dual AC/DC Fast,Fast,30,415V AC / 400V DC,24/7 Always Open,₹15 - ₹19 / kWh,4,2,1,1,Available,CCS-2 (30 kW DC); Type 2 AC (22 kW); Bharat DC-001 (15 kW),24/7 Security; EV Signs; Parking
STN-IND-0944,"Arise Autoz, Narwal Byepass",Public EV Network,Jammu and Kashmir,Jammu,"Arise Autoz Pvt Ltd, Mailk Market , Narwal Byepass Jammu-180016",32.70661,74.89568,Dual AC/DC Fast,Fast,30,415V AC / 400V DC,24/7 Always Open,₹15 - ₹19 / kWh,4,2,2,0,Available,CCS-2 (30 kW DC); Type 2 AC (22 kW); Bharat DC-001 (15 kW),24/7 Security; EV Signs; Parking
STN-IND-0945,"Asia One Earth, Jammu Tawi",Public EV Network,Jammu and Kashmir,Jammu,"Asia One Earth, Jammu Tawi, Nehru Market, Jammu tawi, Jammu & Kashmir-180004",32.713043,74.859841,Dual AC/DC Fast,Fast,30,415V AC / 400V DC,24/7 Always Open,₹15 - ₹19 / kWh,4,4,0,0,Available,CCS-2 (30 kW DC); Type 2 AC (22 kW); Bharat DC-001 (15 kW),24/7 Security; EV Signs; Parking
STN-IND-0946,"ASL Motors, Industrial Area",Public EV Network,Jharkhand,Jamshedpur,"A-7, 2nd Phase, Industrial Area, Adityapur, Jamshedpur u00e2u0080u0093 832109",22.79094,86.14731,Dual AC/DC Fast,Fast,30,415V AC / 400V DC,24/7 Always Open,₹15 - ₹19 / kWh,4,3,1,0,Available,CCS-2 (30 kW DC); Type 2 AC (22 kW); Bharat DC-001 (15 kW),24/7 Security; EV Signs; Parking
STN-IND-0947,"Ginger Hotel, Bistupur Main Road",Public EV Network,Jharkhand,Jamshedpur,"Ginger Hotel Jamshedpur Opp. Voltas Building, Bistupur Main Road, Jamshedpur - 831001 Tel: 0657 666 3333",22.787788,86.184428,Dual AC/DC Fast,Fast,30,415V AC / 400V DC,24/7 Always Open,₹15 - ₹19 / kWh,4,1,3,0,Available,CCS-2 (30 kW DC); Type 2 AC (22 kW); Bharat DC-001 (15 kW),24/7 Security; Dining / Cafe; EV Signs; Parking; Restroom
STN-IND-0948,Hotel Mayura Veg I Yediyur,Public EV Network,Karnataka,Yediyur,"Hotel Mayur, Chakenahalli, Nh 75, Bangalore - Mangalore Hwy, Jaladagere, Karnataka 572142",12.987708,76.874478,DC Fast Charger,Superfast,50,400V - 800V DC,24/7 Always Open,₹18 - ₹22 / kWh,4,2,1,1,Available,CCS-2 (60 kW DC); CHAdeMO (50 kW DC); Bharat DC-001 (15 kW),24/7 Security; Dining / Cafe; EV Signs; Parking; Restroom
STN-IND-0949,HOTEL SKY BIRDS I HASSAN,Public EV Network,Karnataka,Hassan,"HOTEL SKY BIRDS, railway station, opp. Ranganathapura, Shanthigrama, Karnataka 573201",12.987309,76.206107,DC Fast Charger,Superfast,50,400V - 800V DC,24/7 Always Open,₹18 - ₹22 / kWh,4,2,2,0,Available,CCS-2 (60 kW DC); CHAdeMO (50 kW DC); Bharat DC-001 (15 kW),24/7 Security; Dining / Cafe; EV Signs; Parking; Restroom
STN-IND-0950,Indradhanush Restaurant I Mudagere,Public EV Network,Karnataka,Mudagere,"Indradhanush Restaurant, Bangalore, SH17, Channapatna, Karnataka 571501",12.639569,77.141377,DC Fast Charger,Superfast,50,400V - 800V DC,09:00 AM - 11:00 PM,₹18 - ₹22 / kWh,4,4,0,0,Available,CCS-2 (60 kW DC); CHAdeMO (50 kW DC); Bharat DC-001 (15 kW),Dining / Cafe; EV Signs; Parking; Restroom
STN-IND-0951,"Adishakti, Veeranpalya",Public EV Network,Karnataka,Bengaluru,"#56, Opposite Lumbini Gardens, Veeranna Palya Ring Road , Veeranna Palya, Arabic College Post, Bengaluru, Karnataka - 560045",13.04279,77.6093,Dual AC/DC Fast,Fast,30,415V AC / 400V DC,24/7 Always Open,₹15 - ₹19 / kWh,4,3,1,0,Available,CCS-2 (30 kW DC); Type 2 AC (22 kW); Bharat DC-001 (15 kW),24/7 Security; EV Signs; Parking
STN-IND-0952,"AB Infra Limited, old MIDC",Public EV Network,Karnataka,Bengaluru,"No.46, 10th Cross Rd, West of Chord Road 2nd Stage, West of Chord Road, IInd Stage, Basaveshwar Nagar, Bengaluru, Karnataka 560079",12.99929,77.54963,Dual AC/DC Fast,Fast,30,415V AC / 400V DC,24/7 Always Open,₹15 - ₹19 / kWh,4,1,3,0,Available,CCS-2 (30 kW DC); Type 2 AC (22 kW); Bharat DC-001 (15 kW),24/7 Security; EV Signs; Parking
STN-IND-0953,"Key Motors, Kanakapura",Public EV Network,Karnataka,Bengaluru,"No 71/1A & 71/7, Jaraganahalli Village Opp Temple Tree Apartment, Kanakapura Rd, Manjunath Garden, JP Nagar Phase 6, J. P. Nagar, Bengaluru, Karnataka 560078",12.90392,77.57349,Dual AC/DC Fast,Fast,30,415V AC / 400V DC,24/7 Always Open,₹15 - ₹19 / kWh,4,2,1,1,Available,CCS-2 (30 kW DC); Type 2 AC (22 kW); Bharat DC-001 (15 kW),24/7 Security; EV Signs; Parking
STN-IND-0954,"Ginger Whitefield, SAP Labs Rd",Public EV Network,Karnataka,Bengaluru,"128, EPIP Phase II, &, SAP Labs Rd, Opp. KTPO, EPIP Zone, Whitefield, Bengaluru, Karnataka 560066",12.97692,77.71861,Dual AC/DC Fast,Fast,30,415V AC / 400V DC,24/7 Always Open,₹15 - ₹19 / kWh,4,2,2,0,Available,CCS-2 (30 kW DC); Type 2 AC (22 kW); Bharat DC-001 (15 kW),24/7 Security; EV Signs; Parking
STN-IND-0955,"Ginger Koramangala, Domlur",Public EV Network,Karnataka,Bengaluru,"Inner Ring Road, Opp. Maruthi Infotech Koramangala, 100 Feet Rd, Krishna Reddy Layout, Amarjyoti Layout, Domlur, Bengaluru, Karnataka 560071",12.95234,77.63997,Dual AC/DC Fast,Fast,30,415V AC / 400V DC,24/7 Always Open,₹15 - ₹19 / kWh,4,4,0,0,Available,CCS-2 (30 kW DC); Type 2 AC (22 kW); Bharat DC-001 (15 kW),24/7 Security; EV Signs; Parking
STN-IND-0956,"Prerna Motors, Kudlugate",Public EV Network,Karnataka,Bengaluru,"NO.55, HOSUR MAIN ROAD, KUDLUGATE, HONGASANDRA, NEXT TO OZONE TECH PARK, Kudlu Gate, Garebhavipalya, Garvebhavi Palya, Bengaluru, Karnataka 560068",12.89083,77.63821,Dual AC/DC Fast,Fast,30,415V AC / 400V DC,24/7 Always Open,₹15 - ₹19 / kWh,4,3,1,0,Available,CCS-2 (30 kW DC); Type 2 AC (22 kW); Bharat DC-001 (15 kW),24/7 Security; EV Signs; Parking
STN-IND-0957,"KHT, Whitefield",Public EV Network,Karnataka,Bengaluru,"No. 736, Vijayalakshmi Square, Kundalahalli Main Road, , Bengaluru, Karnataka - 560 066",12.96684,77.71657,Dual AC/DC Fast,Fast,30,415V AC / 400V DC,24/7 Always Open,₹15 - ₹19 / kWh,4,1,3,0,Available,CCS-2 (30 kW DC); Type 2 AC (22 kW); Bharat DC-001 (15 kW),24/7 Security; ATM; EV Signs; Parking; Restroom; Shopping Mall; Wi-Fi
STN-IND-0958,"Kropex, Electronics City",Public EV Network,Karnataka,Bengaluru,"No 49/1, Hosur Main Road, Singasandra, Bangalore Urban, Bengaluru, Karnataka - 560068",12.872053,77.651174,Dual AC/DC Fast,Fast,30,415V AC / 400V DC,24/7 Always Open,₹15 - ₹19 / kWh,4,2,1,1,Available,CCS-2 (30 kW DC); Type 2 AC (22 kW); Bharat DC-001 (15 kW),24/7 Security; EV Signs; Parking
STN-IND-0959,"Dyuthi Automobiles, Hunsur Road",Public EV Network,Karnataka,Mysuru,"Plot No. 201/1&2, Hunsur Road,Mysore, Karnataka, 570017",12.325568,76.610263,Dual AC/DC Fast,Fast,30,415V AC / 400V DC,24/7 Always Open,₹15 - ₹19 / kWh,4,2,2,0,Available,CCS-2 (30 kW DC); Type 2 AC (22 kW); Bharat DC-001 (15 kW),24/7 Security; EV Signs; Parking
STN-IND-0960,"Jubilant Autoworks, Padukodi",Public EV Network,Karnataka,Mangalore,"Survey No. 38, Village, 2, Kuloor - Kavoor Rd, Kuloor, Padukodi, Mangalore, Karnataka 575013",12.923728,74.831066,Dual AC/DC Fast,Fast,30,415V AC / 400V DC,24/7 Always Open,₹15 - ₹19 / kWh,4,4,0,0,Available,CCS-2 (30 kW DC); Type 2 AC (22 kW); Bharat DC-001 (15 kW),24/7 Security; EV Signs; Parking
STN-IND-0961,"Urs Kar motors, New Kantharaj Road",Public EV Network,Karnataka,Mysuru,"Urs Kar, CH 11, New Kantharaj Urs Rd, Mysuru, Karnataka 570004",12.295147,76.641509,Dual AC/DC Fast,Fast,30,415V AC / 400V DC,24/7 Always Open,₹15 - ₹19 / kWh,4,3,1,0,Available,CCS-2 (30 kW DC); Type 2 AC (22 kW); Bharat DC-001 (15 kW),24/7 Security; EV Signs; Parking
STN-IND-0962,"Kalinga Tavern Residency, Hatna",Public EV Network,Karnataka,Hatna,"Bandadka - Bengaluru Rd, Hatna, Karnataka 571432",12.97709,76.831192,Dual AC/DC Fast,Fast,30,415V AC / 400V DC,24/7 Always Open,₹15 - ₹19 / kWh,4,1,3,0,Available,CCS-2 (30 kW DC); Type 2 AC (22 kW); Bharat DC-001 (15 kW),24/7 Security; EV Signs; Parking
STN-IND-0963,"Automatrix - Hassan, Bangalore-Mangalore Highway",Public EV Network,Karnataka,Hassan,"Bangalore - Mangalore Hwy, NH 8, Thanniruhalla, Hassan Rural, Karnataka 573201",12.995208,76.079467,Dual AC/DC Fast,Fast,30,415V AC / 400V DC,24/7 Always Open,₹15 - ₹19 / kWh,4,2,1,1,Available,CCS-2 (30 kW DC); Type 2 AC (22 kW); Bharat DC-001 (15 kW),24/7 Security; EV Signs; Parking
STN-IND-0964,"Click Hotel, Sadahalli",Public EV Network,Karnataka,Bengaluru,"35, Down Town Park 1. Sadahalli Main Gate. Shittigere Village. Bangalore North Taluka, 562157",13.192134,77.646586,Dual AC/DC Fast,Fast,30,415V AC / 400V DC,24/7 Always Open,₹15 - ₹19 / kWh,4,2,2,0,Available,CCS-2 (30 kW DC); Type 2 AC (22 kW); Bharat DC-001 (15 kW),24/7 Security; Dining / Cafe; EV Signs; Parking; Restroom
STN-IND-0965,"Ginger Hotel, Near Kottara Chowki Junction",Public EV Network,Karnataka,Mangalore,"Ginger Hotel Mangalore Near Kottara Chowki Junction, Mangalore 575006 Tel: 0824 666 3333",12.909027,74.83597,Dual AC/DC Fast,Fast,30,415V AC / 400V DC,24/7 Always Open,₹15 - ₹19 / kWh,4,4,0,0,Available,CCS-2 (30 kW DC); Type 2 AC (22 kW); Bharat DC-001 (15 kW),24/7 Security; Dining / Cafe; EV Signs; Parking; Restroom
STN-IND-0966,"SVS Tyres, sastapur - NH 65",Public EV Network,Karnataka,Basavakalyan,"KIADB Industrial Area, Near Fire Station, NH 65 Sastapur, Bangla Basawakalyan 585327",17.821826,76.939392,Dual AC/DC Fast,Fast,30,415V AC / 400V DC,24/7 Always Open,₹15 - ₹19 / kWh,4,3,1,0,Available,CCS-2 (30 kW DC); Type 2 AC (22 kW); Bharat DC-001 (15 kW),24/7 Security; EV Signs; Parking
STN-IND-0967,"CoastLine Garages, NH 47 Muttom",Public EV Network,Kerala,Kochi,"Opposite Metro Pillar no 155 , NH 47, Muttom , Near Aluva , Cochin-683106",10.077281,76.337656,Dual AC/DC Fast,Fast,30,415V AC / 400V DC,24/7 Always Open,₹15 - ₹19 / kWh,4,1,3,0,Available,CCS-2 (30 kW DC); Type 2 AC (22 kW); Bharat DC-001 (15 kW),24/7 Security; EV Signs; Parking
STN-IND-0968,"CoastLine Garages, Kannur Road",Public EV Network,Kerala,Kozhikode,"Opposite West Hill Post Office, Kannur Road , West Hill P.O , Kozhikode-673005",11.282287,75.770054,Dual AC/DC Fast,Fast,30,415V AC / 400V DC,24/7 Always Open,₹15 - ₹19 / kWh,4,2,1,1,Available,CCS-2 (30 kW DC); Type 2 AC (22 kW); Bharat DC-001 (15 kW),24/7 Security; EV Signs; Parking
STN-IND-0969,"Marina Motors, Pantheerankavu",Public EV Network,Kerala,Kozhikode,"Bye Pass Road, Pantheerankavu, Kozhikode-673019",11.217,75.85801,Dual AC/DC Fast,Fast,30,415V AC / 400V DC,24/7 Always Open,₹15 - ₹19 / kWh,4,2,2,0,Available,CCS-2 (30 kW DC); Type 2 AC (22 kW); Bharat DC-001 (15 kW),24/7 Security; EV Signs; Parking
STN-IND-0970,"IOCL - JRO Pongam, Thrissur",IOCL Green,Kerala,Kizhakkummuri,JUBILEE RETAIL OUTLET KORATTY SOUTH POST THRISSUR DISTRICT-680308,10.245487,76.369589,Dual AC/DC Fast,Fast,30,415V AC / 400V DC,24/7 Always Open,₹15 - ₹19 / kWh,4,4,0,0,Available,CCS-2 (30 kW DC); Type 2 AC (22 kW); Bharat DC-001 (15 kW),24/7 Security; Air Pump; Convenience Store; EV Signs; Parking; Restroom
STN-IND-0971,"Sree Gokulam Motors, Nettoor",Public EV Network,Kerala,Kochi,"No. 10, 256/C, Survey No 1562/1, NH47, Bye Pass Road, Nettoor, Kochi-682040",10.039145,76.315574,Dual AC/DC Fast,Fast,30,415V AC / 400V DC,24/7 Always Open,₹15 - ₹19 / kWh,4,3,1,0,Available,CCS-2 (30 kW DC); Type 2 AC (22 kW); Bharat DC-001 (15 kW),24/7 Security; EV Signs; Parking
STN-IND-0972,"Hyson Motors, Punkunnam",Public EV Network,Kerala,Thrissur,"Guruvayur Rd, Puzhakkal, Punkunnam, Thrissur, Kerala 680002",10.540817,76.189423,Dual AC/DC Fast,Fast,30,415V AC / 400V DC,24/7 Always Open,₹15 - ₹19 / kWh,4,1,3,0,Available,CCS-2 (30 kW DC); Type 2 AC (22 kW); Bharat DC-001 (15 kW),24/7 Security; EV Signs; Parking
STN-IND-0973,"KVR Dream vehicles, Nadal",Public EV Network,Kerala,Kannur,"Ground Floor, Kizhunna - Kadappuram Rd, Chirakku Thazhe, Nadal, Kerala 670007",11.83301,75.42643,Dual AC/DC Fast,Fast,30,415V AC / 400V DC,24/7 Always Open,₹15 - ₹19 / kWh,4,2,1,1,Available,CCS-2 (30 kW DC); Type 2 AC (22 kW); Bharat DC-001 (15 kW),24/7 Security; EV Signs; Parking
STN-IND-0974,"Muthoot Automotive, Mevaram",Public EV Network,Kerala,Kollam,"Machoos Properties, Bypass, near Medicity Hospital, Mevaram, Kollam, Kerala 691020",8.87386,76.64112,Dual AC/DC Fast,Fast,30,415V AC / 400V DC,24/7 Always Open,₹15 - ₹19 / kWh,4,2,2,0,Available,CCS-2 (30 kW DC); Type 2 AC (22 kW); Bharat DC-001 (15 kW),24/7 Security; EV Signs; Parking
STN-IND-0975,"IOCL - SR Adhoc u00e2u0080u0093 COCO, Vytilla",IOCL Green,Kerala,Kochi,"Bus Stop, Janatha, Sahodaran Ayyappan Rd, Janatha Junction, Vyttila, Ernakulam, Kerala 682019",9.9685,76.312879,Dual AC/DC Fast,Fast,30,415V AC / 400V DC,24/7 Always Open,₹15 - ₹19 / kWh,4,4,0,0,Available,CCS-2 (30 kW DC); Type 2 AC (22 kW); Bharat DC-001 (15 kW),24/7 Security; Air Pump; Convenience Store; EV Signs; Parking; Restroom
STN-IND-0976,"Gokulam Grand, Kovalam",Public EV Network,Kerala,Trivandrum,"TC 63, 512 TO 523, Beach Rd, Kovalam, Kerala 695527",8.390198,76.976356,Dual AC/DC Fast,Fast,30,415V AC / 400V DC,24/7 Always Open,₹15 - ₹19 / kWh,4,3,1,0,Available,CCS-2 (30 kW DC); Type 2 AC (22 kW); Bharat DC-001 (15 kW),24/7 Security; EV Signs; Parking
STN-IND-0977,"Gokulam Sabari, Guruvayur",Public EV Network,Kerala,Thrissur,"North, Outer Ring Rd, Kuppaayil, Guruvayur, Kerala 680101",10.596516,76.04243,Dual AC/DC Fast,Fast,30,415V AC / 400V DC,24/7 Always Open,₹15 - ₹19 / kWh,4,1,3,0,Available,CCS-2 (30 kW DC); Type 2 AC (22 kW); Bharat DC-001 (15 kW),24/7 Security; EV Signs; Parking
STN-IND-0978,"Sree Gokulam Motors, Edapally",Public EV Network,Kerala,Kochi,"Skyline Gateway Apartments, Pathadipalam, Edappally, Ernakulam, Kerala 682033",9.926113,76.317879,Dual AC/DC Fast,Fast,30,415V AC / 400V DC,24/7 Always Open,₹15 - ₹19 / kWh,4,2,1,1,Available,CCS-2 (30 kW DC); Type 2 AC (22 kW); Bharat DC-001 (15 kW),24/7 Security; EV Signs; Parking
STN-IND-0979,"Misty Mountain Teyla, Mundakayam",Public EV Network,Kerala,Kottayam,"Mundakayam Glenrock office, Mundakayam, Kottayam, 686512",9.544748,76.877561,Dual AC/DC Fast,Fast,30,415V AC / 400V DC,24/7 Always Open,₹15 - ₹19 / kWh,4,2,2,0,Available,CCS-2 (30 kW DC); Type 2 AC (22 kW); Bharat DC-001 (15 kW),24/7 Security; EV Signs; Parking
STN-IND-0980,"Ginger Hotel, Kazakuttom",Public EV Network,Kerala,Trivandrum,"Ginger Hotel Trivandrum Electronics Technology Park, Technopark Campus, Club House, Kazakuttom, Trivandrum - 695581 Tel: 0471 666 3333",8.561592,76.876393,Dual AC/DC Fast,Fast,30,415V AC / 400V DC,24/7 Always Open,₹15 - ₹19 / kWh,4,4,0,0,Available,CCS-2 (30 kW DC); Type 2 AC (22 kW); Bharat DC-001 (15 kW),24/7 Security; Dining / Cafe; EV Signs; Parking; Restroom
STN-IND-0981,GJ | Limbdi | HFM (Highway Food Mall),Public EV Network,Limbdi,Gujarat,"Highway Food Mall, Nr. Limbdi Over Bridge, National Highway No.8A, Limbdi u00e2u0080u0093 363421.",22.5676,71.7741,DC Fast Charger,Superfast,50,400V - 800V DC,09:00 AM - 11:00 PM,₹18 - ₹22 / kWh,4,3,1,0,Available,CCS-2 (60 kW DC); CHAdeMO (50 kW DC); Bharat DC-001 (15 kW),ATM; Dining / Cafe; EV Signs; Parking; Restroom; Shopping Mall; Wi-Fi
STN-IND-0982,"Hriday Cars, AB Road",Public EV Network,Madhya Pradesh,Indore,"1/2-Anoop Nagar,AB Road Indore-452001",22.730722,75.889373,Dual AC/DC Fast,Fast,30,415V AC / 400V DC,24/7 Always Open,₹15 - ₹19 / kWh,4,1,3,0,Available,CCS-2 (30 kW DC); Type 2 AC (22 kW); Bharat DC-001 (15 kW),24/7 Security; EV Signs; Parking
STN-IND-0983,"IOCL COCO u00e2u0080u0093 Extoll College Br., Bhawadita Kalan",IOCL Green,Madhya Pradesh,Bhopal,"80/2/1/1/2 Bhawadiya Kalan, Bhopal 462026",23.182404,77.432496,Dual AC/DC Fast,Fast,30,415V AC / 400V DC,24/7 Always Open,₹15 - ₹19 / kWh,4,2,1,1,Available,CCS-2 (30 kW DC); Type 2 AC (22 kW); Bharat DC-001 (15 kW),24/7 Security; Air Pump; Convenience Store; EV Signs; Parking; Restroom
STN-IND-0984,"CR - Bhandup Station, Bhandup East",Public EV Network,Maharashra,Mumbai,"Bhandup Station East, near Kotak Mahindra ATM, Bhandup, Bhandup East, Mumbai, Maharashtra 400042",19.142025,72.937755,Dual AC/DC Fast,Fast,30,415V AC / 400V DC,24/7 Always Open,₹15 - ₹19 / kWh,4,2,2,0,Available,CCS-2 (30 kW DC); Type 2 AC (22 kW); Bharat DC-001 (15 kW),24/7 Security; EV Signs; Parking
STN-IND-0985,"Select Cars, Sanath Nagar",Public EV Network,Maharashtra,Hyderabad,"B-51, APIIC Rd, IDA Kukatpally, Sanath Nagar, Hyderabad, Telangana 500018",17.45608,78.44656,Dual AC/DC Fast,Fast,30,415V AC / 400V DC,24/7 Always Open,₹15 - ₹19 / kWh,4,4,0,0,Available,CCS-2 (30 kW DC); Type 2 AC (22 kW); Bharat DC-001 (15 kW),24/7 Security; EV Signs; Parking
STN-IND-0986,"Select Cars, Alkapuri",Public EV Network,Maharashtra,Hyderabad,"ALKAPURI X ROADS, Nagole, Hyderabad, Telangana 500068",17.3649,78.55747,Dual AC/DC Fast,Fast,30,415V AC / 400V DC,24/7 Always Open,₹15 - ₹19 / kWh,4,3,1,0,Available,CCS-2 (30 kW DC); Type 2 AC (22 kW); Bharat DC-001 (15 kW),24/7 Security; EV Signs; Parking
STN-IND-0987,"Ginger Mumbai, Andheri East",Public EV Network,Maharashtra,Mumbai,"Teli - Gali Road, Andheri (East), Mumbai - 400069",19.11599,72.85018,Dual AC/DC Fast,Fast,30,415V AC / 400V DC,24/7 Always Open,₹15 - ₹19 / kWh,4,1,3,0,Available,CCS-2 (30 kW DC); Type 2 AC (22 kW); Bharat DC-001 (15 kW),24/7 Security; EV Signs; Parking
STN-IND-0988,"Tata Power RS, Versova",Tata Power EZ Charge,Maharashtra,Mumbai,"KL Walawalkar Marg, Sahayog Nagar, Bhudargarh Colony, Andheri West, Mumbai, Maharashtra 400102",19.13052,72.83056,Dual AC/DC Fast,Fast,30,415V AC / 400V DC,24/7 Always Open,₹15 - ₹19 / kWh,4,2,1,1,Available,CCS-2 (30 kW DC); Type 2 AC (22 kW); Bharat DC-001 (15 kW),24/7 Security; EV Signs; Parking
STN-IND-0989,"Inderjit Cars, Andheri West",Public EV Network,Maharashtra,Mumbai,"1059/1060, Adarsh nagar, near infinity mall, Off New Link Road, Andheri West, Mumbai, Maharashtra 400053",19.14207,72.83241,Dual AC/DC Fast,Fast,30,415V AC / 400V DC,24/7 Always Open,₹15 - ₹19 / kWh,4,2,2,0,Available,CCS-2 (30 kW DC); Type 2 AC (22 kW); Bharat DC-001 (15 kW),24/7 Security; ATM; EV Signs; Parking; Restroom; Shopping Mall; Wi-Fi
STN-IND-0990,"Heritage Motors, Panchpakhadi",HPCL Energy,Maharashtra,Thane,"3/4, Meena Apartment, Panchpakhadi, Eastern Exp Highway, Thane West u00e2u0080u0093 Pokran Upvan, Thane - 400606",19.1972,72.96321,Dual AC/DC Fast,Fast,30,415V AC / 400V DC,24/7 Always Open,₹15 - ₹19 / kWh,4,4,0,0,Available,CCS-2 (30 kW DC); Type 2 AC (22 kW); Bharat DC-001 (15 kW),24/7 Security; Air Pump; Convenience Store; EV Signs; Parking; Restroom
STN-IND-0991,"Tata Power, Vikhroli",Tata Power EZ Charge,Maharashtra,Mumbai,"The Tata Power Company Limited, 400 kV Project, Vikhroli Sub Station, Godrej Soap Premises, Vikhroli (East), Mumbai 400079",19.095269,72.926195,Dual AC/DC Fast,Fast,30,415V AC / 400V DC,24/7 Always Open,₹15 - ₹19 / kWh,4,3,1,0,Available,CCS-2 (30 kW DC); Type 2 AC (22 kW); Bharat DC-001 (15 kW),24/7 Security; EV Signs; Parking
STN-IND-0992,"SAB Motors, Patel Nagar",Public EV Network,Uttar Pradesh,Ghaziabad,"G-94, Patel Nagar - III, Ghaziabad, Uttar Pradesh - 201001",28.67458,77.42895,Dual AC/DC Fast,Fast,30,415V AC / 400V DC,24/7 Always Open,₹15 - ₹19 / kWh,4,1,3,0,Available,CCS-2 (30 kW DC); Type 2 AC (22 kW); Bharat DC-001 (15 kW),24/7 Security; EV Signs; Parking
STN-IND-0993,"Multitech Motors, Sec 27 Faridabad",Public EV Network,Uttar Pradesh,Faridabad,"Sector 19, Faridabad, Haryana 121002",28.41873,77.31114,Dual AC/DC Fast,Fast,30,415V AC / 400V DC,24/7 Always Open,₹15 - ₹19 / kWh,4,2,1,1,Available,CCS-2 (30 kW DC); Type 2 AC (22 kW); Bharat DC-001 (15 kW),24/7 Security; EV Signs; Parking
STN-IND-0994,"Sparsh , Garg Plaza - Dwarka",Public EV Network,Delhi Ncr,New Delhi,"RZ A- 70, Garg Plaza, Dabri - Palam Road, Dwarka, Delhi, Delhi - 110043",28.60585,77.08133,Dual AC/DC Fast,Fast,30,415V AC / 400V DC,24/7 Always Open,₹15 - ₹19 / kWh,4,2,2,0,Available,CCS-2 (30 kW DC); Type 2 AC (22 kW); Bharat DC-001 (15 kW),24/7 Security; EV Signs; Parking
STN-IND-0995,"Rudra Motors, Wagholi",Public EV Network,Maharashtra,Pune,"Gat No.1343/A, Near Ubale Nagar Bus Stop, Wagholi-412207",18.57391,73.9589,Dual AC/DC Fast,Fast,30,415V AC / 400V DC,24/7 Always Open,₹15 - ₹19 / kWh,4,4,0,0,Available,CCS-2 (30 kW DC); Type 2 AC (22 kW); Bharat DC-001 (15 kW),24/7 Security; EV Signs; Parking
STN-IND-0996,"Bafna, Tathawade",Public EV Network,Maharashtra,Pune,"Gate No. 129/2B/1, Mumbai Bangalore Express Highway,Ashok Nagar, Tathawade, Pune-411033",18.62343,73.74568,Dual AC/DC Fast,Fast,30,415V AC / 400V DC,24/7 Always Open,₹15 - ₹19 / kWh,4,3,1,0,Available,CCS-2 (30 kW DC); Type 2 AC (22 kW); Bharat DC-001 (15 kW),24/7 Security; EV Signs; Parking
STN-IND-0997,"Croma Pune, Aundh",Public EV Network,Maharashtra,Pune,"Survey No.127/2B/1A Nanasaheb Gaikwad Information Technology Park ITI Road, Near, Sarjaa Rd, Aundh, Pune,411007",18.55368,73.80696,Dual AC/DC Fast,Fast,30,415V AC / 400V DC,24/7 Always Open,₹15 - ₹19 / kWh,4,1,3,0,Available,CCS-2 (30 kW DC); Type 2 AC (22 kW); Bharat DC-001 (15 kW),24/7 Security; EV Signs; Parking
STN-IND-0998,"Godrej One, Vikhroli",Public EV Network,Maharashtra,Mumbai,"4 Wheeler Parking area Godrej One Pirojshanagar, Eastern Express Highway, Vikhroli u00e2u0080u0093 East, Mumbai u00e2u0080u0093 400079",19.092565,72.922351,Dual AC/DC Fast,Fast,30,415V AC / 400V DC,24/7 Always Open,₹15 - ₹19 / kWh,4,2,1,1,Available,CCS-2 (30 kW DC); Type 2 AC (22 kW); Bharat DC-001 (15 kW),24/7 Security; EV Signs; Parking
STN-IND-0999,"Inderjit Cars, Mira Road",Public EV Network,Maharashtra,Thane,"Platinum Building, Ground Floor,Opp. Pleasant Park,Next To Brand Factory Showroom,Mira Road-401107",19.277922,72.880256,Dual AC/DC Fast,Fast,30,415V AC / 400V DC,24/7 Always Open,₹15 - ₹19 / kWh,4,2,2,0,Available,CCS-2 (30 kW DC); Type 2 AC (22 kW); Bharat DC-001 (15 kW),24/7 Security; EV Signs; Parking
STN-IND-1000,"IOCL, Breach Candy",IOCL Green,Maharashtra,Mumbai,"Bhulabhai Desai Road, Breach Candy, near Tata Garden, Mumbai, Maharashtra 400026",18.96555,72.80346,Dual AC/DC Fast,Fast,30,415V AC / 400V DC,24/7 Always Open,₹15 - ₹19 / kWh,4,4,0,0,Available,CCS-2 (30 kW DC); Type 2 AC (22 kW); Bharat DC-001 (15 kW),24/7 Security; Air Pump; Convenience Store; EV Signs; Parking; Restroom
STN-IND-1001,"Puneet, Prabadevi",Public EV Network,Maharashtra,Mumbai,"Lloyds Centre Point, Appasaheb Marathe Marg, Dadar West, Prabhadevi, Mumbai, Maharashtra 400025",19.01296,72.82652,Dual AC/DC Fast,Fast,30,415V AC / 400V DC,24/7 Always Open,₹15 - ₹19 / kWh,4,3,1,0,Available,CCS-2 (30 kW DC); Type 2 AC (22 kW); Bharat DC-001 (15 kW),24/7 Security; EV Signs; Parking
STN-IND-1002,"SAB Motors, Loni Road - Industrial Area",Public EV Network,Maharashtra,Ghaziabad,"CF 1-1/1 to 1/5 Harsha Compound, Site II, Loni Road Industrial Area, Mohan Nagar, Ghaziabad, Uttar Pradesh - 201007",28.683213,77.377082,Dual AC/DC Fast,Fast,30,415V AC / 400V DC,24/7 Always Open,₹15 - ₹19 / kWh,4,1,3,0,Available,CCS-2 (30 kW DC); Type 2 AC (22 kW); Bharat DC-001 (15 kW),24/7 Security; EV Signs; Parking
STN-IND-1003,"Croma, L.B. Nagar",Public EV Network,Maharashtra,Hyderabad,"CROMA, Ground Floor,D.V.Cascade,Plot 59A,59/B,59/C,59/D In Survey 9/9,Saroornagar Village,L.B.Nagar - 500074",17.352657,78.546636,Dual AC/DC Fast,Fast,30,415V AC / 400V DC,24/7 Always Open,₹15 - ₹19 / kWh,4,2,1,1,Available,CCS-2 (30 kW DC); Type 2 AC (22 kW); Bharat DC-001 (15 kW),24/7 Security; EV Signs; Parking
STN-IND-1004,"Sai Baba, Theregaon",Public EV Network,Maharashtra,Pune,"5/4, Nakhate Nagar,Kalewadi Main Road,Theregaon,Pune-411033",18.611143,73.783103,Dual AC/DC Fast,Fast,30,415V AC / 400V DC,24/7 Always Open,₹15 - ₹19 / kWh,4,2,2,0,Available,CCS-2 (30 kW DC); Type 2 AC (22 kW); Bharat DC-001 (15 kW),24/7 Security; EV Signs; Parking
STN-IND-1005,"Sridha Motors, Chakan",Public EV Network,Maharashtra,Chakan,"GAT NO. 143/3, PUNE-NASHIK HIGHWAY WAKI (KH), Maharashtra 410501",18.77893,73.87099,Dual AC/DC Fast,Fast,30,415V AC / 400V DC,24/7 Always Open,₹15 - ₹19 / kWh,4,4,0,0,Available,CCS-2 (30 kW DC); Type 2 AC (22 kW); Bharat DC-001 (15 kW),24/7 Security; EV Signs; Parking
STN-IND-1006,"Bikanerwala, NH 48 Panchgaon",Public EV Network,Maharashtra,Panchgaon,"55th Mile Stone, NH 48, Kukrola, Panchgaon, Gurugram, Pin-122001",28.323394,76.901196,Dual AC/DC Fast,Fast,30,415V AC / 400V DC,24/7 Always Open,₹15 - ₹19 / kWh,4,3,1,0,Available,CCS-2 (30 kW DC); Type 2 AC (22 kW); Bharat DC-001 (15 kW),24/7 Security; EV Signs; Parking
STN-IND-1007,"IOCL - COCO, Prabhadevi",IOCL Green,Maharashtra,Mumbai,"Plot No, P. N. 1207, CADELL RD. MUMBAI, PRABHADEVI CADEL RD., MUMBAI - 400022",19.018857,72.831076,Dual AC/DC Fast,Fast,30,415V AC / 400V DC,24/7 Always Open,₹15 - ₹19 / kWh,4,1,3,0,Available,CCS-2 (30 kW DC); Type 2 AC (22 kW); Bharat DC-001 (15 kW),24/7 Security; Air Pump; Convenience Store; EV Signs; Parking; Restroom
STN-IND-1008,"Nangia Cars, Hinghna",Public EV Network,Maharashtra,Nagpur,33B 1/4 Hinghna MIDC Opp Nangia Speciality Hospital Nagpur 440028,21.13459,79.004423,Dual AC/DC Fast,Fast,30,415V AC / 400V DC,24/7 Always Open,₹15 - ₹19 / kWh,4,2,1,1,Available,CCS-2 (30 kW DC); Type 2 AC (22 kW); Bharat DC-001 (15 kW),24/7 Security; EV Signs; Parking
STN-IND-1009,"Jitendra Wheels, Ambad",Public EV Network,Maharashtra,Nashik,"B-88 MIDC AMBAD, Mumbai Agra highway,Next to Hotel gateway Nashik-  422010",19.950077,73.749175,Dual AC/DC Fast,Fast,30,415V AC / 400V DC,24/7 Always Open,₹15 - ₹19 / kWh,4,2,2,0,Available,CCS-2 (30 kW DC); Type 2 AC (22 kW); Bharat DC-001 (15 kW),24/7 Security; Dining / Cafe; EV Signs; Parking; Restroom
STN-IND-1010,"Tata Power, Dharavi Colony",Tata Power EZ Charge,Maharashtra,Mumbai,"Tata Power Dharavi Colony labour camp dharavi ,Matunga ,Mumbai 400019",19.034402,72.85284,Dual AC/DC Fast,Fast,30,415V AC / 400V DC,24/7 Always Open,₹15 - ₹19 / kWh,4,4,0,0,Available,CCS-2 (30 kW DC); Type 2 AC (22 kW); Bharat DC-001 (15 kW),24/7 Security; EV Signs; Parking
STN-IND-1011,"Unique Automobiles, MIDC Shiroli",Public EV Network,Maharashtra,Kolhapur,"S.No 592,H.No 4481 1st Stop MIDC Shiroli(P) Tal-Hatkanangale, Dist-Kolhapur-416122",16.753021,74.279095,Dual AC/DC Fast,Fast,30,415V AC / 400V DC,24/7 Always Open,₹15 - ₹19 / kWh,4,3,1,0,Available,CCS-2 (30 kW DC); Type 2 AC (22 kW); Bharat DC-001 (15 kW),24/7 Security; EV Signs; Parking
STN-IND-1012,"Dhoot Motors, Adalat Road",Public EV Network,Maharashtra,Aurangabad,"ABC Complex, Adalat Road, Aurangabad, Maharashtra 431005Second location for survey : Adalat Road, Next to High Court, Aurangabad, Maharashtra 431005",19.872922,75.318613,Dual AC/DC Fast,Fast,30,415V AC / 400V DC,24/7 Always Open,₹15 - ₹19 / kWh,4,1,3,0,Available,CCS-2 (30 kW DC); Type 2 AC (22 kW); Bharat DC-001 (15 kW),24/7 Security; ATM; EV Signs; Parking; Restroom; Shopping Mall; Wi-Fi
STN-IND-1013,"Nathani Heights, Mumbai Central",Public EV Network,Maharashtra,Mumbai,"Junction of Bellasis Road and Dr D.B. Marg , Mumbai Central, Mumbai 400008",18.968863,72.820714,Dual AC/DC Fast,Fast,30,415V AC / 400V DC,24/7 Always Open,₹15 - ₹19 / kWh,4,2,1,1,Available,CCS-2 (30 kW DC); Type 2 AC (22 kW); Bharat DC-001 (15 kW),24/7 Security; EV Signs; Parking
STN-IND-1014,"Amanora Mall Big Bazar Parking, Hadapsar",Public EV Network,Maharashtra,Pune,"Crescent Rd, Amanora Park Town, Hadapsar, Pune, Maharashtra 411028",18.51874,73.936184,Dual AC/DC Fast,Fast,30,415V AC / 400V DC,09:00 AM - 11:00 PM,₹15 - ₹19 / kWh,4,2,2,0,Available,CCS-2 (30 kW DC); Type 2 AC (22 kW); Bharat DC-001 (15 kW),ATM; EV Signs; Parking; Restroom; Shopping Mall; Wi-Fi
STN-IND-1015,"Amnora Sport Arena, Hadapsar",Public EV Network,Maharashtra,Pune,"Amanora Township , Hadpasar , Pune 411028",18.515666,73.946072,Dual AC/DC Fast,Fast,30,415V AC / 400V DC,24/7 Always Open,₹15 - ₹19 / kWh,4,4,0,0,Available,CCS-2 (30 kW DC); Type 2 AC (22 kW); Bharat DC-001 (15 kW),24/7 Security; EV Signs; Parking
STN-IND-1016,"CSMT Station, Fort",Public EV Network,Maharashtra,Mumbai,"Chhatrapati Shivaji Maharaj Terminus, Fort, Mumbai, Maharashtra 400001",18.945355,72.838329,Dual AC/DC Fast,Fast,30,415V AC / 400V DC,24/7 Always Open,₹15 - ₹19 / kWh,4,3,1,0,Available,CCS-2 (30 kW DC); Type 2 AC (22 kW); Bharat DC-001 (15 kW),24/7 Security; EV Signs; Parking
STN-IND-1017,"Mahanagar Gas Limited, Wadala",Public EV Network,Maharashtra,Mumbai,"MGL Terminal, opposite Anik Depot, Wadala, Mumbai, Maharashtra 400022",19.047257,72.878383,Dual AC/DC Fast,Fast,30,415V AC / 400V DC,24/7 Always Open,₹15 - ₹19 / kWh,4,1,3,0,Available,CCS-2 (30 kW DC); Type 2 AC (22 kW); Bharat DC-001 (15 kW),24/7 Security; EV Signs; Parking
STN-IND-1018,"IOCL COCO, BKC",IOCL Green,Maharashtra,Mumbai,"Bandra Kurla Complex, New Coco At, C-67, Bharat Nagar Rd, G Block BKC, Bandra Kurla Complex, Bandra East, Mumbai, Maharashtra 400051",19.059958,72.864792,Dual AC/DC Fast,Fast,30,415V AC / 400V DC,24/7 Always Open,₹15 - ₹19 / kWh,4,2,1,1,Available,CCS-2 (30 kW DC); Type 2 AC (22 kW); Bharat DC-001 (15 kW),24/7 Security; ATM; Air Pump; Convenience Store; EV Signs; Parking; Restroom; Shopping Mall; Wi-Fi
STN-IND-1019,"Vivera Hotels & Resorts, Loc 1, Narketpally",Public EV Network,Telangana,Suryapet,"NH 65, Narketpally, Telangana - 508254",17.212796,79.166746,Dual AC/DC Fast,Fast,30,415V AC / 400V DC,24/7 Always Open,₹15 - ₹19 / kWh,4,2,2,0,Available,CCS-2 (30 kW DC); Type 2 AC (22 kW); Bharat DC-001 (15 kW),24/7 Security; Dining / Cafe; EV Signs; Parking; Restroom
STN-IND-1020,"Highway Hospitality, Rajugari Thota",Public EV Network,Telangana,Suryapet,"NH 65, Rayangudem Village, Suryapet, Telangana-508213",17.152535,79.569919,Dual AC/DC Fast,Fast,30,415V AC / 400V DC,24/7 Always Open,₹15 - ₹19 / kWh,4,4,0,0,Available,CCS-2 (30 kW DC); Type 2 AC (22 kW); Bharat DC-001 (15 kW),24/7 Security; EV Signs; Parking
STN-IND-1021,"Zenith Chemical Works Pvt Ltd, Andheri East",Public EV Network,Maharashtra,Mumbai,"Zenith Chemical Works Pvt Ltd. Plot No. B.6, Cross Road B, MIDC Marol, Andheri East residing at Mumbai-400093",19.115745,72.868256,Dual AC/DC Fast,Fast,30,415V AC / 400V DC,24/7 Always Open,₹15 - ₹19 / kWh,4,3,1,0,Available,CCS-2 (30 kW DC); Type 2 AC (22 kW); Bharat DC-001 (15 kW),24/7 Security; EV Signs; Parking
STN-IND-1022,"Panchjanya Motors, Bhosari",Public EV Network,Maharashtra,Pune,"Wakad - Bhosari BRTS Road, Century Enka Colony, Bhosari, Pimpri-Chinchwad,Maharashtra 411039",18.61547,73.84618,Dual AC/DC Fast,Fast,30,415V AC / 400V DC,24/7 Always Open,₹15 - ₹19 / kWh,4,1,3,0,Available,CCS-2 (30 kW DC); Type 2 AC (22 kW); Bharat DC-001 (15 kW),24/7 Security; EV Signs; Parking
STN-IND-1023,"Panchjanya Motors, Chinchwad",Public EV Network,Maharashtra,Pune,"No 49, Block D2, MIDC Ador Power Station, Chinchwad, Ram Nagar, Chinchwad, Pune,Maharashtra 411039",18.648576,73.798872,Dual AC/DC Fast,Fast,30,415V AC / 400V DC,24/7 Always Open,₹15 - ₹19 / kWh,4,2,1,1,Available,CCS-2 (30 kW DC); Type 2 AC (22 kW); Bharat DC-001 (15 kW),24/7 Security; EV Signs; Parking
STN-IND-1024,"Hotel Sai International Yelur, Sangali",Public EV Network,Maharashtra,Yelur,"Pune Bangalore Highway (NH-4, Vasant Park Chougle Plot, Yelur, Maharashtra 415411",16.956461,74.275721,Dual AC/DC Fast,Fast,30,415V AC / 400V DC,24/7 Always Open,₹15 - ₹19 / kWh,4,2,2,0,Available,CCS-2 (30 kW DC); Type 2 AC (22 kW); Bharat DC-001 (15 kW),24/7 Security; Dining / Cafe; EV Signs; Parking; Restroom
STN-IND-1025,"Sangam Hotel, Pune- Bangalore Road",Public EV Network,Maharashtra,Karad,"NH 4, Pune-Bangalore Road, Near Kolhapur Naka, Karad, Maharashtra 415110",17.273724,74.180276,Dual AC/DC Fast,Fast,30,415V AC / 400V DC,24/7 Always Open,₹15 - ₹19 / kWh,4,4,0,0,Available,CCS-2 (30 kW DC); Type 2 AC (22 kW); Bharat DC-001 (15 kW),24/7 Security; Dining / Cafe; EV Signs; Parking; Restroom
STN-IND-1026,"Amrai Hotel & Resort , NH 4 Shendre",Public EV Network,Maharashtra,Satara,"KG.NO 207/B, Plot No-1&2, Near National Highway No-4, Shendre, Satara, Maharashtra 415002",17.638208,74.012092,Dual AC/DC Fast,Fast,30,415V AC / 400V DC,24/7 Always Open,₹15 - ₹19 / kWh,4,3,1,0,Available,CCS-2 (30 kW DC); Type 2 AC (22 kW); Bharat DC-001 (15 kW),24/7 Security; Dining / Cafe; EV Signs; Parking; Restroom
STN-IND-1027,"AH Group, Hinjewadi Phase I",Public EV Network,Maharashtra,Pune,"Aditya Infotech Park ,SBI Bank ,Phase I , Hinjewadi Pune 411057",18.589877,73.738366,Dual AC/DC Fast,Fast,30,415V AC / 400V DC,24/7 Always Open,₹15 - ₹19 / kWh,4,1,3,0,Available,CCS-2 (30 kW DC); Type 2 AC (22 kW); Bharat DC-001 (15 kW),24/7 Security; EV Signs; Parking
STN-IND-1028,"IOCL - COCO ALE 101, Mohabbatpur",IOCL Green,Uttar Pradesh,Mainpuri,IndianOil Petrol pump at Km Stone 101.2 LHS Village Mohabbatpur Tehsil karhal Distt Mainpuri - 205268,26.968708,79.019513,Dual AC/DC Fast,Fast,30,415V AC / 400V DC,24/7 Always Open,₹15 - ₹19 / kWh,4,2,1,1,Available,CCS-2 (30 kW DC); Type 2 AC (22 kW); Bharat DC-001 (15 kW),24/7 Security; Air Pump; Convenience Store; EV Signs; Parking; Restroom
STN-IND-1029,"Uniworld City, New Town",Public EV Network,West Bengal,Kolkata,"Uniworld City, Newtown, New Town, West Bengal 700156",22.561997,88.492903,Dual AC/DC Fast,Fast,30,415V AC / 400V DC,24/7 Always Open,₹15 - ₹19 / kWh,4,2,2,0,Available,CCS-2 (30 kW DC); Type 2 AC (22 kW); Bharat DC-001 (15 kW),24/7 Security; EV Signs; Parking
STN-IND-1030,"Datson Electronics, Gorhe",Public EV Network,Maharashtra,Pune,"M/s. Datson Electronics pvt ltd Gat.No.30. Sinhagad Road , Gorhe Budruk .Tal- Haveli Next To Savali Resort , Off Sinhagad Road . Village Gorhe . Pune - 411025",18.423343,73.754875,Dual AC/DC Fast,Fast,30,415V AC / 400V DC,24/7 Always Open,₹15 - ₹19 / kWh,4,4,0,0,Available,CCS-2 (30 kW DC); Type 2 AC (22 kW); Bharat DC-001 (15 kW),24/7 Security; Dining / Cafe; EV Signs; Parking; Restroom
STN-IND-1031,"Hare Krishna Mahindra, Mulund West",Public EV Network,Maharashtra,Mumbai,"Building, Plot 1, Udyog Kshtra, Mulund Goregaon Link Rd, near D Mart Mulund, Salpa Devi Pada, Mulund West, Mumbai, Maharashtra 400080",19.163979,72.938751,Dual AC/DC Fast,Fast,30,415V AC / 400V DC,24/7 Always Open,₹15 - ₹19 / kWh,4,3,1,0,Available,CCS-2 (30 kW DC); Type 2 AC (22 kW); Bharat DC-001 (15 kW),24/7 Security; EV Signs; Parking
STN-IND-1032,"IOCL COCO Palayamputhur, Palyampudur",IOCL Green,Tamil Nadu,Palyampudur,"Dharmapuri Main Road, Palayampudur, Tamil Nadu 636807",12.024373,78.097911,Dual AC/DC Fast,Fast,30,415V AC / 400V DC,24/7 Always Open,₹15 - ₹19 / kWh,4,1,3,0,Available,CCS-2 (30 kW DC); Type 2 AC (22 kW); Bharat DC-001 (15 kW),24/7 Security; Air Pump; Convenience Store; EV Signs; Parking; Restroom
STN-IND-1033,"Daspalla Hotels, Suryabagh",Public EV Network,Andhra Pradesh,Vizag,"Hotel Daspalla Visakhapatnam, 28-2-48, Suryabagh, Jagadamba Junction,A P 530020",17.710554,83.300827,Dual AC/DC Fast,Fast,30,415V AC / 400V DC,24/7 Always Open,₹15 - ₹19 / kWh,4,2,1,1,Available,CCS-2 (30 kW DC); Type 2 AC (22 kW); Bharat DC-001 (15 kW),24/7 Security; Dining / Cafe; EV Signs; Parking; Restroom
STN-IND-1034,"TDI Business Centre, Mohali",Public EV Network,Punjab,Mohali,"TDI Business Centre, Sector 118, TDI City, Mohali - 160055",30.736692,76.680375,Dual AC/DC Fast,Fast,30,415V AC / 400V DC,24/7 Always Open,₹15 - ₹19 / kWh,4,2,2,0,Available,CCS-2 (30 kW DC); Type 2 AC (22 kW); Bharat DC-001 (15 kW),24/7 Security; EV Signs; Parking
STN-IND-1035,"Aurangabad Smart City, Himayat Bagh",Public EV Network,Maharashtra,Aurangabad,"V8VH+HMJ, Himayat Bagh, Aurangabad, Maharashtra 431004",19.894237,75.328084,Dual AC/DC Fast,Fast,30,415V AC / 400V DC,24/7 Always Open,₹15 - ₹19 / kWh,4,4,0,0,Available,CCS-2 (30 kW DC); Type 2 AC (22 kW); Bharat DC-001 (15 kW),24/7 Security; EV Signs; Parking
STN-IND-1036,"Navagauri Tyres, MIDC",Public EV Network,Maharashtra,Baramati,"MIDC Baramati Plot No. 237, near Hindustan Cattle feed Baramati- 413133",18.206925,74.608567,Dual AC/DC Fast,Fast,30,415V AC / 400V DC,24/7 Always Open,₹15 - ₹19 / kWh,4,3,1,0,Available,CCS-2 (30 kW DC); Type 2 AC (22 kW); Bharat DC-001 (15 kW),24/7 Security; EV Signs; Parking
STN-IND-1037,MH | Nashik | Nashik | Car mall,Public EV Network,Maharashtra,Maharashtra,"CAR MALL, Buddha Vihar, Pathardi Phata, Nashik, Maharashtra 422010",19.9519,73.7541,DC Fast Charger,Superfast,50,400V - 800V DC,09:00 AM - 11:00 PM,₹18 - ₹22 / kWh,4,1,3,0,Available,CCS-2 (60 kW DC); CHAdeMO (50 kW DC); Bharat DC-001 (15 kW),ATM; EV Signs; Parking; Restroom; Shopping Mall; Wi-Fi
STN-IND-1038,"Dion Automotives,Samantarpur",Public EV Network,Odisha,Bhubaneswar,"Plot No 2175, 3766, Lewis Road, Samantarapur, Old Town, Bhubaneswar, Odisha 751002",20.227001,85.840966,Dual AC/DC Fast,Fast,30,415V AC / 400V DC,24/7 Always Open,₹15 - ₹19 / kWh,4,2,1,1,Available,CCS-2 (30 kW DC); Type 2 AC (22 kW); Bharat DC-001 (15 kW),24/7 Security; EV Signs; Parking
STN-IND-1039,"Lankeswari Motors, NH 6 - Gopalpalli Chowk",Public EV Network,Odisha,Sambalpur,"National Hwy, 06, Near Gopalpalli Chowk, Sambalpur, Odisha 768006",21.498344,83.956558,Dual AC/DC Fast,Fast,30,415V AC / 400V DC,24/7 Always Open,₹15 - ₹19 / kWh,4,2,2,0,Available,CCS-2 (30 kW DC); Type 2 AC (22 kW); Bharat DC-001 (15 kW),24/7 Security; EV Signs; Parking
STN-IND-1040,"Trupti Automotives, NH 16 - Manguli Chowk",Public EV Network,Odisha,Cuttack,"NH16, Manguli Chowk, Odisha 754025",20.529316,85.949237,Dual AC/DC Fast,Fast,30,415V AC / 400V DC,24/7 Always Open,₹15 - ₹19 / kWh,4,4,0,0,Available,CCS-2 (30 kW DC); Type 2 AC (22 kW); Bharat DC-001 (15 kW),24/7 Security; EV Signs; Parking
STN-IND-1041,"Trupti Automotives, NH 53 - Duburi",Public EV Network,Odisha,Kalinganagar,"Duburi, Kalinga Nagar Tata Steel Area, Odisha- 755026",20.950256,85.989753,Dual AC/DC Fast,Fast,30,415V AC / 400V DC,24/7 Always Open,₹15 - ₹19 / kWh,4,3,1,0,Available,CCS-2 (30 kW DC); Type 2 AC (22 kW); Bharat DC-001 (15 kW),24/7 Security; EV Signs; Parking
STN-IND-1042,"CSM Technologies, Khorda",Public EV Network,Odisha,Bhubaneswar,"E/56, Infocity, Chandrasekharpur Industrial Area, Khorda, Bhubaneswar, Odisha-751024",20.339527,85.80065,Dual AC/DC Fast,Fast,30,415V AC / 400V DC,24/7 Always Open,₹15 - ₹19 / kWh,4,1,3,0,Available,CCS-2 (30 kW DC); Type 2 AC (22 kW); Bharat DC-001 (15 kW),24/7 Security; EV Signs; Parking
STN-IND-1043,"CSM Technologies, Acharya Vihar",Public EV Network,Odisha,Bhubaneswar,"OCAC(Odisha Computer Application Centre) Building, Plot No N-1/7-D, Acharya Vihar, Khorda, Bhubaneswar, Odisha-751013",20.299638,85.830934,Dual AC/DC Fast,Fast,30,415V AC / 400V DC,24/7 Always Open,₹15 - ₹19 / kWh,4,2,1,1,Available,CCS-2 (30 kW DC); Type 2 AC (22 kW); Bharat DC-001 (15 kW),24/7 Security; EV Signs; Parking
STN-IND-1044,"Samal Equip, Nuahata",Public EV Network,Odisha,Angul,"Nuahata, Odisha 759128",20.832862,85.238258,Dual AC/DC Fast,Fast,30,415V AC / 400V DC,24/7 Always Open,₹15 - ₹19 / kWh,4,2,2,0,Available,CCS-2 (30 kW DC); Type 2 AC (22 kW); Bharat DC-001 (15 kW),24/7 Security; EV Signs; Parking
STN-IND-1045,"Ginger Hotel, Nayapalli",Public EV Network,Odisha,Bhubaneswar,"Ginger Hotel Bhubaneshwar Opp. Nalco Headquarter,Jayadev Vihar, Nayapalli, Bhubaneshwar 751013",20.3,85.82,Dual AC/DC Fast,Fast,30,415V AC / 400V DC,24/7 Always Open,₹15 - ₹19 / kWh,4,4,0,0,Available,CCS-2 (30 kW DC); Type 2 AC (22 kW); Bharat DC-001 (15 kW),24/7 Security; Dining / Cafe; EV Signs; Parking; Restroom
STN-IND-1046,"FPL Vehicles, Ariyankuppam",Public EV Network,Puducherry,Puducherry,"No.1 Cuddalore, Puducherry ECR Main Road , Ariyankuppam , Puducherry-605007",11.894514,79.802682,Dual AC/DC Fast,Fast,30,415V AC / 400V DC,24/7 Always Open,₹15 - ₹19 / kWh,4,3,1,0,Available,CCS-2 (30 kW DC); Type 2 AC (22 kW); Bharat DC-001 (15 kW),24/7 Security; EV Signs; Parking
STN-IND-1047,"Gitansh Motors, GT Road Jugiana",Public EV Network,Punjab,Ludhiana,"GT Road Jugiana,adjoining indian oil petrol pump,ludhiana-141010",30.857873,75.936632,Dual AC/DC Fast,Fast,30,415V AC / 400V DC,24/7 Always Open,₹15 - ₹19 / kWh,4,1,3,0,Available,CCS-2 (30 kW DC); Type 2 AC (22 kW); Bharat DC-001 (15 kW),24/7 Security; Air Pump; Convenience Store; EV Signs; Parking; Restroom
STN-IND-1048,"RSA Motors, Industrial Area II",Public EV Network,Punjab,Chandigarh,"Plot No.40, Industrial Area, Phase II, chandigarh - 160002",30.699052,76.785531,Dual AC/DC Fast,Fast,30,415V AC / 400V DC,24/7 Always Open,₹15 - ₹19 / kWh,4,2,1,1,Available,CCS-2 (30 kW DC); Type 2 AC (22 kW); Bharat DC-001 (15 kW),24/7 Security; EV Signs; Parking
STN-IND-1049,"IOCL - COCO IT Park, Bhagwanpura",IOCL Green,Punjab,Chandigarh,"IT HABITAT, Rajiv Gandhi Chandigarh Technology Park, Bhagwanpura, Chandigarh- 160101",30.731143,76.836682,Dual AC/DC Fast,Fast,30,415V AC / 400V DC,24/7 Always Open,₹15 - ₹19 / kWh,4,2,2,0,Available,CCS-2 (30 kW DC); Type 2 AC (22 kW); Bharat DC-001 (15 kW),24/7 Security; Air Pump; Convenience Store; EV Signs; Parking; Restroom
STN-IND-1050,"IOCL - COCO 65, Sec -65",IOCL Green,Punjab,Mohali,"631 A, Sector 65, Sahibzada Ajit Singh Nagar, Punjab-160062",30.679836,76.746633,Dual AC/DC Fast,Fast,30,415V AC / 400V DC,24/7 Always Open,₹15 - ₹19 / kWh,4,4,0,0,Available,CCS-2 (30 kW DC); Type 2 AC (22 kW); Bharat DC-001 (15 kW),24/7 Security; Air Pump; Convenience Store; EV Signs; Parking; Restroom
STN-IND-1051,"Dada Motors, Heera Singh Nagar",Public EV Network,Punjab,Ludhiana,"Heera Singh Nagar, Jalandhar Bye Pass, Ludhiana-141008",30.949137,75.826643,Dual AC/DC Fast,Fast,30,415V AC / 400V DC,24/7 Always Open,₹15 - ₹19 / kWh,4,3,1,0,Available,CCS-2 (30 kW DC); Type 2 AC (22 kW); Bharat DC-001 (15 kW),24/7 Security; EV Signs; Parking
STN-IND-1052,"One Earth Avaas, Amritsar",Public EV Network,Punjab,Amritsar,"One Earth Avaas, BBK DAV College,12 Lawrence Road, Dayanand Nagar, Amritsar, Punjab -143001",31.646176,74.878269,Dual AC/DC Fast,Fast,30,415V AC / 400V DC,24/7 Always Open,₹15 - ₹19 / kWh,4,1,3,0,Available,CCS-2 (30 kW DC); Type 2 AC (22 kW); Bharat DC-001 (15 kW),24/7 Security; EV Signs; Parking
STN-IND-1053,"Shiv Shanker Motors, Hukumpet",Public EV Network,Rajahmundry,Rajahmundry,"110-4-7, NH 16 Hukumpet, Aditya Nagar, Bommuru, Rajahmundry-533103",16.98333,81.798043,Dual AC/DC Fast,Fast,30,415V AC / 400V DC,24/7 Always Open,₹15 - ₹19 / kWh,4,2,1,1,Available,CCS-2 (30 kW DC); Type 2 AC (22 kW); Bharat DC-001 (15 kW),24/7 Security; EV Signs; Parking
STN-IND-1054,"GPS Automobiles, Tonk Road",Public EV Network,Rajasthan,Jaipur,"Plot No. 2& 3/4, Choudhary Charan Singh Colony, Tonk Road, Jaipur, 302029",26.833144,75.7951,Dual AC/DC Fast,Fast,30,415V AC / 400V DC,24/7 Always Open,₹15 - ₹19 / kWh,4,2,2,0,Available,CCS-2 (30 kW DC); Type 2 AC (22 kW); Bharat DC-001 (15 kW),24/7 Security; EV Signs; Parking
STN-IND-1055,"Chambal Motors, Madri Industrial Area",Public EV Network,Rajasthan,Udaipur,"CP-6/CP-7, Madri Industrial Area - 313001",24.574885,73.746285,Dual AC/DC Fast,Fast,30,415V AC / 400V DC,24/7 Always Open,₹15 - ₹19 / kWh,4,4,0,0,Available,CCS-2 (30 kW DC); Type 2 AC (22 kW); Bharat DC-001 (15 kW),24/7 Security; EV Signs; Parking
STN-IND-1056,"GPS Automobile, Parbatpura",Public EV Network,Rajasthan,Ajmer,G.P.S. Automobiles pvt. Ltd. ; Jaipur Ajmer express highway near municipal trenching ground Parbatpura Ajmer- 305002,26.426757,74.681974,Dual AC/DC Fast,Fast,30,415V AC / 400V DC,24/7 Always Open,₹15 - ₹19 / kWh,4,3,1,0,Available,CCS-2 (30 kW DC); Type 2 AC (22 kW); Bharat DC-001 (15 kW),24/7 Security; EV Signs; Parking
STN-IND-1057,"Shree Shyam Motors, VKI Area",Public EV Network,Rajasthan,Jaipur,"E(5) B, Road no 1C, VKI area, Jaipur - 302013",26.972289,75.777332,Dual AC/DC Fast,Fast,30,415V AC / 400V DC,24/7 Always Open,₹15 - ₹19 / kWh,4,1,3,0,Available,CCS-2 (30 kW DC); Type 2 AC (22 kW); Bharat DC-001 (15 kW),24/7 Security; EV Signs; Parking
STN-IND-1058,"First Mobital, Tonk Road",Public EV Network,Rajasthan,Jaipur,"G1-211, Sitapura Industrial Area, behind genpect Tonk Road, Jaipur - 302022",26.777597,75.839281,Dual AC/DC Fast,Fast,30,415V AC / 400V DC,24/7 Always Open,₹15 - ₹19 / kWh,4,2,1,1,Available,CCS-2 (30 kW DC); Type 2 AC (22 kW); Bharat DC-001 (15 kW),24/7 Security; EV Signs; Parking
STN-IND-1059,"Roshan Motors, Adarsh Nagar",Public EV Network,Rajasthan,Jaipur,"No B, 7, Govind Marg, Saket Colony, Adarsh Nagar, Jaipur, Rajasthan 302004",26.901322,75.835451,Dual AC/DC Fast,Fast,30,415V AC / 400V DC,24/7 Always Open,₹15 - ₹19 / kWh,4,2,2,0,Available,CCS-2 (30 kW DC); Type 2 AC (22 kW); Bharat DC-001 (15 kW),24/7 Security; EV Signs; Parking
STN-IND-1060,"Chambal MotoCorp, Surajpole",Public EV Network,Rajasthan,Udaipur,"Plot No 3 and, 4, Panchsheel Marg, Surajpole, Udaipur, Rajasthan 313001",24.581106,73.696687,Dual AC/DC Fast,Fast,30,415V AC / 400V DC,24/7 Always Open,₹15 - ₹19 / kWh,4,4,0,0,Available,CCS-2 (30 kW DC); Type 2 AC (22 kW); Bharat DC-001 (15 kW),24/7 Security; EV Signs; Parking
STN-IND-1061,"Yash Motors, Subhash Nagar",Public EV Network,Rajasthan,Bhilwara,"3, Ajmer Rd, Subhash Nagar, Bhilwara, Rajasthan 311001",25.382402,74.619584,Dual AC/DC Fast,Fast,30,415V AC / 400V DC,24/7 Always Open,₹15 - ₹19 / kWh,4,3,1,0,Available,CCS-2 (30 kW DC); Type 2 AC (22 kW); Bharat DC-001 (15 kW),24/7 Security; EV Signs; Parking
STN-IND-1062,JhalamandGarh Jodhpur,HPCL Energy,Rajasthan,Jodhpur,"Post Office Jhalamand, Jodhpur, Rajasthan 342005",26.20977,73.065008,Dual AC/DC Fast,Fast,30,415V AC / 400V DC,24/7 Always Open,₹15 - ₹19 / kWh,4,1,3,0,Available,CCS-2 (30 kW DC); Type 2 AC (22 kW); Bharat DC-001 (15 kW),24/7 Security; Air Pump; Convenience Store; EV Signs; Parking; Restroom
STN-IND-1063,RnB Shanti Seva Niketan,Public EV Network,Rajasthan,Salasar,"MDR2, Salasar , Rajasthan 332318",27.736301,74.742639,Dual AC/DC Fast,Fast,30,415V AC / 400V DC,24/7 Always Open,₹15 - ₹19 / kWh,4,2,1,1,Available,CCS-2 (30 kW DC); Type 2 AC (22 kW); Bharat DC-001 (15 kW),24/7 Security; EV Signs; Parking
STN-IND-1064,"Ginger Hotel, Civil Lines",Public EV Network,Rajasthan,Jaipur,"Ginger Hotel Jaipur Geejgarh House, Civil Lines, Hawa Sadak, Jaipur 302006 Tel: 0141 4666 333",26.901348,75.785013,Dual AC/DC Fast,Fast,30,415V AC / 400V DC,24/7 Always Open,₹15 - ₹19 / kWh,4,2,2,0,Available,CCS-2 (30 kW DC); Type 2 AC (22 kW); Bharat DC-001 (15 kW),24/7 Security; Dining / Cafe; EV Signs; Parking; Restroom
STN-IND-1065,"Sp Motors, Madri",Public EV Network,Rajasthan,Udaipur,"E-110 Main Bypass Road, Mewar Industrial Area, Madri, Udaipur-313003",24.57444,73.72351,Dual AC/DC Fast,Fast,30,415V AC / 400V DC,24/7 Always Open,₹15 - ₹19 / kWh,4,4,0,0,Available,CCS-2 (30 kW DC); Type 2 AC (22 kW); Bharat DC-001 (15 kW),24/7 Security; EV Signs; Parking
STN-IND-1066,"Visvakarma Hotel, Jhunhunnu",Public EV Network,Rajasthan,Sikar,"Visvakarma Hotel, NH 11 NH52, Near Ganpati Dham, Sargoth, Sargoth Via Reengus, Sikar Rajasthan 332404",27.344907,75.602003,Dual AC/DC Fast,Fast,30,415V AC / 400V DC,24/7 Always Open,₹15 - ₹19 / kWh,4,3,1,0,Available,CCS-2 (30 kW DC); Type 2 AC (22 kW); Bharat DC-001 (15 kW),24/7 Security; Dining / Cafe; EV Signs; Parking; Restroom
STN-IND-1067,GJ | Surat | Kamrej,Public EV Network,Gujarat,Surat,"Block number 552-553 IRB Compound opp Mansarovar Residency NH 8 Kamrej, Surat 394185",21.221,72.8733,DC Fast Charger,Superfast,50,400V - 800V DC,24/7 Always Open,₹18 - ₹22 / kWh,4,1,3,0,Available,CCS-2 (60 kW DC); CHAdeMO (50 kW DC); Bharat DC-001 (15 kW),24/7 Security; EV Signs; Parking
STN-IND-1068,Radisson Blu Resort Temple Bay I Mamallapuram,Public EV Network,Tamil Nadu,Mahabalipuram,"Radisson Blu Resort Temple Bay Mamallapuram, 57 Covelong Road, Dist, Mahabalipuram, Tamil Nadu 603104",12.62384,80.194593,DC Fast Charger,Superfast,50,400V - 800V DC,09:00 AM - 11:00 PM,₹18 - ₹22 / kWh,4,2,1,1,Available,CCS-2 (60 kW DC); CHAdeMO (50 kW DC); Bharat DC-001 (15 kW),ATM; Dining / Cafe; EV Signs; Parking; Restroom; Shopping Mall; Wi-Fi
STN-IND-1069,Spencer Plaza Mall | Chennai,Public EV Network,Tamil Nadu,Chennai,"Spencer Plaza Mall, 768-769, Anna Salai, Chennai, Tamil Nadu 600002",13.061544,80.261456,DC Fast Charger,Superfast,50,400V - 800V DC,09:00 AM - 11:00 PM,₹18 - ₹22 / kWh,4,2,2,0,Available,CCS-2 (60 kW DC); CHAdeMO (50 kW DC); Bharat DC-001 (15 kW),ATM; EV Signs; Parking; Restroom; Shopping Mall; Wi-Fi
STN-IND-1070,"LAKSHMI Motors, Thoraipakkam",Public EV Network,Tamil Nadu,Chennai,"118, Okkiam, Thoraipakkam, Chennai, Tamil Nadu - 600097",12.92976,80.23164,Dual AC/DC Fast,Fast,30,415V AC / 400V DC,24/7 Always Open,₹15 - ₹19 / kWh,4,4,0,0,Available,CCS-2 (30 kW DC); Type 2 AC (22 kW); Bharat DC-001 (15 kW),24/7 Security; EV Signs; Parking
STN-IND-1071,"Ginger Vadapalani, NGO Colony",Public EV Network,Tamil Nadu,Chennai,"61, Inner Ring Rd, Thiru Nagar Colony, NGO Colony, Vadapalani, Chennai, Tamil Nadu 600026",13.05647,80.21116,Dual AC/DC Fast,Fast,30,415V AC / 400V DC,24/7 Always Open,₹15 - ₹19 / kWh,4,3,1,0,Available,CCS-2 (30 kW DC); Type 2 AC (22 kW); Bharat DC-001 (15 kW),24/7 Security; EV Signs; Parking
STN-IND-1072,"Gurudev Tata Motors, Arumbakkam",Public EV Network,Tamil Nadu,Chennai,"Old No 90, New Number 1090, E.V.R. Periyar High Road, Arumbakkam, Chennai, Tamil Nadu - 600106",13.07656,80.2021,Dual AC/DC Fast,Fast,30,415V AC / 400V DC,24/7 Always Open,₹15 - ₹19 / kWh,4,1,3,0,Available,CCS-2 (30 kW DC); Type 2 AC (22 kW); Bharat DC-001 (15 kW),24/7 Security; EV Signs; Parking
STN-IND-1073,"FPL Vehicles, Annasali",Public EV Network,Tamil Nadu,Chennai,"NO. 824/2, Annasali Nandnam, Chennai, Tamil Nadu, 600035",13.03001,80.24211,Dual AC/DC Fast,Fast,30,415V AC / 400V DC,24/7 Always Open,₹15 - ₹19 / kWh,4,2,1,1,Available,CCS-2 (30 kW DC); Type 2 AC (22 kW); Bharat DC-001 (15 kW),24/7 Security; EV Signs; Parking
STN-IND-1074,"PPS Motors, Chinniyampalayam",Public EV Network,Tamil Nadu,Coimbatore,"No-138, Avinashi Road, Chinniyampalayam, Coimbatore-641062",11.04991,77.05765,Dual AC/DC Fast,Fast,30,415V AC / 400V DC,24/7 Always Open,₹15 - ₹19 / kWh,4,2,2,0,Available,CCS-2 (30 kW DC); Type 2 AC (22 kW); Bharat DC-001 (15 kW),24/7 Security; EV Signs; Parking
STN-IND-1075,"PPS Motors, Thirumangalam",Public EV Network,Tamil Nadu,Madurai,"Shed No. D-23, Nilaiyur First Bit, Uchapatti Village,Thirumangalam, Madurai-625402",9.862428,78.021557,Dual AC/DC Fast,Fast,30,415V AC / 400V DC,24/7 Always Open,₹15 - ₹19 / kWh,4,4,0,0,Available,CCS-2 (30 kW DC); Type 2 AC (22 kW); Bharat DC-001 (15 kW),24/7 Security; EV Signs; Parking
STN-IND-1076,"FPL Vehicles, Perumugai",Public EV Network,Tamil Nadu,Vellore,"33/5A1, Chennai Bangalore Highway, perumugai, Vellore-632009",12.945336,79.200662,Dual AC/DC Fast,Fast,30,415V AC / 400V DC,24/7 Always Open,₹15 - ₹19 / kWh,4,3,1,0,Available,CCS-2 (30 kW DC); Type 2 AC (22 kW); Bharat DC-001 (15 kW),24/7 Security; EV Signs; Parking
STN-IND-1077,"Sree Gokulam Motors, Zamin Pallavaram",Public EV Network,Tamil Nadu,Chennai,"Sree Gokulam Motors, No 93, 3C, 200 Feet Radial road, Zamin Pallavaram, Chennai - 600117",12.950258,80.176003,Dual AC/DC Fast,Fast,30,415V AC / 400V DC,24/7 Always Open,₹15 - ₹19 / kWh,4,1,3,0,Available,CCS-2 (30 kW DC); Type 2 AC (22 kW); Bharat DC-001 (15 kW),24/7 Security; EV Signs; Parking
STN-IND-1078,"Vivera Hotels & Resorts, Bhuvanagiri",Public EV Network,Telangana,Bhuvanagiri,"NH 163, Ragari, near IT College, Bhuvanagiri, Telangana 508116",17.522471,78.924306,Dual AC/DC Fast,Fast,30,415V AC / 400V DC,24/7 Always Open,₹15 - ₹19 / kWh,4,2,1,1,Available,CCS-2 (30 kW DC); Type 2 AC (22 kW); Bharat DC-001 (15 kW),24/7 Security; Dining / Cafe; EV Signs; Parking; Restroom
STN-IND-1079,"Tanishq, Cathedral road Gopalpuram",Public EV Network,Tamil Nadu,Chennai,"No.100, Cathedral Rd, Gopalapuram, Chennai, Tamil Nadu 600086",13.04774,80.25418,Dual AC/DC Fast,Fast,30,415V AC / 400V DC,24/7 Always Open,₹15 - ₹19 / kWh,4,2,2,0,Available,CCS-2 (30 kW DC); Type 2 AC (22 kW); Bharat DC-001 (15 kW),24/7 Security; EV Signs; Parking
STN-IND-1080,"Chima Cars, Kappalur",Public EV Network,Tamil Nadu,Madurai,"H-14, H-14A, SIDCO INDUSTRIAL ESTATE UCCHAPATTI, Kappalur, Tamil Nadu 625008",9.938364,78.150085,Dual AC/DC Fast,Fast,30,415V AC / 400V DC,24/7 Always Open,₹15 - ₹19 / kWh,4,4,0,0,Available,CCS-2 (30 kW DC); Type 2 AC (22 kW); Bharat DC-001 (15 kW),24/7 Security; EV Signs; Parking
STN-IND-1081,"Gateway Coonoor - IHCL SeleQtions, Coonoor",Public EV Network,Tamil Nadu,Ooty,"Upper, Coonoor, Tamil Nadu 643101",11.345997,76.801575,Dual AC/DC Fast,Fast,30,415V AC / 400V DC,24/7 Always Open,₹15 - ₹19 / kWh,4,3,1,0,Available,CCS-2 (30 kW DC); Type 2 AC (22 kW); Bharat DC-001 (15 kW),24/7 Security; EV Signs; Parking
STN-IND-1082,"Tejaswi Motors, Madhapur",Public EV Network,Telangana,Hyderabad,"Plot No. 4/14, Opp. Cyber Towers, KPHB Road, Madhapur, Hyderabad, Telangana - 500081",17.45345,78.38334,Dual AC/DC Fast,Fast,30,415V AC / 400V DC,24/7 Always Open,₹15 - ₹19 / kWh,4,1,3,0,Available,CCS-2 (30 kW DC); Type 2 AC (22 kW); Bharat DC-001 (15 kW),24/7 Security; ATM; EV Signs; Parking; Restroom; Shopping Mall; Wi-Fi
STN-IND-1083,"Venkataramana Motors, ECIL",Public EV Network,Telangana,Hyderabad,"Plot No 11, Victory Plaza, ECIL X Roads, Hyderabad, Telangana - 500062",17.48081,78.57715,Dual AC/DC Fast,Fast,30,415V AC / 400V DC,24/7 Always Open,₹15 - ₹19 / kWh,4,2,1,1,Available,CCS-2 (30 kW DC); Type 2 AC (22 kW); Bharat DC-001 (15 kW),24/7 Security; EV Signs; Parking
STN-IND-1084,"Westside, Somajiguda",Public EV Network,Telangana,Hyderabad,"PLOT NO.6-3, Kmc Retail Mall, CIRCLE, 1112, near KIRTILAL JEWELLERS, Somajiguda, Hyderabad, Telangana 500082",17.4226,78.46136,Dual AC/DC Fast,Fast,30,415V AC / 400V DC,24/7 Always Open,₹15 - ₹19 / kWh,4,2,2,0,Available,CCS-2 (30 kW DC); Type 2 AC (22 kW); Bharat DC-001 (15 kW),24/7 Security; ATM; EV Signs; Parking; Restroom; Shopping Mall; Wi-Fi
STN-IND-1085,"Croma, Attapur",Public EV Network,Telangana,Hyderabad,"Sirimalle Square Plot Nos. 8, 9, 10 Survey No. 523/B, Pillar No. 160 Attapur, Rajendranagar mandal, Hyderabad, Telangana 500048",17.359176,78.426285,Dual AC/DC Fast,Fast,30,415V AC / 400V DC,24/7 Always Open,₹15 - ₹19 / kWh,4,4,0,0,Available,CCS-2 (30 kW DC); Type 2 AC (22 kW); Bharat DC-001 (15 kW),24/7 Security; ATM; EV Signs; Parking; Restroom; Shopping Mall; Wi-Fi
STN-IND-1086,"Croma, Kompally",Public EV Network,Telangana,Hyderabad,"Ratna Arcade, Ground Floor Survey No. 128 National Highway 44, Beside, Sree Vensai Towers, Ruby Block, Kompally, Secunderabad, Telangana 500014",17.531882,78.485644,Dual AC/DC Fast,Fast,30,415V AC / 400V DC,24/7 Always Open,₹15 - ₹19 / kWh,4,3,1,0,Available,CCS-2 (30 kW DC); Type 2 AC (22 kW); Bharat DC-001 (15 kW),24/7 Security; ATM; EV Signs; Parking; Restroom; Shopping Mall; Wi-Fi
STN-IND-1087,"Sarath City Capital Mall, Whitefields",Public EV Network,Telangana,Hyderabad,"Sarath City Capital Mall, Whitefields, Gachibowli-Miyapur Road, Hyderbad 500084",17.457774,78.36396,Dual AC/DC Fast,Fast,30,415V AC / 400V DC,09:00 AM - 11:00 PM,₹15 - ₹19 / kWh,4,1,3,0,Available,CCS-2 (30 kW DC); Type 2 AC (22 kW); Bharat DC-001 (15 kW),ATM; EV Signs; Parking; Restroom; Shopping Mall; Wi-Fi
STN-IND-1088,"7 Food Court, NH 65 -Rayangudem",Public EV Network,Telangana,Suryapet,"NH - 65, Rayangudem Village Suryapet Mandal, Suryapet, Telangana 508213",17.150628,79.577475,Dual AC/DC Fast,Fast,30,415V AC / 400V DC,24/7 Always Open,₹15 - ₹19 / kWh,4,2,1,1,Available,CCS-2 (30 kW DC); Type 2 AC (22 kW); Bharat DC-001 (15 kW),24/7 Security; Dining / Cafe; EV Signs; Parking; Restroom
STN-IND-1089,"Sagar Motors EV, Surajpur",Public EV Network,Uttar Pradesh,Noida,"E-36, Site-4, UDSIDC, Surajpur Kasna Road, (Near Pari Chowk), Noida, Uttar Pradesh - 201310",28.45782,77.52322,Dual AC/DC Fast,Fast,30,415V AC / 400V DC,24/7 Always Open,₹15 - ₹19 / kWh,4,2,2,0,Available,CCS-2 (30 kW DC); Type 2 AC (22 kW); Bharat DC-001 (15 kW),24/7 Security; EV Signs; Parking
STN-IND-1090,"Society Motors, MACROBERTGANJ",Public EV Network,Uttar Pradesh,Kanpur,"12/483, Macrobert Ganj, Kanpur, Uttar Pradesh - 208001",26.482346,80.329394,Dual AC/DC Fast,Fast,30,415V AC / 400V DC,24/7 Always Open,₹15 - ₹19 / kWh,4,4,0,0,Available,CCS-2 (30 kW DC); Type 2 AC (22 kW); Bharat DC-001 (15 kW),24/7 Security; EV Signs; Parking
STN-IND-1091,"Beeaar Autowheels, Chinhat",Public EV Network,Uttar Pradesh,Lucknow,"Milestone No.u00c2u00a0111, Faizabad Road, Chinhat, Lucknow (UP) 227105",26.872061,81.036465,Dual AC/DC Fast,Fast,30,415V AC / 400V DC,24/7 Always Open,₹15 - ₹19 / kWh,4,3,1,0,Available,CCS-2 (30 kW DC); Type 2 AC (22 kW); Bharat DC-001 (15 kW),24/7 Security; EV Signs; Parking
STN-IND-1092,"NRL Cars, Nagla Padi",Public EV Network,Uttar Pradesh,Agra,"404, Nagla Padi, Near Arvind Hyundai 282005",27.21132,77.99742,Dual AC/DC Fast,Fast,30,415V AC / 400V DC,24/7 Always Open,₹15 - ₹19 / kWh,4,1,3,0,Available,CCS-2 (30 kW DC); Type 2 AC (22 kW); Bharat DC-001 (15 kW),24/7 Security; EV Signs; Parking
STN-IND-1093,"Keshav Raj, Rampur Road",Public EV Network,Uttar Pradesh,Bareilly,"Keshav Raj Automobiles Private Limited, 4.5 KM Rampur road, C. B Ganj Bareily-243001",28.382444,79.386016,Dual AC/DC Fast,Fast,30,415V AC / 400V DC,24/7 Always Open,₹15 - ₹19 / kWh,4,2,1,1,Available,CCS-2 (30 kW DC); Type 2 AC (22 kW); Bharat DC-001 (15 kW),24/7 Security; EV Signs; Parking
STN-IND-1094,"Puneet Automobiles, Faizabad Road",Public EV Network,Uttar Pradesh,Lucknow,"403-407, Tiwariganj Near BBD University, Faizabad Road, Lucknow - 226028",26.892843,81.0728,Dual AC/DC Fast,Fast,30,415V AC / 400V DC,24/7 Always Open,₹15 - ₹19 / kWh,4,2,2,0,Available,CCS-2 (30 kW DC); Type 2 AC (22 kW); Bharat DC-001 (15 kW),24/7 Security; EV Signs; Parking
STN-IND-1095,"Bikano Restaurant, NH-58",Public EV Network,Uttar Pradesh,Muzaffarnagar,"Bikano Restaurant, NH-58 Rampur Tiraha Roorkee Road Muzaffarnagar-251202",29.524815,77.719578,Dual AC/DC Fast,Fast,30,415V AC / 400V DC,09:00 AM - 11:00 PM,₹15 - ₹19 / kWh,4,4,0,0,Available,CCS-2 (30 kW DC); Type 2 AC (22 kW); Bharat DC-001 (15 kW),Dining / Cafe; EV Signs; Parking; Restroom
STN-IND-1096,"Fun & Food Carnival, NH 58",Public EV Network,Uttar Pradesh,Muzaffarnagar,"Fun & Food carnival, Bhainsi NH-58 National Highway Khatauli, Muzaffarnagar-251201",29.309704,77.722104,Dual AC/DC Fast,Fast,30,415V AC / 400V DC,24/7 Always Open,₹15 - ₹19 / kWh,4,3,1,0,Available,CCS-2 (30 kW DC); Type 2 AC (22 kW); Bharat DC-001 (15 kW),24/7 Security; Dining / Cafe; EV Signs; Parking; Restroom
STN-IND-1097,"GenX Agra, NH 19",Public EV Network,Uttar Pradesh,Agra,"NH19, SikandraBainpurMustkil, Agra, Uttar Pradesh 282007",27.220781,77.930954,Dual AC/DC Fast,Fast,30,415V AC / 400V DC,24/7 Always Open,₹15 - ₹19 / kWh,4,1,3,0,Available,CCS-2 (30 kW DC); Type 2 AC (22 kW); Bharat DC-001 (15 kW),24/7 Security; EV Signs; Parking
STN-IND-1098,"GenX Le Crescent, Indirapuram",Public EV Network,Uttar Pradesh,Ghaziabad,"Plot No, II, Mall Rd, Ahinsa Khand 2, Indirapuram, Ghaziabad, Uttar Pradesh 201014",28.646631,77.384303,Dual AC/DC Fast,Fast,30,415V AC / 400V DC,24/7 Always Open,₹15 - ₹19 / kWh,4,2,1,1,Available,CCS-2 (30 kW DC); Type 2 AC (22 kW); Bharat DC-001 (15 kW),24/7 Security; ATM; EV Signs; Parking; Restroom; Shopping Mall; Wi-Fi
STN-IND-1099,GenX Corbett Tiger Den,Public EV Network,Uttarkhand,Ramnagar,"Village: PattaPani, Belparao, Ramnagar, Uttarakhand 244715",29.313755,79.195092,Dual AC/DC Fast,Fast,30,415V AC / 400V DC,24/7 Always Open,₹15 - ₹19 / kWh,4,2,2,0,Available,CCS-2 (30 kW DC); Type 2 AC (22 kW); Bharat DC-001 (15 kW),24/7 Security; EV Signs; Parking
STN-IND-1100,Sparsh Hotels by Clarks Collection,Public EV Network,Uttar Pradesh,Bareilly,"OPP.SURESH SHARMA NAGAR CHAURAHA, PILIBHIT BY-PASS ROAD,Bareiily., Bareilly u00e2u0080u0093 243001",28.3826,79.386066,Dual AC/DC Fast,Fast,30,415V AC / 400V DC,24/7 Always Open,₹15 - ₹19 / kWh,4,4,0,0,Available,CCS-2 (30 kW DC); Type 2 AC (22 kW); Bharat DC-001 (15 kW),24/7 Security; Dining / Cafe; EV Signs; Parking; Restroom
STN-IND-1101,"Grand Vehicles, Mahobewala",Public EV Network,Uttarakhand,Dehradun,"Saharanpur Road, Mahobewala Chowk, Dehradun, Uttarakhand 248002",30.268388,77.984897,Dual AC/DC Fast,Fast,30,415V AC / 400V DC,24/7 Always Open,₹15 - ₹19 / kWh,4,3,1,0,Available,CCS-2 (30 kW DC); Type 2 AC (22 kW); Bharat DC-001 (15 kW),24/7 Security; EV Signs; Parking
STN-IND-1102,"One Earth Haridwar, Motichur",Public EV Network,Uttarakhand,Haridwar,"One Earth Haridwar near, dudhadhari chowk, Motichur, Haridwar, Uttarakhand 24941",29.978738,78.181807,Dual AC/DC Fast,Fast,30,415V AC / 400V DC,24/7 Always Open,₹15 - ₹19 / kWh,4,1,3,0,Available,CCS-2 (30 kW DC); Type 2 AC (22 kW); Bharat DC-001 (15 kW),24/7 Security; EV Signs; Parking
STN-IND-1103,Clarks Collection Epicure,Public EV Network,Uttarakhand,Dehradun,"Chakarata Road Clarks Collection Epicure, Nanda Ki Chowki, Dehradun, Uttarakhand248007",30.34302,77.953942,Dual AC/DC Fast,Fast,30,415V AC / 400V DC,24/7 Always Open,₹15 - ₹19 / kWh,4,2,1,1,Available,CCS-2 (30 kW DC); Type 2 AC (22 kW); Bharat DC-001 (15 kW),24/7 Security; EV Signs; Parking
STN-IND-1104,"Auto Hi-Tech, Southern Avenue",Public EV Network,West Bengal,Kolkata,"No 34 A, Chandra Nath Roy Rd, near Anandadham, Topsia, Kolkata, West Bengal 700039",22.531074,88.385612,Dual AC/DC Fast,Fast,30,415V AC / 400V DC,24/7 Always Open,₹15 - ₹19 / kWh,4,2,2,0,Available,CCS-2 (30 kW DC); Type 2 AC (22 kW); Bharat DC-001 (15 kW),24/7 Security; EV Signs; Parking
STN-IND-1105,"Banerjee Automobiles, NH 2 Chandul",Public EV Network,West Bengal,Bardhaman,"Ferighat Parking, NH2, Fagupur PO, Burdhaman(purba) Chandul Mouza West Bengal - 713101n",23.273896,87.809499,Dual AC/DC Fast,Fast,30,415V AC / 400V DC,24/7 Always Open,₹15 - ₹19 / kWh,4,4,0,0,Available,CCS-2 (30 kW DC); Type 2 AC (22 kW); Bharat DC-001 (15 kW),24/7 Security; EV Signs; Parking
STN-IND-1106,The Golkonda Hotel,Public EV Network,Telangana,Hyderabad,"The Golkonda Hotel, Ambedkar Nagar, Masab Tank, Hyderabad Telangana 500004",17.4,78.45,DC Fast Charger,Superfast,50,400V - 800V DC,24/7 Always Open,₹18 - ₹22 / kWh,4,3,1,0,Available,CCS-2 (60 kW DC); CHAdeMO (50 kW DC); Bharat DC-001 (15 kW),24/7 Security; Dining / Cafe; EV Signs; Parking; Restroom
STN-IND-1107,Sri Sai Dhaba - Jedcharla,Public EV Network,Telangana,Palem,"CW8R+Q54, Telangana 509219 Jedcharla Telangana 509219",16.42,77.94,DC Fast Charger,Superfast,50,400V - 800V DC,24/7 Always Open,₹18 - ₹22 / kWh,4,1,3,0,Available,CCS-2 (60 kW DC); CHAdeMO (50 kW DC); Bharat DC-001 (15 kW),24/7 Security; Dining / Cafe; EV Signs; Parking; Restroom
STN-IND-1108,Palm Meadows,Public EV Network,Telangana,Hyderabad,"Palm Meadows Rd, Laxmi Nagar Colony, Kompally Hyderabad Telangana 500100",17.56,78.48,DC Fast Charger,Superfast,50,400V - 800V DC,24/7 Always Open,₹18 - ₹22 / kWh,4,2,1,1,Available,CCS-2 (60 kW DC); CHAdeMO (50 kW DC); Bharat DC-001 (15 kW),24/7 Security; EV Signs; Parking
STN-IND-1109,Sohini Tech Park,Public EV Network,Telangana,Hyderabad,"Nanakramguda Road, Financial district, Gachibowli Hyderabad Telangana 500032",17.42,78.35,DC Fast Charger,Superfast,50,400V - 800V DC,24/7 Always Open,₹18 - ₹22 / kWh,4,2,2,0,Available,CCS-2 (60 kW DC); CHAdeMO (50 kW DC); Bharat DC-001 (15 kW),24/7 Security; EV Signs; Parking
STN-IND-1110,Hotel Gangothri,Public EV Network,Andra Pradesh,Kodikonda,"Kodikonda Checkpost (V), Chilamathur (Mandal), Anantapur Andhra pradesh 515601",13.83,77.74,DC Fast Charger,Superfast,50,400V - 800V DC,24/7 Always Open,₹18 - ₹22 / kWh,4,4,0,0,Available,CCS-2 (60 kW DC); CHAdeMO (50 kW DC); Bharat DC-001 (15 kW),24/7 Security; Dining / Cafe; EV Signs; Parking; Restroom
STN-IND-1111,Exotikka Restaurant,Public EV Network,Andra Pradesh,Ananthapur,"survey no- 155, NH44, beside TATA show room. Kakkala palli village Anantapur 515001.",14.65,77.58,DC Fast Charger,Superfast,50,400V - 800V DC,09:00 AM - 11:00 PM,₹18 - ₹22 / kWh,4,3,1,0,Available,CCS-2 (60 kW DC); CHAdeMO (50 kW DC); Bharat DC-001 (15 kW),Dining / Cafe; EV Signs; Parking; Restroom
STN-IND-1112,"Magenta TTC, Turbhe",Public EV Network,Maharashtra,Navi Mumbai,"Magenta House, D-285, TTC Industrial Area, nTurbhe, Near Unitech Motors, Navi Mumbai, Maharashtra",19.068579,73.022744,DC Fast Charger,Superfast,50,400V - 800V DC,24/7 Always Open,₹18 - ₹22 / kWh,4,1,3,0,Available,CCS-2 (60 kW DC); CHAdeMO (50 kW DC); Bharat DC-001 (15 kW),24/7 Security; EV Signs; Parking
STN-IND-1113,The Fern An Ecotel Hotel,Public EV Network,Maharashtra,Lonavala,"84/1 to 4/2, Valvan, Maval, Lonavla, nMaharashtra 410401",18.762841,73.426751,DC Fast Charger,Superfast,50,400V - 800V DC,24/7 Always Open,₹18 - ₹22 / kWh,4,2,1,1,Available,CCS-2 (60 kW DC); CHAdeMO (50 kW DC); Bharat DC-001 (15 kW),24/7 Security; Dining / Cafe; EV Signs; Parking; Restroom
STN-IND-1114,"Hotel Fern Zinc, Whitefield",Public EV Network,Karnataka,Bengaluru,"1528, Channasandra Main Rd, beside Global nSchool, Vijayanagara, Whitefield, Bengaluru, nKarnataka 560067",12.977852,77.756671,DC Fast Charger,Superfast,50,400V - 800V DC,24/7 Always Open,₹18 - ₹22 / kWh,4,2,2,0,Available,CCS-2 (60 kW DC); CHAdeMO (50 kW DC); Bharat DC-001 (15 kW),24/7 Security; Dining / Cafe; EV Signs; Parking; Restroom
STN-IND-1115,Amanora Park Town,Public EV Network,Maharashtra,Pune,"Amanora Park Town, Amanora, Magarpatta nRd, Hadapsar, Pune, Maharashtra, 411028",18.518484,73.941377,DC Fast Charger,Superfast,50,400V - 800V DC,24/7 Always Open,₹18 - ₹22 / kWh,4,4,0,0,Available,CCS-2 (60 kW DC); CHAdeMO (50 kW DC); Bharat DC-001 (15 kW),24/7 Security; EV Signs; Parking
STN-IND-1116,Xavier Institute of Engineering,Public EV Network,Maharashtra,Mumbai,"Opposite S.L.Raheja Hospital, Mahim nCauseway, Mahim (West), Raheja Hospital nMarg, Mumbai, Maharashtra 400016",19.045278,72.841682,DC Fast Charger,Superfast,50,400V - 800V DC,24/7 Always Open,₹18 - ₹22 / kWh,4,3,1,0,Available,CCS-2 (60 kW DC); CHAdeMO (50 kW DC); Bharat DC-001 (15 kW),24/7 Security; EV Signs; Parking
STN-IND-1117,"HPCL auto care, Sajgaon",HPCL Energy,Maharashtra,Sajgaon,"Sajgaon HPCL petrol pump, Mumbai-Pune nExpressway",18.79344,73.297239,DC Fast Charger,Superfast,50,400V - 800V DC,24/7 Always Open,₹18 - ₹22 / kWh,4,1,3,0,Available,CCS-2 (60 kW DC); CHAdeMO (50 kW DC); Bharat DC-001 (15 kW),24/7 Security; Air Pump; Convenience Store; EV Signs; Parking; Restroom
STN-IND-1118,"UK 27, The Fern",Public EV Network,Maharashtra,Belgavi,"UK27, Fern, Ayodhya Nagar, Sadashiv Nagar, nBelagavi",15.874912,74.513408,DC Fast Charger,Superfast,50,400V - 800V DC,24/7 Always Open,₹18 - ₹22 / kWh,4,2,1,1,Available,CCS-2 (60 kW DC); CHAdeMO (50 kW DC); Bharat DC-001 (15 kW),24/7 Security; EV Signs; Parking
STN-IND-1119,Fern Residency Karad,Public EV Network,Maharashtra,Karad,"The Fern Residency,NH-4 At Munde, Tal, nKarad",17.297609,74.166333,DC Fast Charger,Superfast,50,400V - 800V DC,24/7 Always Open,₹18 - ₹22 / kWh,4,2,2,0,Available,CCS-2 (60 kW DC); CHAdeMO (50 kW DC); Bharat DC-001 (15 kW),24/7 Security; EV Signs; Parking
STN-IND-1120,"Anjappar Chettinad A/C Restaurant, Nazarathpettai",HPCL Energy,Tamil Nadu,Chennai,"NH 48, Nazarathpettai, Tamil Nadu 600123",13.046914,80.079324,DC Fast Charger,Superfast,50,400V - 800V DC,09:00 AM - 11:00 PM,₹18 - ₹22 / kWh,4,4,0,0,Available,CCS-2 (60 kW DC); CHAdeMO (50 kW DC); Bharat DC-001 (15 kW),Air Pump; Convenience Store; Dining / Cafe; EV Signs; Parking; Restroom
STN-IND-1121,"Ocean Spray Resort, Manjakuppam",Public EV Network,Tamil Nadu,Pondicherry,"No: 7, 8, 9, SH 49, Manjakuppam, Tamil Nadu 60430",12.065875,79.880271,DC Fast Charger,Superfast,50,400V - 800V DC,24/7 Always Open,₹18 - ₹22 / kWh,4,3,1,0,Available,CCS-2 (60 kW DC); CHAdeMO (50 kW DC); Bharat DC-001 (15 kW),24/7 Security; Dining / Cafe; EV Signs; Parking; Restroom
STN-IND-1122,"Prashanth Charging Station, Chidambaram",Public EV Network,Tamil Nadu,Chidambaram,"SH 212, Kadavul Nagar,",11.40803,79.673903,DC Fast Charger,Superfast,50,400V - 800V DC,24/7 Always Open,₹18 - ₹22 / kWh,4,1,3,0,Available,CCS-2 (60 kW DC); CHAdeMO (50 kW DC); Bharat DC-001 (15 kW),24/7 Security; EV Signs; Parking
STN-IND-1123,Hotel Gem Park,Public EV Network,Tamil Nadu,Ooty,"Sheddon Road, Pudumund Ooty Tamilnadu 643001",11.42,76.7,DC Fast Charger,Superfast,50,400V - 800V DC,24/7 Always Open,₹18 - ₹22 / kWh,4,2,1,1,Available,CCS-2 (60 kW DC); CHAdeMO (50 kW DC); Bharat DC-001 (15 kW),24/7 Security; Dining / Cafe; EV Signs; Parking; Restroom
STN-IND-1124,Hotel Aryaas Veg | Pallikonda,Public EV Network,Tamil Nadu,Pallikonda,"HOTEL ARYAAS, NH-4, Veppangal, Pallikonda, Tamil Nadu 635809",12.907131,78.962018,DC Fast Charger,Superfast,50,400V - 800V DC,24/7 Always Open,₹18 - ₹22 / kWh,4,2,2,0,Available,CCS-2 (60 kW DC); CHAdeMO (50 kW DC); Bharat DC-001 (15 kW),24/7 Security; Dining / Cafe; EV Signs; Parking; Restroom
STN-IND-1125,Hotel Sri Nanjundeshwara I Tumkur,Public EV Network,Karnataka,Tumkur,"Hotel Nanjundeshwara, Veg Restaurant, NH 48, Sannappana Palya, Pandithanahalli, Karnataka 572104",13.285242,77.182996,DC Fast Charger,Superfast,50,400V - 800V DC,24/7 Always Open,₹18 - ₹22 / kWh,4,4,0,0,Available,CCS-2 (60 kW DC); CHAdeMO (50 kW DC); Bharat DC-001 (15 kW),24/7 Security; Dining / Cafe; EV Signs; Parking; Restroom
STN-IND-1126,Cassia Restaurant I Alappuzha,Public EV Network,Tamil Nadu,Alappuzha,"Cassia Restaurant, NH -47, Kommady, Alappuzha, Kerala 688008",9.518874,76.327417,DC Fast Charger,Superfast,50,400V - 800V DC,09:00 AM - 11:00 PM,₹18 - ₹22 / kWh,4,3,1,0,Available,CCS-2 (60 kW DC); CHAdeMO (50 kW DC); Bharat DC-001 (15 kW),Dining / Cafe; EV Signs; Parking; Restroom
STN-IND-1127,Wyte Portico Hotel I Adoor,Public EV Network,Karala,Adoor,"Wyte Portico Hotel, High School Jn, Karuvatta, Adoor, Kerala 691523",9.162173,76.721936,DC Fast Charger,Superfast,50,400V - 800V DC,24/7 Always Open,₹18 - ₹22 / kWh,4,1,3,0,Available,CCS-2 (60 kW DC); CHAdeMO (50 kW DC); Bharat DC-001 (15 kW),24/7 Security; Dining / Cafe; EV Signs; Parking; Restroom
STN-IND-1128,Hotel Kalyan Grand I Vandalur,Public EV Network,Tamil Nadu,"Vandalur, Chennai","Kalyan Grand - a business hotel, 247 Grand Southern Trunk Rd, Next to Vandalur Zoo, Chennai, Tamil Nadu 600048",12.873511,80.078554,DC Fast Charger,Superfast,50,400V - 800V DC,24/7 Always Open,₹18 - ₹22 / kWh,4,2,1,1,Available,CCS-2 (60 kW DC); CHAdeMO (50 kW DC); Bharat DC-001 (15 kW),24/7 Security; Dining / Cafe; EV Signs; Parking; Restroom
STN-IND-1129,Hotel Subbanna | Karur,Public EV Network,Tamil Nadu,Karur,"Madurai Byepass Road Service Road, L G B Nagar, Tamil Nadu 639001",10.957778,78.060586,DC Fast Charger,Superfast,50,400V - 800V DC,24/7 Always Open,₹18 - ₹22 / kWh,4,2,2,0,Available,CCS-2 (60 kW DC); CHAdeMO (50 kW DC); Bharat DC-001 (15 kW),24/7 Security; Dining / Cafe; EV Signs; Parking; Restroom
STN-IND-1130,Charge Zone,Public EV Network,Gujarat,Vapi,"GJ | Vapi |Shanti-Complex ,Shanti Complex, Beside King Ford Near Jalaram Temple, NH-8, Vapi, Gujarat 396191",20.380004,72.914853,DC Fast Charger,Superfast,50,400V - 800V DC,24/7 Always Open,₹18 - ₹22 / kWh,4,4,0,0,Available,CCS-2 (60 kW DC); CHAdeMO (50 kW DC); Bharat DC-001 (15 kW),24/7 Security; ATM; EV Signs; Parking; Restroom; Shopping Mall; Wi-Fi
STN-IND-1131,Charge Zone,Public EV Network,Maharashtra,Kasara,"MH | Kasara | Hotel Vrundavan,Hotel Vrindavan, Mumbai nasik highway,near indian petrol pump,mukhavane,kasara, dist thane, Kasara, Maharashtra 421601",19.627518,73.448035,DC Fast Charger,Superfast,50,400V - 800V DC,24/7 Always Open,₹18 - ₹22 / kWh,4,3,1,0,Available,CCS-2 (60 kW DC); CHAdeMO (50 kW DC); Bharat DC-001 (15 kW),24/7 Security; Air Pump; Convenience Store; Dining / Cafe; EV Signs; Parking; Restroom
STN-IND-1132,Charge Zone,Public EV Network,Maharashtra,Sangli,"MH | Sangli | Mehta Petroleum,Miraj Rd, Samasta nagar, Miraj, Maharashtra 416410",18.791049,73.298455,DC Fast Charger,Superfast,50,400V - 800V DC,24/7 Always Open,₹18 - ₹22 / kWh,4,1,3,0,Available,CCS-2 (60 kW DC); CHAdeMO (50 kW DC); Bharat DC-001 (15 kW),24/7 Security; Air Pump; Convenience Store; EV Signs; Parking; Restroom
STN-IND-1133,Charge Zone,Public EV Network,Maharashtra,Mumbai,"MH | Mumbai | The Westin Mumbai Powai Lake,The Westin Mumbai Powai Lake  Kailash Nagar, Morarji Nagar, Powai, Mumbai, Maharashtra 400076",19.133659,72.900817,DC Fast Charger,Superfast,50,400V - 800V DC,24/7 Always Open,₹18 - ₹22 / kWh,4,2,1,1,Available,CCS-2 (60 kW DC); CHAdeMO (50 kW DC); Bharat DC-001 (15 kW),24/7 Security; EV Signs; Parking
STN-IND-1134,Charge Zone,Public EV Network,Maharashtra,Mumbai,"MH | Mumbai | NSCI - Worli,NSCI, Lala Lajpatrai Marg, Lotus Colony, Worli, Mumbai, Maharashtra 400018",18.986222,72.814944,DC Fast Charger,Superfast,50,400V - 800V DC,24/7 Always Open,₹18 - ₹22 / kWh,4,2,2,0,Available,CCS-2 (60 kW DC); CHAdeMO (50 kW DC); Bharat DC-001 (15 kW),24/7 Security; EV Signs; Parking
STN-IND-1135,Charge Zone,Public EV Network,Rajasthan,Behror,"RJ | Behror Village | Hotel Express Highway,National Highway 8, Delhi - Jaipur Expy, Behror, Rajasthan 301701",27.857413,76.264046,DC Fast Charger,Superfast,50,400V - 800V DC,24/7 Always Open,₹18 - ₹22 / kWh,4,4,0,0,Available,CCS-2 (60 kW DC); CHAdeMO (50 kW DC); Bharat DC-001 (15 kW),24/7 Security; Dining / Cafe; EV Signs; Parking; Restroom
STN-IND-1136,Charge Zone,Public EV Network,Uttar Pradesh,Aligarh,"UP | Aligarh | Hotel Food Bell,Ogarnagala Rajoo, Opposite Reliance fuel point, Uttar Pradesh 202136",28.023665,77.973842,DC Fast Charger,Superfast,50,400V - 800V DC,24/7 Always Open,₹18 - ₹22 / kWh,4,3,1,0,Available,CCS-2 (60 kW DC); CHAdeMO (50 kW DC); Bharat DC-001 (15 kW),24/7 Security; Air Pump; Convenience Store; Dining / Cafe; EV Signs; Parking; Restroom
STN-IND-1137,Charge Zone,Public EV Network,Karnataka,Bengaluru,"KA | Bengaluru | Marriott Hotel Whitefield ,Plot No 75, 8th Rd, EPIP Zone, Whitefield, Bengaluru, Karnataka 560066",12.979233,77.728456,DC Fast Charger,Superfast,50,400V - 800V DC,24/7 Always Open,₹18 - ₹22 / kWh,4,1,3,0,Available,CCS-2 (60 kW DC); CHAdeMO (50 kW DC); Bharat DC-001 (15 kW),24/7 Security; Dining / Cafe; EV Signs; Parking; Restroom
STN-IND-1138,Tata Power,Tata Power EZ Charge,West Bengal,Kolkata,"IOCL COCO Opp Nature Park, Makalhati MAuza, Makalhati Mauza, Kolkata, West Bengal 700088",22.52299,88.29081,Dual AC/DC Fast,Fast,30,415V AC / 400V DC,24/7 Always Open,₹15 - ₹19 / kWh,4,2,1,1,Available,CCS-2 (30 kW DC); Type 2 AC (22 kW); Bharat DC-001 (15 kW),24/7 Security; Air Pump; Convenience Store; EV Signs; Parking; Restroom
STN-IND-1139,Tata Power,Tata Power EZ Charge,West Bengal,Durgapur,"Kejriwal Castings, Gopalpur, Kejriwal Castings Limited, Bamunara, Gopalpur Road, Gopalpur, Durgapur, West Bengal 713212",23.498815,87.377675,Dual AC/DC Fast,Fast,30,415V AC / 400V DC,24/7 Always Open,₹15 - ₹19 / kWh,4,2,2,0,Available,CCS-2 (30 kW DC); Type 2 AC (22 kW); Bharat DC-001 (15 kW),24/7 Security; EV Signs; Parking
STN-IND-1140,Tata Power,Tata Power EZ Charge,West Bengal,Digha,"Le ROI, Digha, 3, Multi - MFC, Ambition Hotels Pvt Ltd, Digha Railway Station, West Bengal-721463",21.623312,87.508939,Dual AC/DC Fast,Fast,30,415V AC / 400V DC,24/7 Always Open,₹15 - ₹19 / kWh,4,4,0,0,Available,CCS-2 (30 kW DC); Type 2 AC (22 kW); Bharat DC-001 (15 kW),24/7 Security; Dining / Cafe; EV Signs; Parking; Restroom
STN-IND-1141,Tata Power,Tata Power EZ Charge,Uttarakhand,Rudrapur,"Ginger Hotel, Patnanagar, Ginger Hotel Pantnagar Plot No. 1, Commercial Sector, IIE, SIDCUL Pantnagar, Rudrapur 263153",29.006961,79.401351,Dual AC/DC Fast,Fast,30,415V AC / 400V DC,24/7 Always Open,₹15 - ₹19 / kWh,4,3,1,0,Available,CCS-2 (30 kW DC); Type 2 AC (22 kW); Bharat DC-001 (15 kW),24/7 Security; Dining / Cafe; EV Signs; Parking; Restroom
STN-IND-1142,Tata Power,Tata Power EZ Charge,Uttarakhand,Nainital,"Le ROI, Corbett, Village Dhikuli, Le Roi Resort, Nainital, Uttarakhand - 244715",29.458587,79.145012,Dual AC/DC Fast,Fast,30,415V AC / 400V DC,24/7 Always Open,₹15 - ₹19 / kWh,4,1,3,0,Available,CCS-2 (30 kW DC); Type 2 AC (22 kW); Bharat DC-001 (15 kW),24/7 Security; Dining / Cafe; EV Signs; Parking; Restroom
STN-IND-1143,Tata Power,Tata Power EZ Charge,Uttarakhand,Haridwar,"Le ROI, Haridwar, Multifunctional Complex, Haridwar Railway Station 249401",29.947655,78.155635,Dual AC/DC Fast,Fast,30,415V AC / 400V DC,24/7 Always Open,₹15 - ₹19 / kWh,4,2,1,1,Available,CCS-2 (30 kW DC); Type 2 AC (22 kW); Bharat DC-001 (15 kW),24/7 Security; ATM; EV Signs; Parking; Restroom; Shopping Mall; Wi-Fi
STN-IND-1144,Tata Power,Tata Power EZ Charge,Uttarakhand,Haridwar,"Hyphen Grand, near Radisson, Hyphen Grand Hotel, Pentagon Mall ,Sidcul Industrial Area, near Radisson, Haridwar, Uttarakhand 249403",29.947749,78.075249,Dual AC/DC Fast,Fast,30,415V AC / 400V DC,24/7 Always Open,₹15 - ₹19 / kWh,4,2,2,0,Available,CCS-2 (30 kW DC); Type 2 AC (22 kW); Bharat DC-001 (15 kW),24/7 Security; ATM; Dining / Cafe; EV Signs; Parking; Restroom; Shopping Mall; Wi-Fi
STN-IND-1145,Tata Power,Tata Power EZ Charge,Uttar Pradesh,Noida,"Shiva Motocorp, Sec-5 , Shiva Motocorp - A Unit of Narnoli Apparels Pvt. Ltd.  Plot A-108, Jaguar Land-rover showroom, Sector-5, Noida - 201301",28.592257,77.322172,Dual AC/DC Fast,Fast,30,415V AC / 400V DC,24/7 Always Open,₹15 - ₹19 / kWh,4,4,0,0,Available,CCS-2 (30 kW DC); Type 2 AC (22 kW); Bharat DC-001 (15 kW),24/7 Security; EV Signs; Parking
STN-IND-1146,Tata Power,Tata Power EZ Charge,Uttar Pradesh,Noida,"IOCL - COCO EPE Aurangpur, Gautam Budh Nagar, Plot No, CH-95, 600, VILLAGE-AURANGPUR, On Eastern Peripheral Expressway, , Gautam Buddha Nagar,UP- 201301",28.346036,77.513608,Dual AC/DC Fast,Fast,30,415V AC / 400V DC,24/7 Always Open,₹15 - ₹19 / kWh,4,3,1,0,Available,CCS-2 (30 kW DC); Type 2 AC (22 kW); Bharat DC-001 (15 kW),24/7 Security; Air Pump; Convenience Store; EV Signs; Parking; Restroom
STN-IND-1147,Tata Power,Tata Power EZ Charge,Uttar Pradesh,Meerut,"Hyphen Premier Hotel, Major Dhyanchand Nagar, Hyphen Premier Hotel, Shopprix Mall, Hapur Bypass Delhi, Delhi - Meerut Expy, Major Dhyanchand Nagar, Meerut, Uttar Pradesh 250001",28.94828,77.675485,Dual AC/DC Fast,Fast,30,415V AC / 400V DC,24/7 Always Open,₹15 - ₹19 / kWh,4,1,3,0,Available,CCS-2 (30 kW DC); Type 2 AC (22 kW); Bharat DC-001 (15 kW),24/7 Security; ATM; Dining / Cafe; EV Signs; Parking; Restroom; Shopping Mall; Wi-Fi
STN-IND-1148,Tata Power,Tata Power EZ Charge,Uttar Pradesh,Lucknow,"Pinnacle by 1589 Hotels, LDA Colony, Sector D, C.P. - 151, Parag Rd, near Power House Chauraha, Sector D1, LDA Colony, Lucknow, Uttar Pradesh 226012",26.773724,80.900508,Dual AC/DC Fast,Fast,30,415V AC / 400V DC,24/7 Always Open,₹15 - ₹19 / kWh,4,2,1,1,Available,CCS-2 (30 kW DC); Type 2 AC (22 kW); Bharat DC-001 (15 kW),24/7 Security; Dining / Cafe; EV Signs; Parking; Restroom
STN-IND-1149,Tata Power,Tata Power EZ Charge,Tripura,Agartala,"Ginger Hotel, Airport Road, Ginger Hotel Agartala Khejur Bagan, Airport Road, Barjala Mouja, Agartala 799006",23.862068,91.282239,Dual AC/DC Fast,Fast,30,415V AC / 400V DC,24/7 Always Open,₹15 - ₹19 / kWh,4,2,2,0,Available,CCS-2 (30 kW DC); Type 2 AC (22 kW); Bharat DC-001 (15 kW),24/7 Security; Dining / Cafe; EV Signs; Parking; Restroom
STN-IND-1150,Tata Power,Tata Power EZ Charge,Telangana,Hyderabad,"Srinidhi Service Station, Nizampet, Survey No:305 part, Village: Nizampet, Mandal: Qutbullapur, District: Rangareddy, Telangana.Pin 500049",17.517565,78.380926,Dual AC/DC Fast,Fast,30,415V AC / 400V DC,24/7 Always Open,₹15 - ₹19 / kWh,4,4,0,0,Available,CCS-2 (30 kW DC); Type 2 AC (22 kW); Bharat DC-001 (15 kW),24/7 Security; EV Signs; Parking
STN-IND-1151,Tata Power,Tata Power EZ Charge,Telangana,Hyderabad,"Kona Vijay Shankar Filling Station, Bahadurpally, Plot Nos. 50, 51, 52 Part 53 Part, 54, 55, Survey No. 227/1, Bahadurpalle Village, Quthbullapur Mandal, Medchal Malkajgiri  District, Telangana State. PIN 500043",17.561621,78.430317,Dual AC/DC Fast,Fast,30,415V AC / 400V DC,24/7 Always Open,₹15 - ₹19 / kWh,4,3,1,0,Available,CCS-2 (30 kW DC); Type 2 AC (22 kW); Bharat DC-001 (15 kW),24/7 Security; EV Signs; Parking
STN-IND-1152,Tata Power,Tata Power EZ Charge,Tamil Nadu,Hosur,"True Sai, Agraharam, Survey No 46/ 1A and 47/1A Thorapalli Agraharam, Hosur, Tamil Nadu 635109",12.717075,77.876026,Dual AC/DC Fast,Fast,30,415V AC / 400V DC,24/7 Always Open,₹15 - ₹19 / kWh,4,1,3,0,Available,CCS-2 (30 kW DC); Type 2 AC (22 kW); Bharat DC-001 (15 kW),24/7 Security; EV Signs; Parking
STN-IND-1153,Tata Power,Tata Power EZ Charge,Rajasthan,Jaipur,"Clarks Collection, Govindpuri, 18, New Sanganer Rd, RoopVihar, Goverdhan Colony, Shiva Colony, Govindpuri, Jaipur, Rajasthan 302019",26.88776,75.76804,Dual AC/DC Fast,Fast,30,415V AC / 400V DC,24/7 Always Open,₹15 - ₹19 / kWh,4,2,1,1,Available,CCS-2 (30 kW DC); Type 2 AC (22 kW); Bharat DC-001 (15 kW),24/7 Security; EV Signs; Parking
STN-IND-1154,Tata Power,Tata Power EZ Charge,Rajasthan,Jaipur,"Akar Fourwheels, Jhotwara, Niwaru Rd, Kumasiya, Shivaji Nagar, Jhotwara, Jaipur, Rajasthan 302012",26.914272,75.75332,Dual AC/DC Fast,Fast,30,415V AC / 400V DC,24/7 Always Open,₹15 - ₹19 / kWh,4,2,2,0,Available,CCS-2 (30 kW DC); Type 2 AC (22 kW); Bharat DC-001 (15 kW),24/7 Security; EV Signs; Parking
STN-IND-1155,Tata Power,Tata Power EZ Charge,Rajasthan,Ajmer,"Mudgal Motors, Parbatpura, Mudgal motors, Jaipur Road Bypas, Parbatpura, Ajmer Rajasthan -305002",26.409926,74.661819,Dual AC/DC Fast,Fast,30,415V AC / 400V DC,24/7 Always Open,₹15 - ₹19 / kWh,4,4,0,0,Available,CCS-2 (30 kW DC); Type 2 AC (22 kW); Bharat DC-001 (15 kW),24/7 Security; EV Signs; Parking
STN-IND-1156,Tata Power,Tata Power EZ Charge,Punjab,Amritsar,"IOCL Mahal FS, Sultanwind, SULTANWIND, FROM TARA WALA FLY OVER TO TARN TARAN ROAD, TEHSIL & DISTT. AMRITSAR- 143001",31.599201,74.89145,Dual AC/DC Fast,Fast,30,415V AC / 400V DC,24/7 Always Open,₹15 - ₹19 / kWh,4,3,1,0,Available,CCS-2 (30 kW DC); Type 2 AC (22 kW); Bharat DC-001 (15 kW),24/7 Security; Air Pump; Convenience Store; EV Signs; Parking; Restroom
STN-IND-1157,Tata Power,Tata Power EZ Charge,Odisha,Kalinganagar,"Ginger Hotel, Nuagan, Ginger Hotel Kalinganagar SH 20, Nuagan, Odisha 755026",20.979188,86.0273,Dual AC/DC Fast,Fast,30,415V AC / 400V DC,24/7 Always Open,₹15 - ₹19 / kWh,4,1,3,0,Available,CCS-2 (30 kW DC); Type 2 AC (22 kW); Bharat DC-001 (15 kW),24/7 Security; Dining / Cafe; EV Signs; Parking; Restroom
STN-IND-1158,Tata Power,Tata Power EZ Charge,Andaman,Port Blair,"Gennext Motors , Pahargaon, Ground Floor New, Pahargaon, Port Blair, Andaman and Nicobar Islands 744103",11.630305,92.724835,Dual AC/DC Fast,Fast,30,415V AC / 400V DC,24/7 Always Open,₹15 - ₹19 / kWh,4,2,1,1,Available,CCS-2 (30 kW DC); Type 2 AC (22 kW); Bharat DC-001 (15 kW),24/7 Security; EV Signs; Parking
STN-IND-1159,Tata Power,Tata Power EZ Charge,Assam,Guwahati,"Ginger Hotel, Borbari, Ginger Hotel GuwahatiI HM Campus, VIP Road, Upper Hengrabari, Borbari, Guwahati 781036",26.147478,91.814529,Dual AC/DC Fast,Fast,30,415V AC / 400V DC,24/7 Always Open,₹15 - ₹19 / kWh,4,2,2,0,Available,CCS-2 (30 kW DC); Type 2 AC (22 kW); Bharat DC-001 (15 kW),24/7 Security; Dining / Cafe; EV Signs; Parking; Restroom
STN-IND-1160,Tata Power,Tata Power EZ Charge,Bihar,Purnea,"Shankar Motors, NH 31 Kishanganj Road, NH 31 Kishanganj Road, Damka, near Gulabbagh, Purnea, Bihar 854326",25.795256,87.559302,Dual AC/DC Fast,Fast,30,415V AC / 400V DC,24/7 Always Open,₹15 - ₹19 / kWh,4,4,0,0,Available,CCS-2 (30 kW DC); Type 2 AC (22 kW); Bharat DC-001 (15 kW),24/7 Security; EV Signs; Parking
STN-IND-1161,Tata Power,Tata Power EZ Charge,Chhattisgarh,Raipur,"Le ROI, Raipur, Raipur Railway Station, Loco Colony, Gudhiyari, Raipur, Chattisgarh - 492009",21.255366,81.62943,Dual AC/DC Fast,Fast,30,415V AC / 400V DC,24/7 Always Open,₹15 - ₹19 / kWh,4,3,1,0,Available,CCS-2 (30 kW DC); Type 2 AC (22 kW); Bharat DC-001 (15 kW),24/7 Security; EV Signs; Parking
STN-IND-1162,Tata Power,Tata Power EZ Charge,Maharashtra,Pune,"Hotel Swamiraj Executive, Pune-Solapur Highway, Hotel Swamiraj Executive, Opposite to Saradewadi Toll Plaza,, Pune-Solapur Highway,Indapur, Pune, Maharashtra 413106",18.095949,75.068207,Dual AC/DC Fast,Fast,30,415V AC / 400V DC,24/7 Always Open,₹15 - ₹19 / kWh,4,1,3,0,Available,CCS-2 (30 kW DC); Type 2 AC (22 kW); Bharat DC-001 (15 kW),24/7 Security; Dining / Cafe; EV Signs; Parking; Restroom
STN-IND-1163,Tata Power,Tata Power EZ Charge,Maharashtra,Pune,"Balajee Auto, Aundh, Phase 2, Siddarth Nagar Society, Aundh, Pune, Maharashtra 411007",18.567199,73.812297,Dual AC/DC Fast,Fast,30,415V AC / 400V DC,24/7 Always Open,₹15 - ₹19 / kWh,4,2,1,1,Available,CCS-2 (30 kW DC); Type 2 AC (22 kW); Bharat DC-001 (15 kW),24/7 Security; EV Signs; Parking
STN-IND-1164,Tata Power,Tata Power EZ Charge,Maharashtra,Panvel,"Hotel Pravin , Vishrali Naka, Pravin Smruti, Service Rd, Subhash Nagar, Vishrali Naka, Old Panvel, Navi Mumbai-410206",18.98164,73.11555,Dual AC/DC Fast,Fast,30,415V AC / 400V DC,24/7 Always Open,₹15 - ₹19 / kWh,4,2,2,0,Available,CCS-2 (30 kW DC); Type 2 AC (22 kW); Bharat DC-001 (15 kW),24/7 Security; Dining / Cafe; EV Signs; Parking; Restroom
STN-IND-1165,Tata Power,Tata Power EZ Charge,Maharashtra,Navi Mumbai,"Fortune Cars, Navi Mumbai, Plot No. D-400, TTC Industrial Area, MIDC, Near Uran Phata Signal, Nerul, Navi Mumbai, Maharashtra - 400706",19.03639,73.029907,Dual AC/DC Fast,Fast,30,415V AC / 400V DC,24/7 Always Open,₹15 - ₹19 / kWh,4,4,0,0,Available,CCS-2 (30 kW DC); Type 2 AC (22 kW); Bharat DC-001 (15 kW),24/7 Security; EV Signs; Parking
STN-IND-1166,Tata Power,Tata Power EZ Charge,Delhi,New Delhi,"MVID MCD Hospital, Mukherjee Nagar, MVID MCD Hospital Parking, Tagore Park Extension, Mukherjee Nagar, Delhi, 110009",28.703699,77.204473,Dual AC/DC Fast,Fast,30,415V AC / 400V DC,24/7 Always Open,₹15 - ₹19 / kWh,4,3,1,0,Available,CCS-2 (30 kW DC); Type 2 AC (22 kW); Bharat DC-001 (15 kW),24/7 Security; EV Signs; Parking
STN-IND-1167,Tata Power,Tata Power EZ Charge,Delhi,New Delhi,"Naniwala Bagh Commercial Complex, Azadpur, Commercial Complex, Gopal Nagar, Azadpur, New Delhi, Delhi 110009",28.709831,77.17765,Dual AC/DC Fast,Fast,30,415V AC / 400V DC,24/7 Always Open,₹15 - ₹19 / kWh,4,1,3,0,Available,CCS-2 (30 kW DC); Type 2 AC (22 kW); Bharat DC-001 (15 kW),24/7 Security; ATM; EV Signs; Parking; Restroom; Shopping Mall; Wi-Fi
STN-IND-1168,Tata Power,Tata Power EZ Charge,Delhi,New Delhi,"Netaji Subash Place, Pitampura, MCD, Netaji Subhash Place, Pitampura, Delhi, 110034",28.691279,77.152396,Dual AC/DC Fast,Fast,30,415V AC / 400V DC,24/7 Always Open,₹15 - ₹19 / kWh,4,2,1,1,Available,CCS-2 (30 kW DC); Type 2 AC (22 kW); Bharat DC-001 (15 kW),24/7 Security; EV Signs; Parking
STN-IND-1169,Tata Power,Tata Power EZ Charge,Maharashtra,Nagpur,"RawMatt CNG Filling Station, Wadi, Old Wadi Naka, No. 10, Amravati Rd, Wadi, Nagpur, Maharashtra 440023",21.154062,79.013159,Dual AC/DC Fast,Fast,30,415V AC / 400V DC,24/7 Always Open,₹15 - ₹19 / kWh,4,2,2,0,Available,CCS-2 (30 kW DC); Type 2 AC (22 kW); Bharat DC-001 (15 kW),24/7 Security; EV Signs; Parking
STN-IND-1170,Tata Power,Tata Power EZ Charge,Maharashtra,Mumbai,"The Taj Mahal Palace, Colaba, In front of Times Building , Apollo Bandar, Colaba, Mumbai, Maharashtra 400001",18.922795,72.833519,Dual AC/DC Fast,Fast,30,415V AC / 400V DC,24/7 Always Open,₹15 - ₹19 / kWh,4,4,0,0,Available,CCS-2 (30 kW DC); Type 2 AC (22 kW); Bharat DC-001 (15 kW),24/7 Security; EV Signs; Parking
STN-IND-1171,Tata Power,Tata Power EZ Charge,Delhi,New Delhi,"Parking Near Manglam Place, Rohini, MCD parking Near Mangalam Palace, Rohini Sector 3, 110085",28.698142,77.116451,Dual AC/DC Fast,Fast,30,415V AC / 400V DC,24/7 Always Open,₹15 - ₹19 / kWh,4,3,1,0,Available,CCS-2 (30 kW DC); Type 2 AC (22 kW); Bharat DC-001 (15 kW),24/7 Security; EV Signs; Parking
STN-IND-1172,Tata Power,Tata Power EZ Charge,Delhi,New Delhi,"PVR Naraina, Commercial Complex, Community Center, Goswami Girdhari Lal Marg, Industrial Area Phase I, Block B, Naraina Industrial Area Phase 1, Naraina, New Delhi, Delhi 110028",28.632109,77.137268,Dual AC/DC Fast,Fast,30,415V AC / 400V DC,24/7 Always Open,₹15 - ₹19 / kWh,4,1,3,0,Available,CCS-2 (30 kW DC); Type 2 AC (22 kW); Bharat DC-001 (15 kW),24/7 Security; ATM; EV Signs; Parking; Restroom; Shopping Mall; Wi-Fi
STN-IND-1173,Tata Power,Tata Power EZ Charge,Maharashtra,Mumbai,"Seven Hills Hospital, Andheri East, SevenHills Health City, Marol Maroshi Road, Andheri East, Mumbai, Maharashtra 400059",19.118831,72.87823,Dual AC/DC Fast,Fast,30,415V AC / 400V DC,24/7 Always Open,₹15 - ₹19 / kWh,4,2,1,1,Available,CCS-2 (30 kW DC); Type 2 AC (22 kW); Bharat DC-001 (15 kW),24/7 Security; EV Signs; Parking
STN-IND-1174,Tata Power,Tata Power EZ Charge,Delhi,New Delhi,"Ssensse Hotel, Sec 25, PLOT NO.28, POCKET 5A, SECTOR 25, ROHINI NEW Delhi 110085",28.735847,77.093263,Dual AC/DC Fast,Fast,30,415V AC / 400V DC,24/7 Always Open,₹15 - ₹19 / kWh,4,2,2,0,Available,CCS-2 (30 kW DC); Type 2 AC (22 kW); Bharat DC-001 (15 kW),24/7 Security; Dining / Cafe; EV Signs; Parking; Restroom
STN-IND-1175,Tata Power,Tata Power EZ Charge,Delhi,New Delhi,"Tanga Stand, Moti Nagar, MCD Parking, Tanga Stand Road, Motinagar metro station, Moti Nagar, Delhi, 110015",28.659123,77.143639,Dual AC/DC Fast,Fast,30,415V AC / 400V DC,24/7 Always Open,₹15 - ₹19 / kWh,4,4,0,0,Available,CCS-2 (30 kW DC); Type 2 AC (22 kW); Bharat DC-001 (15 kW),24/7 Security; EV Signs; Parking
STN-IND-1176,Tata Power,Tata Power EZ Charge,Delhi,New Delhi,"Videocon Tower, Jhandewalan, E3/15, Block E3, Jhandewalan Extension, Jhandewalan, New Delhi - 110005",28.644917,77.202513,Dual AC/DC Fast,Fast,30,415V AC / 400V DC,24/7 Always Open,₹15 - ₹19 / kWh,4,3,1,0,Available,CCS-2 (30 kW DC); Type 2 AC (22 kW); Bharat DC-001 (15 kW),24/7 Security; ATM; EV Signs; Parking; Restroom; Shopping Mall; Wi-Fi
STN-IND-1177,Tata Power,Tata Power EZ Charge,Maharashtra,Mumbai,"IOCL Sahara Hospitality, Vile Parle, opp. Domestic Airport, Navpada, Vile Parle East, Vile Parle, Mumbai, Maharashtra 400099",19.094122,72.85223,Dual AC/DC Fast,Fast,30,415V AC / 400V DC,24/7 Always Open,₹15 - ₹19 / kWh,4,1,3,0,Available,CCS-2 (30 kW DC); Type 2 AC (22 kW); Bharat DC-001 (15 kW),24/7 Security; Air Pump; Convenience Store; EV Signs; Parking; Restroom
STN-IND-1178,Tata Power,Tata Power EZ Charge,Gujarat,Ahmedabad,"EV Capital Ram Nagar, Sabarmati, 3HGQ+QV6, Ram Nagar, Sabarmati, Ahmedabad, Gujarat,380005",23.076996,72.589664,Dual AC/DC Fast,Fast,30,415V AC / 400V DC,24/7 Always Open,₹15 - ₹19 / kWh,4,2,1,1,Available,CCS-2 (30 kW DC); Type 2 AC (22 kW); Bharat DC-001 (15 kW),24/7 Security; EV Signs; Parking
STN-IND-1179,Tata Power,Tata Power EZ Charge,Gujarat,Ahmedabad,"Ginger Hotel, DriveIn Road, Ginger Hotel Ahmedabad Behind Himalaya Mall, DriveIn Road, Ahmedabad 380015",23.047141,72.531013,Dual AC/DC Fast,Fast,30,415V AC / 400V DC,24/7 Always Open,₹15 - ₹19 / kWh,4,2,2,0,Available,CCS-2 (30 kW DC); Type 2 AC (22 kW); Bharat DC-001 (15 kW),24/7 Security; ATM; Dining / Cafe; EV Signs; Parking; Restroom; Shopping Mall; Wi-Fi
STN-IND-1180,Tata Power,Tata Power EZ Charge,Gujarat,Ahmedabad,"IOCL Ashtavinayak Petroleum, Hirapur, Survey No.836, Hirapur Chaukadi, Village, Hirapur, Gujarat 382435",22.922329,72.711943,Dual AC/DC Fast,Fast,30,415V AC / 400V DC,24/7 Always Open,₹15 - ₹19 / kWh,4,4,0,0,Available,CCS-2 (30 kW DC); Type 2 AC (22 kW); Bharat DC-001 (15 kW),24/7 Security; Air Pump; Convenience Store; EV Signs; Parking; Restroom
STN-IND-1181,Tata Power,Tata Power EZ Charge,Gujarat,Ahmedabad,"Riya Autolink, Bodakdev, Near Rajpath Club,SG Highway,Ahmedabad,Gujarat-380054",23.03577,72.51,Dual AC/DC Fast,Fast,30,415V AC / 400V DC,24/7 Always Open,₹15 - ₹19 / kWh,4,3,1,0,Available,CCS-2 (30 kW DC); Type 2 AC (22 kW); Bharat DC-001 (15 kW),24/7 Security; EV Signs; Parking
STN-IND-1182,Tata Power,Tata Power EZ Charge,Gujarat,Ahmedabad,"Yash Motors, Narol, Opp mayauri trading company, near asopalav hotel, narol cross road, narol - pin - 382405",22.973461,72.582288,Dual AC/DC Fast,Fast,30,415V AC / 400V DC,24/7 Always Open,₹15 - ₹19 / kWh,4,1,3,0,Available,CCS-2 (30 kW DC); Type 2 AC (22 kW); Bharat DC-001 (15 kW),24/7 Security; Dining / Cafe; EV Signs; Parking; Restroom
STN-IND-1183,Tata Power,Tata Power EZ Charge,Gujarat,Rajkot,"IOCL Motamawa, Kalavad Road, Near Saraza, Opp Cosmoplex Cinema, Kalavad Rd, Rajkot, Gujarat 360005",22.269902,70.741577,Dual AC/DC Fast,Fast,30,415V AC / 400V DC,24/7 Always Open,₹15 - ₹19 / kWh,4,2,1,1,Available,CCS-2 (30 kW DC); Type 2 AC (22 kW); Bharat DC-001 (15 kW),24/7 Security; Air Pump; Convenience Store; EV Signs; Parking; Restroom
STN-IND-1184,Tata Power,Tata Power EZ Charge,Gujarat,Vapi,"Ginger Hotel, Salvav, Ginger Hotel Vapi Dream Honda, Opp. Empress Mall, NH-08, Salvav, Vapi, Gujarat-396191",20.414322,72.91809,Dual AC/DC Fast,Fast,30,415V AC / 400V DC,24/7 Always Open,₹15 - ₹19 / kWh,4,2,2,0,Available,CCS-2 (30 kW DC); Type 2 AC (22 kW); Bharat DC-001 (15 kW),24/7 Security; ATM; Dining / Cafe; EV Signs; Parking; Restroom; Shopping Mall; Wi-Fi
STN-IND-1185,Tata Power,Tata Power EZ Charge,Haryana,Faridabad,"AutoVikas, Sec -5, Plot no-2 Sector- 5 North India Compound, 20/3, Mathura Road Faridabad-121005",28.3628,77.314851,Dual AC/DC Fast,Fast,30,415V AC / 400V DC,24/7 Always Open,₹15 - ₹19 / kWh,4,4,0,0,Available,CCS-2 (30 kW DC); Type 2 AC (22 kW); Bharat DC-001 (15 kW),24/7 Security; EV Signs; Parking
STN-IND-1186,Tata Power,Tata Power EZ Charge,Maharashtra,Mumbai,"CR - Lokmanya Tilak Station, Kurla, Outside Platform 1, Beside LTT Pay and Park, LTT Station, Pipeline Rd, Tilak Nagar, Kurla, Mumbai, Maharashtra 400089",19.068262,72.890964,Dual AC/DC Fast,Fast,30,415V AC / 400V DC,24/7 Always Open,₹15 - ₹19 / kWh,4,3,1,0,Available,CCS-2 (30 kW DC); Type 2 AC (22 kW); Bharat DC-001 (15 kW),24/7 Security; EV Signs; Parking
STN-IND-1187,Tata Power,Tata Power EZ Charge,Maharashtra,Chouk,"Chowk Highway Service Centre, Old Mum-Pune highway, Nadhal, NH 48, Chouk,, Old Mumbai - Pune Hwy, Maharashtra 410206",18.90173,73.23436,Dual AC/DC Fast,Fast,30,415V AC / 400V DC,24/7 Always Open,₹15 - ₹19 / kWh,4,1,3,0,Available,CCS-2 (30 kW DC); Type 2 AC (22 kW); Bharat DC-001 (15 kW),24/7 Security; EV Signs; Parking
STN-IND-1188,Tata Power,Tata Power EZ Charge,Madhya Pradesh,Bhopal,"Hriday Cars, Hoshangabad Road, Near Shiv Mandir , Ahmedpur Kalan Hoshangabad Road Bhopal 462026",23.189113,77.451554,Dual AC/DC Fast,Fast,30,415V AC / 400V DC,24/7 Always Open,₹15 - ₹19 / kWh,4,2,1,1,Available,CCS-2 (30 kW DC); Type 2 AC (22 kW); Bharat DC-001 (15 kW),24/7 Security; EV Signs; Parking
STN-IND-1189,Tata Power,Tata Power EZ Charge,Kerala,Pathanamthitta,"MK Motors, Churulikkodu Pathanamthitta, Milan Plaza, Churulikkodu, Pathanamthitta, Kerala 689668",9.274402,76.763741,Dual AC/DC Fast,Fast,30,415V AC / 400V DC,24/7 Always Open,₹15 - ₹19 / kWh,4,2,2,0,Available,CCS-2 (30 kW DC); Type 2 AC (22 kW); Bharat DC-001 (15 kW),24/7 Security; EV Signs; Parking
STN-IND-1190,Tata Power,Tata Power EZ Charge,Kerala,Munnar,"Gokulam Park Munnar, Power House Road, South Chithirapuram, Power House Road, Munnar - 685565",10.029793,77.045859,Dual AC/DC Fast,Fast,30,415V AC / 400V DC,24/7 Always Open,₹15 - ₹19 / kWh,4,4,0,0,Available,CCS-2 (30 kW DC); Type 2 AC (22 kW); Bharat DC-001 (15 kW),24/7 Security; EV Signs; Parking
STN-IND-1191,Tata Power,Tata Power EZ Charge,Haryana,Gurugram,"Vatika Town Square II, Sector 82, Sector 82, Vatika India Next, Haryana -122004",28.390459,76.9592,Dual AC/DC Fast,Fast,30,415V AC / 400V DC,24/7 Always Open,₹15 - ₹19 / kWh,4,3,1,0,Available,CCS-2 (30 kW DC); Type 2 AC (22 kW); Bharat DC-001 (15 kW),24/7 Security; ATM; EV Signs; Parking; Restroom; Shopping Mall; Wi-Fi
STN-IND-1192,Tata Power,Tata Power EZ Charge,Haryana,Gurugram,"Zedex TATA, Sec 48, GF-26, NIHO Scottish Mall, Sector 48, P.S. - Badshahpur, District - Gurugram 122001",28.411072,77.040546,Dual AC/DC Fast,Fast,30,415V AC / 400V DC,24/7 Always Open,₹15 - ₹19 / kWh,4,1,3,0,Available,CCS-2 (30 kW DC); Type 2 AC (22 kW); Bharat DC-001 (15 kW),24/7 Security; ATM; Air Pump; Convenience Store; EV Signs; Parking; Restroom; Shopping Mall; Wi-Fi
STN-IND-1193,Tata Power,Tata Power EZ Charge,Jammu and Kashmir,Jammu,"Le ROI, Jammu, Railway Station, Jammu, Jammu & Kashmir - 180003",32.706412,74.879203,Dual AC/DC Fast,Fast,30,415V AC / 400V DC,24/7 Always Open,₹15 - ₹19 / kWh,4,2,1,1,Available,CCS-2 (30 kW DC); Type 2 AC (22 kW); Bharat DC-001 (15 kW),24/7 Security; EV Signs; Parking
STN-IND-1194,Tata Power,Tata Power EZ Charge,Karnataka,Mangalore,"Auto Matrix, Bejai, Manjusha Building, Bejai, Mangalore, Karnataka 575004",12.885716,74.843476,Dual AC/DC Fast,Fast,30,415V AC / 400V DC,24/7 Always Open,₹15 - ₹19 / kWh,4,2,2,0,Available,CCS-2 (30 kW DC); Type 2 AC (22 kW); Bharat DC-001 (15 kW),24/7 Security; EV Signs; Parking
